name,address,phone,website
dalkora,,,https://www.koreatownnews.com/
dknet news,,,https://www.koreatownnews.com/
DK NET 뉴스,,,https://www.podbean.com/podcast-network/dknet
모기지 포유 Mortgage 4U (제니퍼 김),"99 Trophy Club Dr., Trophy Club TX 76262",214.973.0284,https://maps.google.com/maps?f=d&source=s_d&saddr=&daddr=99+Trophy+Club+Dr.%2C+Trophy+Club+TX+76262&z=16&iwloc=A&z=auto
Sarah Park 종합보험(Allstate ),"291 E. Round Grove Rd. Ste.145, Lewisville, TX 75067",972) 315-8200,https://maps.google.com/maps?f=d&source=s_d&saddr=&daddr=291+E.+Round+Grove+Rd.+Ste.145%2C+Lewisville%2C+TX+75067&z=16&iwloc=A&z=auto
[email protected],"291 E. Round Grove Rd. Ste.145, Lewisville, TX 75067",972) 315-8200,https://maps.google.com/maps?f=d&source=s_d&saddr=&daddr=291+E.+Round+Grove+Rd.+Ste.145%2C+Lewisville%2C+TX+75067&z=16&iwloc=A&z=auto
Avian's water Softener,"2669 AUtumn Ln, Frisco TX 75036",469-879-6611,https://www.aviancewater.com
[email protected],"2669 AUtumn Ln, Frisco TX 75036",469-879-6611,https://www.aviancewater.com
SAM MOON (Fort Worth),"9120 North Freeway, Fort Worth, TX 76177",817) 750-1800,https://sammoongroup.com
"(Mon-Thu) 9:30am ~ 7:00pm, (Fri-Sat) 9:30am ~ 8:00pm, (Sun) 12:00pm ~ 6:00pm","9120 North Freeway, Fort Worth, TX 76177",817) 750-1800,https://sammoongroup.com
강윤철 치과,"2625 Old Denton Rd #101, Carrollton, TX 75007",972-242-3737,http://www.bestdfwdentist.com
월-금: 오전 9시 ~ 오후 6시,"2625 Old Denton Rd #101, Carrollton, TX 75007",972-242-3737,http://www.bestdfwdentist.com
켄박내과 (Ken Park MD Clinic Internal Medicine),"8994 Tour Dr. #210, Mc Kinney, TX 75070",972.449.5900 / 972-449-7686 / 972-449-5900,https://maps.google.com/maps?f=d&source=s_d&saddr=&daddr=8994+Tour+Dr.+%23210%2C++Mc+Kinney%2C+TX+75070&z=16&iwloc=A&z=auto
[email protected],"8994 Tour Dr. #210, Mc Kinney, TX 75070",972.449.5900 / 972-449-7686 / 972-449-5900,https://maps.google.com/maps?f=d&source=s_d&saddr=&daddr=8994+Tour+Dr.+%23210%2C++Mc+Kinney%2C+TX+75070&z=16&iwloc=A&z=auto
김기철 변호사,"3010 LBJ Fwy. #730, Dallas, TX 75234",972) 243-7140,http://www.igetyouin.com
[email protected],"3010 LBJ Fwy. #730, Dallas, TX 75234",972) 243-7140,http://www.igetyouin.com
마이클박 보험 (Allstate),"10990 Rolater Rd. Ste 200, Frisco, TX 75035",972) 202.7221 / 469)479.4275,https://maps.google.com/maps?f=d&source=s_d&saddr=&daddr=10990+Rolater+Rd.+Ste+200%2C+Frisco%2C+TX+75035&z=16&iwloc=A&z=auto
[email protected],"10990 Rolater Rd. Ste 200, Frisco, TX 75035",972) 202.7221 / 469)479.4275,https://maps.google.com/maps?f=d&source=s_d&saddr=&daddr=10990+Rolater+Rd.+Ste+200%2C+Frisco%2C+TX+75035&z=16&iwloc=A&z=auto
OTA World (타이탄 체어),"1001 W Crosby Rd, Carrollton, TX 75006",888) 848-2630 / 469)271-3368,https://www.titanchair.com
[email protected],"1001 W Crosby Rd, Carrollton, TX 75006",888) 848-2630 / 469)271-3368,https://www.titanchair.com
싸인 USA,10290 Monroe Dr Ste 207 Dallas TX 75229,972-982-2240,https://maps.google.com/maps?f=d&source=s_d&saddr=&daddr=10290+Monroe+Dr+Ste+207+Dallas+TX+75229&z=16&iwloc=A&z=auto
[email protected],10290 Monroe Dr Ste 207 Dallas TX 75229,972-982-2240,https://maps.google.com/maps?f=d&source=s_d&saddr=&daddr=10290+Monroe+Dr+Ste+207+Dallas+TX+75229&z=16&iwloc=A&z=auto
이메일 뉴스 구독하기,,,https://www.facebook.com/dknet730
매직터치 종합건설,,214-862-2585,https://www.magictouchgc.com
SAM MOON (Dallas),"11826 Harry Hines Boulevard, Dallas, TX 75234",972) 484-3084,https://www.sammoongroup.com
[email protected],"11826 Harry Hines Boulevard, Dallas, TX 75234",972) 484-3084,https://www.sammoongroup.com
정순화 치과 (K Village Dental),1028 MacArthur Dr. Carrollton TX 75007,972) 242-0005,https://maps.google.com/maps?f=d&source=s_d&saddr=&daddr=1028+MacArthur+Dr.+Carrollton+TX+75007&z=16&iwloc=A&z=auto
PCB BANK,"2144 Royal Lane. #102, Dallas, TX 75229",214.550.7660 / 469.557.8330,https://maps.google.com/maps?f=d&source=s_d&saddr=&daddr=2144+Royal+Lane.+%23102%2C+Dallas%2C+TX+75229&z=16&iwloc=A&z=auto
Dream Law,"15301 Spectrum Dr. Ste 380 Addison, TX 75001",972-914-5550 / 847-357-1358,https://maps.google.com/maps?f=d&source=s_d&saddr=&daddr=15301+Spectrum+Dr.+Ste+380+Addison%2C+TX+75001&z=16&iwloc=A&z=auto
dream-law.com,"15301 Spectrum Dr. Ste 380 Addison, TX 75001",972-914-5550 / 847-357-1358,https://maps.google.com/maps?f=d&source=s_d&saddr=&daddr=15301+Spectrum+Dr.+Ste+380+Addison%2C+TX+75001&z=16&iwloc=A&z=auto
카펫마켓 (Carpet Market),"2720 Royal Ln. #196, Dallas, TX 75229",972) 406-1007 / 214) 228-8824 / 469) 387-3341,http://www.dallascarpetmarket.com
[email protected],"2720 Royal Ln. #196, Dallas, TX 75229",972) 406-1007 / 214) 228-8824 / 469) 387-3341,http://www.dallascarpetmarket.com
DKnet 방송국,"2356 Glenda Ln., Dallas, TX - 75229",972) 620-6296,https://www.dalkora.com
[email protected],"2356 Glenda Ln., Dallas, TX - 75229",972) 620-6296,https://www.dalkora.com
에릭최 Eric Choi 파머스 종합보험,"1420 Valwood Pkwy Carrollton, #168 TX 75006",972) 971-2890,https://maps.google.com/maps?f=d&source=s_d&saddr=&daddr=1420+Valwood+Pkwy+Carrollton%2C+%23168+TX+75006&z=16&iwloc=A&z=auto
farmersagent.com/echoi,"1420 Valwood Pkwy Carrollton, #168 TX 75006",972) 971-2890,https://maps.google.com/maps?f=d&source=s_d&saddr=&daddr=1420+Valwood+Pkwy+Carrollton%2C+%23168+TX+75006&z=16&iwloc=A&z=auto
안상원 안과 (Swiss Eyecare),"2625 Old Denton Rd. #548, Carrollton, TX 75007",972) 242-1652,http://www.swisseyecare.com
"(Mon-Fri) 10:00am ~ 7:00pm, (Sat-Sun) By Appointment Only","2625 Old Denton Rd. #548, Carrollton, TX 75007",972) 242-1652,http://www.swisseyecare.com
이문희 State Farm 보험,"4116 State Highway 121 Suite 140 Carrollton, TX 75010",972) 416-6803,http://www.moonbarnes.com
[email protected],"4116 State Highway 121 Suite 140 Carrollton, TX 75010",972) 416-6803,http://www.moonbarnes.com
업소록,"4280 Main St. Suite 100, Frisco, TX 75033",469 200 2200 / 972) 242-6789 / 972) 243-3598 / 972) 200-0125 / 214.228.5410 / 972-837-9345 / 888-777-6057 / 214.597.5298 / 214-586-6255 / 469-600-9523 / 877) 777-2666 / 214) 422-2656 / 469) 522-0520 / 469) 231-2771,https://maps.google.com/maps?f=d&source=s_d&saddr=&daddr=4280+Main+St.+Suite+100%2C+Frisco%2C+TX+75033&z=16&iwloc=A&z=auto
Tommy Lim 부동산,"4280 Main St. Suite 100, Frisco, TX 75033",469 200 2200 / 972) 242-6789 / 972) 243-3598 / 972) 200-0125 / 214.228.5410 / 972-837-9345 / 888-777-6057 / 214.597.5298 / 214-586-6255 / 469-600-9523 / 877) 777-2666 / 214) 422-2656 / 469) 522-0520 / 469) 231-2771,https://maps.google.com/maps?f=d&source=s_d&saddr=&daddr=4280+Main+St.+Suite+100%2C+Frisco%2C+TX+75033&z=16&iwloc=A&z=auto
Tommy Lim 부동산,"4280 Main St. Suite 100, Frisco, TX 75033",469 200 2200,https://maps.google.com/maps?f=d&source=s_d&saddr=&daddr=4280+Main+St.+Suite+100%2C+Frisco%2C+TX+75033&z=16&iwloc=A&z=auto
weknowtx.com/tommylim,"4280 Main St. Suite 100, Frisco, TX 75033",469 200 2200,https://maps.google.com/maps?f=d&source=s_d&saddr=&daddr=4280+Main+St.+Suite+100%2C+Frisco%2C+TX+75033&z=16&iwloc=A&z=auto
앤드리아 김 종합보험,"1220 W. Trinity Mills Rd. #232, Carrollton, TX 75006",972) 242-6789,https://maps.google.com/maps?f=d&source=s_d&saddr=&daddr=1220+W.+Trinity+Mills+Rd.+%23232%2C+Carrollton%2C+TX+75006&z=16&iwloc=A&z=auto
[email protected],"1220 W. Trinity Mills Rd. #232, Carrollton, TX 75006",972) 242-6789,https://maps.google.com/maps?f=d&source=s_d&saddr=&daddr=1220+W.+Trinity+Mills+Rd.+%23232%2C+Carrollton%2C+TX+75006&z=16&iwloc=A&z=auto
Greenhill Insurance (그린힐 종합보험),"11498 Luna Rd. #101, Dallas, TX 75234",972) 243-3598 / 972) 200-0125,https://maps.google.com/maps?f=d&source=s_d&saddr=&daddr=11498+Luna+Rd.+%23101%2C+Dallas%2C+TX+75234&z=16&iwloc=A&z=auto
[email protected],"11498 Luna Rd. #101, Dallas, TX 75234",972) 243-3598 / 972) 200-0125,https://maps.google.com/maps?f=d&source=s_d&saddr=&daddr=11498+Luna+Rd.+%23101%2C+Dallas%2C+TX+75234&z=16&iwloc=A&z=auto
마이크 도 부동산 MD,,214.228.5410,
Anapa Pain Clinic (아나파 통증 클리닉),2600 MacArthur Blvd Ste 701 Lewisville TX 75067,972-837-9345,https://www.anapaclinic.com
"월~금: 8am-5pm (12pm-1pm 런치타임) / 토, 일: Closed",2600 MacArthur Blvd Ste 701 Lewisville TX 75067,972-837-9345,https://www.anapaclinic.com
SYNCIS,,888-777-6057,https://www.syncis.com
[email protected],,888-777-6057,https://www.syncis.com
캐롤톤 아시안 타운센터 (Carrollton Asian Town Center),"2625 Old Denton Road #404-A, Carrollton, TX 75007",214.597.5298,https://maps.google.com/maps?f=d&source=s_d&saddr=&daddr=2625+Old+Denton+Road+%23404-A%2C+Carrollton%2C+TX+75007&z=16&iwloc=A&z=auto
[email protected],"2625 Old Denton Road #404-A, Carrollton, TX 75007",214.597.5298,https://maps.google.com/maps?f=d&source=s_d&saddr=&daddr=2625+Old+Denton+Road+%23404-A%2C+Carrollton%2C+TX+75007&z=16&iwloc=A&z=auto
조은 부동산,,214-586-6255 / 469-600-9523,
ARS 자동차바디 복원전문 (Automotive Reconditioning Services),"1401 W. Hebron Parkway, Carrollton, TX 75010",877) 777-2666 / 214) 422-2656,https://maps.google.com/maps?f=d&source=s_d&saddr=&daddr=1401+W.+Hebron+Parkway%2C+Carrollton%2C+TX+75010&z=16&iwloc=A&z=auto
"(Mon-Fri) 8:00am ~ 6:00pm, (Sat) 8:00am ~ 4:00pm, (Sun) Closed","1401 W. Hebron Parkway, Carrollton, TX 75010",877) 777-2666 / 214) 422-2656,https://maps.google.com/maps?f=d&source=s_d&saddr=&daddr=1401+W.+Hebron+Parkway%2C+Carrollton%2C+TX+75010&z=16&iwloc=A&z=auto
썬 정비 (Sun Express Auto Repair & Body),"11169 Denton Drive, Dallas, TX 75229",469) 522-0520 / 469) 231-2771,https://maps.google.com/maps?f=d&source=s_d&saddr=&daddr=11169+Denton+Drive%2C+Dallas%2C+TX+75229&z=16&iwloc=A&z=auto
[email protected],"11169 Denton Drive, Dallas, TX 75229",469) 522-0520 / 469) 231-2771,https://maps.google.com/maps?f=d&source=s_d&saddr=&daddr=11169+Denton+Drive%2C+Dallas%2C+TX+75229&z=16&iwloc=A&z=auto
알제이 부동산,"650 May Street, Fort Worth, TX 76104 / 203 Mandalay Canal Irving, TX 75039",972.365.1559 / 972) 919-9999 / 214) 366-3770 / 469)8288322 / 972) 241-0180 / 214) 257-0508 / 972) 242-0800 / 214) 417-5812 / 972-365-1559 / 214.454.5193 / 214.228.6225 / 972.243.0365 / 972.399.1466 / 972) 685-0157 / 469.989.8018,https://www.rjwilliamsco.com
알제이 부동산,"650 May Street, Fort Worth, TX 76104 / 203 Mandalay Canal Irving, TX 75039",972.365.1559,https://www.rjwilliamsco.com
Bank of Hope (뱅크 오브 호프 Dallas),"2237 Royal Ln #303, Dallas, TX 75229",972) 919-9999,http://www.bankofhope.com
전모세 변호사 (Attorney at Law Moses Jun ),"2010 Valley View Ln #130, Farmers Branch, TX 75234",214) 366-3770 / 469)8288322,http://www.mosesknowsthelaw.com
[email protected],"2010 Valley View Ln #130, Farmers Branch, TX 75234",214) 366-3770 / 469)8288322,http://www.mosesknowsthelaw.com
이하정 변호사,"2560 Royal Ln. #216, Dallas, TX 75229",972) 241-0180,https://maps.google.com/maps?f=d&source=s_d&saddr=&daddr=2560+Royal+Ln.+%23216%2C+Dallas%2C+TX+75229&z=16&iwloc=A&z=auto
[email protected],"2560 Royal Ln. #216, Dallas, TX 75229",972) 241-0180,https://maps.google.com/maps?f=d&source=s_d&saddr=&daddr=2560+Royal+Ln.+%23216%2C+Dallas%2C+TX+75229&z=16&iwloc=A&z=auto
Kevin Lim CPA (케빈임 CPA),"3750 N. Josey Ln., Suite 152, Carrollton, TX 75007",214) 257-0508,https://maps.google.com/maps?f=d&source=s_d&saddr=&daddr=3750+N.+Josey+Ln.%2C+Suite+152%2C+Carrollton%2C+TX+75007&z=16&iwloc=A&z=auto
하이큐 치과 (HiQ Dental),"2625 Old Denton Rd. #416, Carrollton, TX 75007",972) 242-0800 / 214) 417-5812,http://www.hiqdental.com
[email protected],"2625 Old Denton Rd. #416, Carrollton, TX 75007",972) 242-0800 / 214) 417-5812,http://www.hiqdental.com
Kara Bang 부동산,"650 May Street, Fort Worth, TX 76104 / 203 Mandalay Canal Irving, TX 75039",972-365-1559,https://www.karabang.com
[email protected],"650 May Street, Fort Worth, TX 76104 / 203 Mandalay Canal Irving, TX 75039",972-365-1559,https://www.karabang.com
NOAH 노아건축,"11316 Mathis Ave, Dallas, TX 75229",214.454.5193 / 214.228.6225,https://maps.google.com/maps?f=d&source=s_d&saddr=&daddr=11316+Mathis+Ave%2C+Dallas%2C+TX+75229&z=16&iwloc=A&z=auto
[email protected],"11316 Mathis Ave, Dallas, TX 75229",214.454.5193 / 214.228.6225,https://maps.google.com/maps?f=d&source=s_d&saddr=&daddr=11316+Mathis+Ave%2C+Dallas%2C+TX+75229&z=16&iwloc=A&z=auto
김순기 치과,"2216 Royal Ln. #115, Dallas, TX 75229",972.243.0365 / 972.399.1466 / 972) 685-0157,https://www.drsoonkim.com
이서니 보험 그룹,"2805 Waverly Rd., Flower Mound, TX 74028 / 1249 M. Blalock Road, Houston, TX 77055",469.989.8018,https://www.sunnyinsurancegroup.com
업소록,"710 Beck Ave Lake Dallas, TX 75065",214) 430-2270 / 214) 334-0288 / 972) 556-0148 / 214) 316-3279 / 972-768-0009 / 972) 473-8000 / 972) 241-9088 / 682.772.0407 / 972) 658-0886 / 972) 302-2506 / 877) 816-2075 / 972) 242-3361 / 972.458.8800,http://texcityroofing.com
텍스 시티 루핑(TexCity Roofing),"710 Beck Ave Lake Dallas, TX 75065",214) 430-2270 / 214) 334-0288 / 972) 556-0148 / 214) 316-3279 / 972-768-0009 / 972) 473-8000 / 972) 241-9088 / 682.772.0407 / 972) 658-0886 / 972) 302-2506 / 877) 816-2075 / 972) 242-3361 / 972.458.8800,http://texcityroofing.com
텍스 시티 루핑(TexCity Roofing),"710 Beck Ave Lake Dallas, TX 75065",214) 430-2270 / 214) 334-0288,http://texcityroofing.com
[email protected],"710 Beck Ave Lake Dallas, TX 75065",214) 430-2270 / 214) 334-0288,http://texcityroofing.com
Danny's Liquor,"2001 W. Northwest Hwy. #120, Dallas, TX 75220",972) 556-0148,https://www.dannys-liquor.com
(Mon-Sat) 10:00am ~ 9:00pm,"2001 W. Northwest Hwy. #120, Dallas, TX 75220",972) 556-0148,https://www.dannys-liquor.com
프로냉동,,214) 316-3279,
O3 컨설팅 ( O3 Debt Connect Consulting Firm / 데이빗 이),"4400 State Hwy 121, Ste 346 Lewsville, TX 75056",972-768-0009,https://www.debtconn.com
[email protected],"4400 State Hwy 121, Ste 346 Lewsville, TX 75056",972-768-0009,https://www.debtconn.com
정순화 치과 플레이노 (Windhaven Dental),"5957 N. Dallas Pkwy. #200, Plano, TX 75093",972) 473-8000,http://www.windhavendental.com
"(Mon, Thur)","5957 N. Dallas Pkwy. #200, Plano, TX 75093",972) 473-8000,http://www.windhavendental.com
김연 종합보험,"1908 Royal Ln. #300, Dallas, TX 75229",972) 241-9088 / 682.772.0407,https://maps.google.com/maps?f=d&source=s_d&saddr=&daddr=1908+Royal+Ln.+%23300%2C+Dallas%2C+TX+75229&z=16&iwloc=A&z=auto
24시간 문자가능,"1908 Royal Ln. #300, Dallas, TX 75229",972) 241-9088 / 682.772.0407,https://maps.google.com/maps?f=d&source=s_d&saddr=&daddr=1908+Royal+Ln.+%23300%2C+Dallas%2C+TX+75229&z=16&iwloc=A&z=auto
The Street Builder,"2639 Walnut Hill Ln., Ste 200, Dallas, TX 75229",972) 658-0886 / 972) 302-2506 / 877) 816-2075,https://www.thestreetbuilder.com
[email protected],"2639 Walnut Hill Ln., Ste 200, Dallas, TX 75229",972) 658-0886 / 972) 302-2506 / 877) 816-2075,https://www.thestreetbuilder.com
우리들병원,"2625 Old Denton Rd. #415, Carrollton, TX 75007",972) 242-3361,https://maps.google.com/maps?f=d&source=s_d&saddr=&daddr=2625+Old+Denton+Rd.+%23415%2C+Carrollton%2C+TX+75007&z=16&iwloc=A&z=auto
LoanDera,,972.458.8800,WWW.LoanDera.com
업소록,"11448 Reeder Rd. Dallas, TX 75229",469) 381-6860 / 469-275-6822 / 469.496.3860 / 469.855.4430 / 469.240.9891 / 972.551.9891 / 972.241.9100 / 972)979-5505 / 469-598-1600 / 972) 918-5173 / 972) 697-8926 / 972.242.6789,https://maps.google.com/maps?f=d&source=s_d&saddr=&daddr=11448+Reeder+Rd.+Dallas%2C+TX+75229&z=16&iwloc=A&z=auto
Family DFW Auto LLC (훼밀리 자동차),"11448 Reeder Rd. Dallas, TX 75229",469) 381-6860 / 469-275-6822 / 469.496.3860 / 469.855.4430 / 469.240.9891 / 972.551.9891 / 972.241.9100 / 972)979-5505 / 469-598-1600 / 972) 918-5173 / 972) 697-8926 / 972.242.6789,https://maps.google.com/maps?f=d&source=s_d&saddr=&daddr=11448+Reeder+Rd.+Dallas%2C+TX+75229&z=16&iwloc=A&z=auto
Family DFW Auto LLC (훼밀리 자동차),"11448 Reeder Rd. Dallas, TX 75229",469) 381-6860,https://maps.google.com/maps?f=d&source=s_d&saddr=&daddr=11448+Reeder+Rd.+Dallas%2C+TX+75229&z=16&iwloc=A&z=auto
에넷방 부동산 (Annette Bang),"1221 W. Trinity Mills Rd. #252 Carrollton, TX 75006",469-275-6822,https://maps.google.com/maps?f=d&source=s_d&saddr=&daddr=1221+W.+Trinity+Mills+Rd.+%23252+Carrollton%2C+TX+75006&z=16&iwloc=A&z=auto
우리 아메리카 은행 (WOORI AMERICA BANK),"2405 S. Stemmons Freeway #102, Lewisville, TX 75067",469.496.3860,https://maps.google.com/maps?f=d&source=s_d&saddr=&daddr=2405+S.+Stemmons+Freeway+%23102%2C+Lewisville%2C+TX+75067&z=16&iwloc=A&z=auto
"3044 Old Denton Rd. Suit 310 Carrollton, TX75007",텍사스 레가시 TEXAS LEGACY,469.855.4430,https://maps.google.com/maps?f=d&source=s_d&saddr=&daddr=3044+Old+Denton+Rd.+Suit+310+Carrollton%2C+TX75007&z=16&iwloc=A&z=auto
Discount Body Shop (디스카운트 바디샵),"340 E. Church St., Lewisville, TX 75057",469.240.9891 / 972.551.9891,https://maps.google.com/maps?f=d&source=s_d&saddr=&daddr=340+E.+Church+St.%2C+Lewisville%2C+TX+75057&z=16&iwloc=A&z=auto
"Mon-Fri(8am-6pm), Sat(8am-3pm), Sun(Closed)","340 E. Church St., Lewisville, TX 75057",469.240.9891 / 972.551.9891,https://maps.google.com/maps?f=d&source=s_d&saddr=&daddr=340+E.+Church+St.%2C+Lewisville%2C+TX+75057&z=16&iwloc=A&z=auto
코리안 가든,,972.241.9100,
Titanium payments,"2341 Royal Ln. Suite A-1, Dallas, TX 75229",972)979-5505,https://maps.google.com/maps?f=d&source=s_d&saddr=&daddr=2341+Royal+Ln.+Suite+A-1%2C+Dallas%2C+TX+75229&z=16&iwloc=A&z=auto
[email protected],"2341 Royal Ln. Suite A-1, Dallas, TX 75229",972)979-5505,https://maps.google.com/maps?f=d&source=s_d&saddr=&daddr=2341+Royal+Ln.+Suite+A-1%2C+Dallas%2C+TX+75229&z=16&iwloc=A&z=auto
바다여행,"2625 Old Denton Rd, Suite 102 Carrollton, TX 75007",469-598-1600,https://maps.google.com/maps?f=d&source=s_d&saddr=&daddr=2625+Old+Denton+Rd%2C+Suite+102+Carrollton%2C+TX+75007&z=16&iwloc=A&z=auto
seatraveltx.com,"2625 Old Denton Rd, Suite 102 Carrollton, TX 75007",469-598-1600,https://maps.google.com/maps?f=d&source=s_d&saddr=&daddr=2625+Old+Denton+Rd%2C+Suite+102+Carrollton%2C+TX+75007&z=16&iwloc=A&z=auto
크리스유 변호사,"13155 Noel Rd. #900, Dallas, TX 75240",972) 918-5173 / 972) 697-8926,https://www.ccylaw.com
[email protected],"13155 Noel Rd. #900, Dallas, TX 75240",972) 918-5173 / 972) 697-8926,https://www.ccylaw.com
AG Senior Advisor LLC,,972.242.6789,
업소록,"2030 Royal Lane, Dallas, TX 75229",469.974.2211 / 972) 247-8424 / 972-245-1398 / 214-836-9095 / 346-707-2654 / 562-222-8877 / 469-460-1370 / 469.318.9466 / 469.585.4603 / 817-808-2078 / 469.662.9002,https://www.saeromroofing.com
새롬 루핑 (SAEROM Roofing),"2030 Royal Lane, Dallas, TX 75229",469.974.2211 / 972) 247-8424 / 972-245-1398 / 214-836-9095 / 346-707-2654 / 562-222-8877 / 469-460-1370 / 469.318.9466 / 469.585.4603 / 817-808-2078 / 469.662.9002,https://www.saeromroofing.com
새롬 루핑 (SAEROM Roofing),,469.974.2211,https://www.saeromroofing.com
김원영 변호사,"2030 Royal Lane, Dallas, TX 75229",972) 247-8424,http://www.attorneykimforyou.com/
[email protected],"2030 Royal Lane, Dallas, TX 75229",972) 247-8424,http://www.attorneykimforyou.com/
"HOW (Hanaro Oneway) 이사, 운송","2840 Commodore Dr. Suite #100 Carrollton, TX 75007",972-245-1398 / 214-836-9095,https://www.hnrcorp.com
세계로제자교회,"7101 N Riverside Dr, Fort Worth TX 76137",346-707-2654,https://maps.google.com/maps?f=d&source=s_d&saddr=&daddr=7101+N+Riverside+Dr%2C+Fort+Worth+TX+76137&z=16&iwloc=A&z=auto
브리지원 재정 보험,2828 E Trinity Mills Rd #125 Carrollton TX 75006,562-222-8877 / 469-460-1370,https://maps.google.com/maps?f=d&source=s_d&saddr=&daddr=2828+E+Trinity+Mills+Rd+%23125+Carrollton+TX+75006&z=16&iwloc=A&z=auto
[email protected],2828 E Trinity Mills Rd #125 Carrollton TX 75006,562-222-8877 / 469-460-1370,https://maps.google.com/maps?f=d&source=s_d&saddr=&daddr=2828+E+Trinity+Mills+Rd+%23125+Carrollton+TX+75006&z=16&iwloc=A&z=auto
TERIYAKING 테리야킹&만두랑,"280 Legacy Dr. #300 Plano, TX 75023",469.318.9466,https://www.teriyaking.com
월-토 : 11am - 8pm,"280 Legacy Dr. #300 Plano, TX 75023",469.318.9466,https://www.teriyaking.com
굽내치킨 Goobne 캐롤턴점,2625 Olde Denton Rd #328 Carrollton TX 75007,,https://maps.google.com/maps?f=d&source=s_d&saddr=&daddr=2625+Olde+Denton+Rd+%23328+Carrollton+TX+75007&z=16&iwloc=A&z=auto
CENTURY21_센츄리21,"870 International Pkwy #150, Flower Mound, TX 75022",469.585.4603,https://www.stillwaterslending.com
[email protected],"870 International Pkwy #150, Flower Mound, TX 75022",469.585.4603,https://www.stillwaterslending.com
새본교회,"3700 Valley View Ln. Dallas, TX 75244",817-808-2078,https://maps.google.com/maps?f=d&source=s_d&saddr=&daddr=3700+Valley+View+Ln.+Dallas%2C+TX+75244&z=16&iwloc=A&z=auto
[email protected],"3700 Valley View Ln. Dallas, TX 75244",817-808-2078,https://maps.google.com/maps?f=d&source=s_d&saddr=&daddr=3700+Valley+View+Ln.+Dallas%2C+TX+75244&z=16&iwloc=A&z=auto
UNI 보험,"4101 McEwen Rd. Ste 235, Dallas, TX 75244",469.662.9002,https://maps.google.com/maps?f=d&source=s_d&saddr=&daddr=4101+McEwen+Rd.+Ste+235%2C+Dallas%2C+TX+75244&z=16&iwloc=A&z=auto
[email protected],"4101 McEwen Rd. Ste 235, Dallas, TX 75244",469.662.9002,https://maps.google.com/maps?f=d&source=s_d&saddr=&daddr=4101+McEwen+Rd.+Ste+235%2C+Dallas%2C+TX+75244&z=16&iwloc=A&z=auto
신촌정육도매,"11422 Harry Hines Blvd. #210 Dallas, TX 75229",972-243-0733,https://maps.google.com/maps?f=d&source=s_d&saddr=&daddr=11422+Harry+Hines+Blvd.+%23210+Dallas%2C+TX+75229&z=16&iwloc=A&z=auto
AIX Golf,2405 S. Stemmons Freeway Suite 200 Lewisville TX 75067,972.849.9178,https://www.aixgoif.golf
[email protected],2405 S. Stemmons Freeway Suite 200 Lewisville TX 75067,972.849.9178,https://www.aixgoif.golf
달라스중앙감리교회 (Korean Central Methodist Church),"3800 Carbon Rd, Irving, TX 75038",972) 258-0991,https://maps.google.com/maps?f=d&source=s_d&saddr=&daddr=3800+Carbon+Rd%2C+Irving%2C+TX+75038&z=16&iwloc=A&z=auto
dallascentral.church,"3800 Carbon Rd, Irving, TX 75038",972) 258-0991,https://maps.google.com/maps?f=d&source=s_d&saddr=&daddr=3800+Carbon+Rd%2C+Irving%2C+TX+75038&z=16&iwloc=A&z=auto
TPA_Texas Pro Alliance Group,2700 Old Denton Rd. Carrollton Texas 75006 / 1016 W Trinity Mills Rd. Carrollton Texas 75006,214.531.7770 / 202.779.1213,https://maps.google.com/maps?f=d&source=s_d&saddr=&daddr=2700+Old+Denton+Rd.+Carrollton+Texas+75006+%2F+1016+W+Trinity+Mills+Rd.+Carrollton+Texas+75006&z=16&iwloc=A&z=auto
은행융자),2700 Old Denton Rd. Carrollton Texas 75006 / 1016 W Trinity Mills Rd. Carrollton Texas 75006,214.531.7770 / 202.779.1213,https://maps.google.com/maps?f=d&source=s_d&saddr=&daddr=2700+Old+Denton+Rd.+Carrollton+Texas+75006+%2F+1016+W+Trinity+Mills+Rd.+Carrollton+Texas+75006&z=16&iwloc=A&z=auto
FRY 부동산 Fry Realty & Commercial,,682.521.7542 / 214.517.454,https://www.FryRealty.com
프레시 스마일 덴탈 (Fresh Smile Dental Care),"1894 Royal Ln #104, Dallas, TX 75229",214) 623-0880,https://maps.google.com/maps?f=d&source=s_d&saddr=&daddr=1894+Royal+Ln+%23104%2C+Dallas%2C+TX+75229&z=16&iwloc=A&z=auto
[email protected],"1894 Royal Ln #104, Dallas, TX 75229",214) 623-0880,https://maps.google.com/maps?f=d&source=s_d&saddr=&daddr=1894+Royal+Ln+%23104%2C+Dallas%2C+TX+75229&z=16&iwloc=A&z=auto
수아한복,,214)801-8203,
instagram.com/sooausa,,214)801-8203,
곱창이야기_Gopchang Story,"4070 SH 121 suit 328 Carrollton, TX 75010",469 892 6381,https://www.gopchangstorydfw.com
Mon-Thu 4:30pm / 9pm-10:30 Fri-Sat 11:30-5pm/ 9pm-11pm Sun 11:30am-5pm/ 8:30pm-10pm,"4070 SH 121 suit 328 Carrollton, TX 75010",469 892 6381,https://www.gopchangstorydfw.com
비탈리 헬스 패밀리 센터 _ VITALE HEALTH FAMILY CENTER,"1020 Flower Mound Rd #100 Flower Mound,TX75028 / 4217 Marsh Ridge Rd Suite#110 Carrollton,TX",972.410.0042,https://maps.google.com/maps?f=d&source=s_d&saddr=&daddr=1020+Flower+Mound+Rd+%23100+Flower+Mound%2CTX75028++%2F++4217+Marsh+Ridge+Rd+Suite%23110+Carrollton%2CTX&z=16&iwloc=A&z=auto
[email protected],"1020 Flower Mound Rd #100 Flower Mound,TX75028 / 4217 Marsh Ridge Rd Suite#110 Carrollton,TX",972.410.0042,https://maps.google.com/maps?f=d&source=s_d&saddr=&daddr=1020+Flower+Mound+Rd+%23100+Flower+Mound%2CTX75028++%2F++4217+Marsh+Ridge+Rd+Suite%23110+Carrollton%2CTX&z=16&iwloc=A&z=auto
한우리교회,"1225 N. Josey Lane, Carrollton, TX 75006",972) 242-3942,https://www.hanurichurch.org
업소록,"2570 Royal Ln, Dallas TX 75229",206 566 1127 / 469-884-1300 / 972 786 5162 / 215-470-2664 / 214.256.4320 / 214.656.5388 / 469 293 4606 / 972 904 2420 / 214.945.6903 / 469 900 3008 / 972-241-4524,https://maps.google.com/maps?f=d&source=s_d&saddr=&daddr=2570+Royal+Ln%2C+Dallas+TX+75229&z=16&iwloc=A&z=auto
CERAGEM 세라젬,"2570 Royal Ln, Dallas TX 75229",206 566 1127 / 469-884-1300 / 972 786 5162 / 215-470-2664 / 214.256.4320 / 214.656.5388 / 469 293 4606 / 972 904 2420 / 214.945.6903 / 469 900 3008 / 972-241-4524,https://maps.google.com/maps?f=d&source=s_d&saddr=&daddr=2570+Royal+Ln%2C+Dallas+TX+75229&z=16&iwloc=A&z=auto
CERAGEM 세라젬,"2570 Royal Ln, Dallas TX 75229",206 566 1127,https://maps.google.com/maps?f=d&source=s_d&saddr=&daddr=2570+Royal+Ln%2C+Dallas+TX+75229&z=16&iwloc=A&z=auto
조이풀교회,"12005 Ford Rd #412, Dallas, TX 75234",469-884-1300,https://www.joyfulkcc.com
[email protected],"12005 Ford Rd #412, Dallas, TX 75234",469-884-1300,https://www.joyfulkcc.com
K-AARP 한미은퇴자 협회 _ 노인 복지 서비스,,972 786 5162,https://maps.google.com/maps?f=d&source=s_d&saddr=&daddr=11500+N%2C+Stemmons+Fwy+%23180+%28%ED%95%9C%EA%B5%AD%EB%AC%B8%ED%99%94%EC%84%BC%ED%84%B0%EB%82%B4%29&z=16&iwloc=A&z=auto
프렌즈 교회,"9010 FM Road 423, Frisco TX 75036",215-470-2664,https://www.friendskorean.church
프라이머리 ONE 클리닉,"6957 West Plano Parkway, Suit 2300 Plano, TX 75093",214.256.4320 / 214.656.5388,https://maps.google.com/maps?f=d&source=s_d&saddr=&daddr=6957+West+Plano+Parkway%2C+Suit+2300+Plano%2C+TX+75093&z=16&iwloc=A&z=auto
힐링핸즈 병원,"2405 S STEMMONS FWY, STE 230 LEWISVILLE, TX 75067",469 293 4606,https://www.healinghandswalkin.com
[email protected],"2405 S STEMMONS FWY, STE 230 LEWISVILLE, TX 75067",469 293 4606,https://www.healinghandswalkin.com
JS 핸디맨,"11500 N Stemmons Fwy, Ste 161 Dallas, TX 75229",972 904 2420,https://maps.google.com/maps?f=d&source=s_d&saddr=&daddr=11500+N+Stemmons+Fwy%2C+Ste+161+Dallas%2C+TX+75229&z=16&iwloc=A&z=auto
Viki Hair & Beauty_비키헤어&뷰티,,214.945.6903,https://maps.google.com/maps?f=d&source=s_d&saddr=&daddr=3625+N+Josey+Ln+Carrollton&z=16&iwloc=A&z=auto
동부관광 여행사,"2550 State Hwy 121 Building1 Suite100 , Lewisville, TX 75056",469 900 3008,https://www.dongbutour.com
민주 평통 달라스 협의회,,972-241-4524,
업소록,"2240 Royal Ln, Dallas, TX 75229 inside Komart",214-541-8301 / 469-206-0925 / 469-307-2165 / 512.988.1184 / 972-241-4524 / 888.764.5893 / 214.468.4263 / 469) 867-0863 / 214-664-6086 / 972.832.2440 / 213-220-6533 / 972.800.7187 / 469.580.1205,https://www.coway-usa.com
Coway 코웨이 리사민,"2240 Royal Ln, Dallas, TX 75229 inside Komart",214-541-8301 / 469-206-0925 / 469-307-2165 / 512.988.1184 / 972-241-4524 / 888.764.5893 / 214.468.4263 / 469) 867-0863 / 214-664-6086 / 972.832.2440 / 213-220-6533 / 972.800.7187 / 469.580.1205,https://www.coway-usa.com
Coway 코웨이 리사민,"2240 Royal Ln, Dallas, TX 75229 inside Komart",214-541-8301,https://www.coway-usa.com
임마누엘 연합 감리 교회,"2536 Valley View Lane, Farmers Branch, TX 75234",469-206-0925 / 469-307-2165,http://www.dallasikumc.org
라파 _ RAPHA P&I CLINIC,"911 W Anderson Ln. #201, Austin, TX 78757",512.988.1184,https://www.raphamedicalgroup.org
[email protected],"911 W Anderson Ln. #201, Austin, TX 78757",512.988.1184,https://www.raphamedicalgroup.org
달라스 한인회,,972-241-4524,https://maps.google.com/maps?f=d&source=s_d&saddr=&daddr=11500+N.+Stammons+Fwy+%23160%2C+Dallas%2C+TX75229&z=16&iwloc=A&z=auto
미주 금융 솔루션,214.468.4263(Texas office),888.764.5893 / 214.468.4263,https://www.mijusolution.com
[email protected],214.468.4263(Texas office),888.764.5893 / 214.468.4263,https://www.mijusolution.com
한국장의사 (정헌),"2828 Forest Ln #1155, Dallas, TX 75234",469) 867-0863,https://maps.google.com/maps?f=d&source=s_d&saddr=&daddr=2828+Forest+Ln+%231155%2C+Dallas%2C+TX+75234&z=16&iwloc=A&z=auto
[email protected],"2828 Forest Ln #1155, Dallas, TX 75234",469) 867-0863,https://maps.google.com/maps?f=d&source=s_d&saddr=&daddr=2828+Forest+Ln+%231155%2C+Dallas%2C+TX+75234&z=16&iwloc=A&z=auto
HEM Roofing,2701 Old Denton Rd #204 Carrollton TX 75007,214-664-6086,https://maps.google.com/maps?f=d&source=s_d&saddr=&daddr=2701+Old+Denton+Rd+%23204+Carrollton+TX+75007&z=16&iwloc=A&z=auto
JK 차고문 수리 스프링클러 전문,,972.832.2440,
jkgaragedoorrepair.wixsite.com/4you,,972.832.2440,
Mega LED (메가 LED),,213-220-6533,
허진 종합보험,"2681 MacArthur Blvd., Unit 105, Lewisville, TX 75067",972.800.7187 / 469.580.1205,https://maps.google.com/maps?f=d&source=s_d&saddr=&daddr=2681+MacArthur+Blvd.%2C+Unit+105%2C+Lewisville%2C+TX+75067&z=16&iwloc=A&z=auto
[email protected],"2681 MacArthur Blvd., Unit 105, Lewisville, TX 75067",972.800.7187 / 469.580.1205,https://maps.google.com/maps?f=d&source=s_d&saddr=&daddr=2681+MacArthur+Blvd.%2C+Unit+105%2C+Lewisville%2C+TX+75067&z=16&iwloc=A&z=auto
업소록,"11532 Harry Hines Blvd B-214, Dallas, Tx 75229",972) 241-6900 / 972 418 1199 / 214.918.8779 / 714.732.2721 / 972) 245-2681 / 214) 476-9834 / 682.888.6365 / 714 317 5646 / 562.529.5343 / 972.810.0021 / 972) 567-6511 / 469) 758-8999,https://www.djpfirm.com
"박정호 법률사무소 (David Park Law, PLLC)","11532 Harry Hines Blvd B-214, Dallas, Tx 75229",972) 241-6900 / 972 418 1199 / 214.918.8779 / 714.732.2721 / 972) 245-2681 / 214) 476-9834 / 682.888.6365 / 714 317 5646 / 562.529.5343 / 972.810.0021 / 972) 567-6511 / 469) 758-8999,https://www.djpfirm.com
"박정호 법률사무소 (David Park Law, PLLC)","11532 Harry Hines Blvd B-214, Dallas, Tx 75229",972) 241-6900,https://www.djpfirm.com
[email protected],"11532 Harry Hines Blvd B-214, Dallas, Tx 75229",972) 241-6900,https://www.djpfirm.com
이영애 회계사,"7460 Warren Parkway #100, Frisco, TX 75034",972 418 1199,https://maps.google.com/maps?f=d&source=s_d&saddr=&daddr=7460+Warren+Parkway+%23100%2C+Frisco%2C+TX+75034&z=16&iwloc=A&z=auto
[email protected],"7460 Warren Parkway #100, Frisco, TX 75034",972 418 1199,https://maps.google.com/maps?f=d&source=s_d&saddr=&daddr=7460+Warren+Parkway+%23100%2C+Frisco%2C+TX+75034&z=16&iwloc=A&z=auto
청담 헤어_CHUNGDAM,"2534 Royal Ln #113, Dallas, TX 75229",214.918.8779,https://maps.google.com/maps?f=d&source=s_d&saddr=&daddr=2534+Royal+Ln+%23113%2C+Dallas%2C+TX+75229&z=16&iwloc=A&z=auto
조이플라이프센터,"1431 E Sandy Lake Rd. Coppell, TX 75019",714.732.2721,https://maps.google.com/maps?f=d&source=s_d&saddr=&daddr=1431+E+Sandy+Lake+Rd.+Coppell%2C+TX+75019&z=16&iwloc=A&z=auto
[email protected],"1431 E Sandy Lake Rd. Coppell, TX 75019",714.732.2721,https://maps.google.com/maps?f=d&source=s_d&saddr=&daddr=1431+E+Sandy+Lake+Rd.+Coppell%2C+TX+75019&z=16&iwloc=A&z=auto
JJ 골프 아카데미 (JJ Golf Academy - Joseph Kim),"2625 Old Denton Rd #404-A1, Carrollton, TX 75007",972) 245-2681 / 214) 476-9834,https://www.jjgolfacademy.com
[email protected],"2625 Old Denton Rd #404-A1, Carrollton, TX 75007",972) 245-2681 / 214) 476-9834,https://www.jjgolfacademy.com
MiraCarb_미래캅,"1600 Capital Ave, Suite 100 Plano, TX 75047",682.888.6365,https://www.miracarb.com
[email protected],"1600 Capital Ave, Suite 100 Plano, TX 75047",682.888.6365,https://www.miracarb.com
Leather Brut (레더브뤼),"2550 E Trinity Mls Rd, STE 112, Carrollton, TX 75006",714 317 5646,https://maps.google.com/maps?f=d&source=s_d&saddr=&daddr=2550+E+Trinity+Mls+Rd%2C+STE+112%2C+Carrollton%2C+TX+75006&z=16&iwloc=A&z=auto
[email protected],"2550 E Trinity Mls Rd, STE 112, Carrollton, TX 75006",714 317 5646,https://maps.google.com/maps?f=d&source=s_d&saddr=&daddr=2550+E+Trinity+Mls+Rd%2C+STE+112%2C+Carrollton%2C+TX+75006&z=16&iwloc=A&z=auto
바디닥터_BODYDOCTOR,,562.529.5343,https://www.bodydoctoruas.com
한국인의 물,"2625 Old Denton Rd. #404-B, Carrollton, TX 75007",972.810.0021 / 972) 567-6511,https://www.alkawatertx.com
SK-Flooring,"1711 Briercroft Ct #104, Carrollton, TX 75006",469) 758-8999,https://maps.google.com/maps?f=d&source=s_d&saddr=&daddr=1711+Briercroft+Ct+%23104%2C+Carrollton%2C+TX+75006&z=16&iwloc=A&z=auto
[email protected],"1711 Briercroft Ct #104, Carrollton, TX 75006",469) 758-8999,https://maps.google.com/maps?f=d&source=s_d&saddr=&daddr=1711+Briercroft+Ct+%23104%2C+Carrollton%2C+TX+75006&z=16&iwloc=A&z=auto
업소록,"3044 Old Denton Rd, #110, Carrollton, TX 75007",214.970.7023 / 469-933-6255 / 214.782.9534 / 469.805.1377 / 214-470-9724 / 214) 680-0606 / 972-386-8899 / 214-484-9229 / 214.771.8842 / 972-247-8424 / 469.531.5711 / 214) 454-2914,https://maps.google.com/maps?f=d&source=s_d&saddr=&daddr=3044+Old+Denton+Rd%2C+%23110%2C+Carrollton%2C+TX+75007&z=16&iwloc=A&z=auto
PURADAK 푸라닭,"3044 Old Denton Rd, #110, Carrollton, TX 75007",214.970.7023 / 469-933-6255 / 214.782.9534 / 469.805.1377 / 214-470-9724 / 214) 680-0606 / 972-386-8899 / 214-484-9229 / 214.771.8842 / 972-247-8424 / 469.531.5711 / 214) 454-2914,https://maps.google.com/maps?f=d&source=s_d&saddr=&daddr=3044+Old+Denton+Rd%2C+%23110%2C+Carrollton%2C+TX+75007&z=16&iwloc=A&z=auto
PURADAK 푸라닭,"3044 Old Denton Rd, #110, Carrollton, TX 75007",214.970.7023,https://maps.google.com/maps?f=d&source=s_d&saddr=&daddr=3044+Old+Denton+Rd%2C+%23110%2C+Carrollton%2C+TX+75007&z=16&iwloc=A&z=auto
SUSHIKO,"4060 State Hwy 121 #150, Carrollton, TX 75010",469-933-6255,https://maps.google.com/maps?f=d&source=s_d&saddr=&daddr=4060+State+Hwy+121+%23150%2C+Carrollton%2C+TX++75010&z=16&iwloc=A&z=auto
Pro Collision Center 프로 콜리젼 센터,"11219 Shady Trail, Dallas, TX 75229",214.782.9534 / 469.805.1377,https://maps.google.com/maps?f=d&source=s_d&saddr=&daddr=11219+Shady+Trail%2C+Dallas%2C+TX+75229&z=16&iwloc=A&z=auto
[email protected],"11219 Shady Trail, Dallas, TX 75229",214.782.9534 / 469.805.1377,https://maps.google.com/maps?f=d&source=s_d&saddr=&daddr=11219+Shady+Trail%2C+Dallas%2C+TX+75229&z=16&iwloc=A&z=auto
뉴스타 부동산,,214-470-9724,https://maps.google.com/maps?f=d&source=s_d&saddr=&daddr=4060+State+Highway+121%2C+Ste+150+Carrollton%2C+TX75010&z=16&iwloc=A&z=auto
[email protected],,214-470-9724,https://maps.google.com/maps?f=d&source=s_d&saddr=&daddr=4060+State+Highway+121%2C+Ste+150+Carrollton%2C+TX75010&z=16&iwloc=A&z=auto
그랜드 부동산,"2625 Old Denton Rd. #500-G, Carrollton, TX 75007",214) 680-0606,https://www.grandDFW.com
[email protected],"2625 Old Denton Rd. #500-G, Carrollton, TX 75007",214) 680-0606,https://www.grandDFW.com
오사카 스시 뷔페 _ Osaka Sushi & Grill Bar,"4350 Belt Line Rd. Addison, TX 75001",972-386-8899 / 214-484-9229,https://www. osaka-addison.com
"Lunch: Mon-Fri 11:30AM~3:00PM/Sat-Sun 11:30AM~3:00PM, Dinner: Sun-Thu 5:30PM~9:30PM/ Fri&Sat 5:30PM~10:00PM","4350 Belt Line Rd. Addison, TX 75001",972-386-8899 / 214-484-9229,https://www. osaka-addison.com
시온오토바디,11054 Shady Trail 301 Dallas TX 75229,214.771.8842,https://www.seeonauto.com
매스터 코랄 합창단,,972-247-8424,
CASEY GOLF ACADEMY,"2405 S. Stemmons Fwy Suite 200, Lewisville, TX 75067",469.531.5711,https://maps.google.com/maps?f=d&source=s_d&saddr=&daddr=2405+S.+Stemmons+Fwy+Suite+200%2C+Lewisville%2C+TX+75067&z=16&iwloc=A&z=auto
스완뷰티 (구 속눈썹공주),"860 Hebron Pkwy #301, Lewisville, TX 75057",214) 454-2914,https://maps.google.com/maps?f=d&source=s_d&saddr=&daddr=860+Hebron+Pkwy+%23301%2C+Lewisville%2C+TX+75057&z=16&iwloc=A&z=auto
업소록,"1116 W Parker Rd. #300, Plano, TX 75075",214-970-6440 / 469.626.1065 / 469-573-4910 / 469.951.7885 / 214.205.3389 / 214.425.0082 / 972.951.1269 / 469.783.6801 / 682 321 6387 / 214.218.2246 / 214.846.3213 / 800 601 8681,https://maps.google.com/maps?f=d&source=s_d&saddr=&daddr=1116+W+Parker+Rd.+%23300%2C+Plano%2C+TX+75075&z=16&iwloc=A&z=auto
Denture Repair,"1116 W Parker Rd. #300, Plano, TX 75075",214-970-6440 / 469.626.1065 / 469-573-4910 / 469.951.7885 / 214.205.3389 / 214.425.0082 / 972.951.1269 / 469.783.6801 / 682 321 6387 / 214.218.2246 / 214.846.3213 / 800 601 8681,https://maps.google.com/maps?f=d&source=s_d&saddr=&daddr=1116+W+Parker+Rd.+%23300%2C+Plano%2C+TX+75075&z=16&iwloc=A&z=auto
Denture Repair,,214-970-6440,
야미하우스,"1116 W Parker Rd. #300, Plano, TX 75075",469.626.1065,https://maps.google.com/maps?f=d&source=s_d&saddr=&daddr=1116+W+Parker+Rd.+%23300%2C+Plano%2C+TX+75075&z=16&iwloc=A&z=auto
레스트랜드 (Restland),"13005 Greenville Ave, Dallas, TX 75243",469-573-4910,https://youtu.be/qWDMGcfbP64
Shine E Blind 샤이니 블라인드 (달라스 전시장),"3010 LBJ Fwy Suite 100 Dallas, TX 75234",469.951.7885 / 214.205.3389,https://www.shineeblinds.com
[email protected],"3010 LBJ Fwy Suite 100 Dallas, TX 75234",469.951.7885 / 214.205.3389,https://www.shineeblinds.com
달라스 시니어 한인 축구 동호회 모집,"Elm For Dr. Carrollton, TX 75006",214.425.0082 / 972.951.1269,https://maps.google.com/maps?f=d&source=s_d&saddr=&daddr=Elm+For+Dr.+Carrollton%2C+TX+75006&z=16&iwloc=A&z=auto
매주 목요일 7PM-9PM,"Elm For Dr. Carrollton, TX 75006",214.425.0082 / 972.951.1269,https://maps.google.com/maps?f=d&source=s_d&saddr=&daddr=Elm+For+Dr.+Carrollton%2C+TX+75006&z=16&iwloc=A&z=auto
채윤정 세무법인,"3198 Royal Ln. #208, Dallas, TX 75229",469.783.6801,https://maps.google.com/maps?f=d&source=s_d&saddr=&daddr=3198+Royal+Ln.+%23208%2C+Dallas%2C+TX+75229&z=16&iwloc=A&z=auto
스파르타 에너지,,682 321 6387,
[email protected],,682 321 6387,
WIN 부동산,2828 E Trinity Mills Rd #340 Carrollton TX 75006,214.218.2246,https://maps.google.com/maps?f=d&source=s_d&saddr=&daddr=2828+E+Trinity+Mills+Rd+%23340+Carrollton+TX+75006&z=16&iwloc=A&z=auto
[email protected],2828 E Trinity Mills Rd #340 Carrollton TX 75006,214.218.2246,https://maps.google.com/maps?f=d&source=s_d&saddr=&daddr=2828+E+Trinity+Mills+Rd+%23340+Carrollton+TX+75006&z=16&iwloc=A&z=auto
포토이즘 Photoism,,214.846.3213,
[email protected],,214.846.3213,
Hello Medicare,,800 601 8681,
업소록,"1012 Macarthur Dr #136, Carrollton, TX 75007",469.892.6479 / 972.484..8989 / 469.870.2112 / 469) 463-1956 / 972) 245-2909 / +82.213.341.5123 / 214)809-4090 / 817-310-7355 / 214.272.8762 / 469 892 2032 / 972) 245 7914 / 469) 774-7010 / 469) 682-1486,https://www.modernlinemedspa.com
모던라인 MODERN LINE MED SPA,"1012 Macarthur Dr #136, Carrollton, TX 75007",469.892.6479 / 972.484..8989 / 469.870.2112 / 469) 463-1956 / 972) 245-2909 / +82.213.341.5123 / 214)809-4090 / 817-310-7355 / 214.272.8762 / 469 892 2032 / 972) 245 7914 / 469) 774-7010 / 469) 682-1486,https://www.modernlinemedspa.com
모던라인 MODERN LINE MED SPA,"1012 Macarthur Dr #136, Carrollton, TX 75007",469.892.6479,https://www.modernlinemedspa.com
[email protected],"1012 Macarthur Dr #136, Carrollton, TX 75007",469.892.6479,https://www.modernlinemedspa.com
소피헤어,2527 Royal Ln #1458 Dallas TX 75229,972.484..8989 / 469.870.2112,https://maps.google.com/maps?f=d&source=s_d&saddr=&daddr=2527+Royal+Ln+%231458+Dallas+TX+75229&z=16&iwloc=A&z=auto
Dallas-Fort Worth Fertility Associates_난임 클리닉,"6300 W Parker Rd #G26, Plano, TX 75093",,https://maps.google.com/maps?f=d&source=s_d&saddr=&daddr=6300+W+Parker+Rd+%23G26%2C+Plano%2C+TX+75093&z=16&iwloc=A&z=auto
"jennifer,","6300 W Parker Rd #G26, Plano, TX 75093",,https://maps.google.com/maps?f=d&source=s_d&saddr=&daddr=6300+W+Parker+Rd+%23G26%2C+Plano%2C+TX+75093&z=16&iwloc=A&z=auto
에스카페 떡볶이& #1떡집 (Escapé),"3043 Old Denton Rd. Carrollton, TX 75007",469) 463-1956 / 972) 245-2909,https://maps.google.com/maps?f=d&source=s_d&saddr=&daddr=3043+Old+Denton+Rd.+Carrollton%2C+TX+75007&z=16&iwloc=A&z=auto
"월,화,수,목, 일 : 8 AM ~ 10 PM 금,토 : 8 AM ~ 11:59 PM","3043 Old Denton Rd. Carrollton, TX 75007",469) 463-1956 / 972) 245-2909,https://maps.google.com/maps?f=d&source=s_d&saddr=&daddr=3043+Old+Denton+Rd.+Carrollton%2C+TX+75007&z=16&iwloc=A&z=auto
한국 혜민병원,,+82.213.341.5123,
박정희 부동산,"2701 Old Denton Rd, Suite 260 Carrollton, TX 75007",214)809-4090,https://maps.google.com/maps?f=d&source=s_d&saddr=&daddr=2701+Old+Denton+Rd%2C+Suite+260+Carrollton%2C+TX+75007&z=16&iwloc=A&z=auto
Mercedes-Benz of Grapevine AVONDALE DEALERSHIPS,"1300 Texan TrailGrapevine, TX 76051",817-310-7355,https://www.mbgrapevine.com/
[email protected],"1300 Texan TrailGrapevine, TX 76051",817-310-7355,https://www.mbgrapevine.com/
SINCH 신치 다이어트,"4222 Trinity Mill Rd Suite 108, Dallas, TX 75287",214.272.8762,https://maps.google.com/maps?f=d&source=s_d&saddr=&daddr=4222+Trinity+Mill+Rd+Suite+108%2C+Dallas%2C+TX+75287&z=16&iwloc=A&z=auto
부산국밥,"2625 Old deneon Rd #526, Carrollton, TX 75007",469 892 2032,https://maps.google.com/maps?f=d&source=s_d&saddr=&daddr=2625+Old+deneon+Rd+%23526%2C+Carrollton%2C+TX+75007&z=16&iwloc=A&z=auto
샤인 미술학원 (Shine Art Studio) & 러닝센터 (Shine Learning Center),"캐롤튼 1624 W. Hebron Pkwy, Carrollton, TX 75010 / 프리스코 12255 Teel Pkwy Ste.430, Frisco, TX 75034",972) 245 7914 / 469) 774-7010 / 469) 682-1486,https://www.shineartstudio.com
업소록,"2727 LBJ Freeway Suite 212-8, Farmers Branch, TX 75234",469 271 9697 / 945-234-8096 / 817 552 7246 / 817 663 1215 / 214-731-6292 / 972) 620-6296 / 469.900.7073 / 972.660.8999 / 469.800.7200 / 214.304.5052 / 214.287.2721,https://maps.google.com/maps?f=d&source=s_d&saddr=&daddr=2727+LBJ+Freeway+Suite+212-8%2C+Farmers+Branch%2C+TX+75234&z=16&iwloc=A&z=auto
홍연신 변호사,"2727 LBJ Freeway Suite 212-8, Farmers Branch, TX 75234",469 271 9697 / 945-234-8096 / 817 552 7246 / 817 663 1215 / 214-731-6292 / 972) 620-6296 / 469.900.7073 / 972.660.8999 / 469.800.7200 / 214.304.5052 / 214.287.2721,https://maps.google.com/maps?f=d&source=s_d&saddr=&daddr=2727+LBJ+Freeway+Suite+212-8%2C+Farmers+Branch%2C+TX+75234&z=16&iwloc=A&z=auto
홍연신 변호사,"2727 LBJ Freeway Suite 212-8, Farmers Branch, TX 75234",469 271 9697,https://maps.google.com/maps?f=d&source=s_d&saddr=&daddr=2727+LBJ+Freeway+Suite+212-8%2C+Farmers+Branch%2C+TX+75234&z=16&iwloc=A&z=auto
[email protected],"2727 LBJ Freeway Suite 212-8, Farmers Branch, TX 75234",469 271 9697,https://maps.google.com/maps?f=d&source=s_d&saddr=&daddr=2727+LBJ+Freeway+Suite+212-8%2C+Farmers+Branch%2C+TX+75234&z=16&iwloc=A&z=auto
정 인테리어 리모델링,,945-234-8096,
Chiro and Acupuncture,"821 E Northwest Hwy, Suite 100 Grapevine, TX 76051",817 552 7246 / 817 663 1215,https://www.chiroacup.com
"월,화,수,금: 8 am~12 pm /1 pm~6pm 목: 8 am~12 pm 토,일: 휴무","821 E Northwest Hwy, Suite 100 Grapevine, TX 76051",817 552 7246 / 817 663 1215,https://www.chiroacup.com
미감 (Sense of taste),,214-731-6292,https://www.senseoftaste.online
Mon~ Thu 10am~7:30am. Fri~Sun 10am~8pn,,214-731-6292,https://www.senseoftaste.online
리빙트렌드/부동산 파트너,"2356 Glenda Ln., Dallas, TX - 75229",972) 620-6296,https://maps.google.com/maps?f=d&source=s_d&saddr=&daddr=2356+Glenda+Ln.%2C+Dallas%2C+TX+-+75229&z=16&iwloc=A&z=auto
[email protected],"2356 Glenda Ln., Dallas, TX - 75229",972) 620-6296,https://maps.google.com/maps?f=d&source=s_d&saddr=&daddr=2356+Glenda+Ln.%2C+Dallas%2C+TX+-+75229&z=16&iwloc=A&z=auto
Compass Lending (컴파스 랜딩),"2405 S Stemmons Fwy #202, Lewisvill, TX 75067",469.900.7073,https://maps.google.com/maps?f=d&source=s_d&saddr=&daddr=2405+S+Stemmons+Fwy+%23202%2C+Lewisvill%2C+TX+75067&z=16&iwloc=A&z=auto
[email protected],"2405 S Stemmons Fwy #202, Lewisvill, TX 75067",469.900.7073,https://maps.google.com/maps?f=d&source=s_d&saddr=&daddr=2405+S+Stemmons+Fwy+%23202%2C+Lewisvill%2C+TX+75067&z=16&iwloc=A&z=auto
텔레트론 ( Garland ),"3677 W Emporium Cir, Mesquite, TX 75150",972.660.8999,https://maps.google.com/maps?f=d&source=s_d&saddr=&daddr=3677+W+Emporium+Cir%2C+Mesquite%2C+TX+75150&z=16&iwloc=A&z=auto
이병주 정형외과,"2001 N MacArthur Blvd #630, Irving, TX 75061",469.800.7200,http://www.bjleemd.com/
(Mon-Fri) Appointment Only,"2001 N MacArthur Blvd #630, Irving, TX 75061",469.800.7200,http://www.bjleemd.com/
Wish hair studio,"2700 Old Denton Rd 106, Carrollton, TX 75007 (더뷰상가내)",214.304.5052,https://maps.google.com/maps?f=d&source=s_d&saddr=&daddr=2700+Old+Denton+Rd+106%2C+Carrollton%2C+TX+75007+%28%EB%8D%94%EB%B7%B0%EC%83%81%EA%B0%80%EB%82%B4%29&z=16&iwloc=A&z=auto
겟잇뷰티_GET IT BEAUTY,"3964 TX - 121 #1000 Suite 104, Lewisville, TX 75056",214.287.2721,https://www.joannekang.glossgenius.com
엘리트 학원 (Elite Education Institute) 플레이노,"6505 W. Park Blvd. #160, Plano, TX 75093",972) 306-3200,https://www.eliteprep.com
[email protected],"6505 W. Park Blvd. #160, Plano, TX 75093",972) 306-3200,https://www.eliteprep.com
SK 전기,,214-351-5100,https://www.skelectric.com
다나 한방,"3712 Old Denton Rd #140, Carrollton, TX 75006",469.207.0345 / 201.213.8555,https://maps.google.com/maps?f=d&source=s_d&saddr=&daddr=3712+Old+Denton+Rd+%23140%2C+Carrollton%2C+TX+75006&z=16&iwloc=A&z=auto
우리 종합보험 (Woori Insurance Agency),https://agents.farmers.com/tx/plano/taegon-um?Source_Indicator=AP,972) 239-9100,https://agents.farmers.com/tx/plano/taegon-um?Source_Indicator=AP
[email protected],https://agents.farmers.com/tx/plano/taegon-um?Source_Indicator=AP,972) 239-9100,https://agents.farmers.com/tx/plano/taegon-um?Source_Indicator=AP
한국장의사 (North Dallas Funeral Home),"2710 Valley View Ln. Dallas , TX 75234",972.241.9100,https://www.wellbeinglifeUS.com
[email protected],"2710 Valley View Ln. Dallas , TX 75234",972.241.9100,https://www.wellbeinglifeUS.com
B&C ACADEMY,"5700 Tennyson Pkwy, Plano, TX 75024 #300",214 727 7648,https://maps.google.com/maps?f=d&source=s_d&saddr=&daddr=5700+Tennyson+Pkwy%2C+Plano%2C+TX+75024+%23300&z=16&iwloc=A&z=auto
치맥치킨 (Chi-Mac Chicken),"2680 Old Denton Rd, Suite 156 Carrollton, TX 75007",972.466.1300,https://maps.google.com/maps?f=d&source=s_d&saddr=&daddr=2680+Old+Denton+Rd%2C+Suite+156+Carrollton%2C+TX+75007&z=16&iwloc=A&z=auto
우미야 UMIYA,"3550 N Lakeline Blvd. #100 Leander, TX 78641",512-986-4025,https://maps.google.com/maps?f=d&source=s_d&saddr=&daddr=3550+N+Lakeline+Blvd.+%23100+Leander%2C+TX+78641&z=16&iwloc=A&z=auto
엘리트 학원 (Elite Education Institute) 알렌,"1314 W McDermott Dr #178, Allen, TX 75013",214) 935-9776,https://maps.google.com/maps?f=d&source=s_d&saddr=&daddr=1314+W+McDermott+Dr+%23178%2C+Allen%2C+TX+75013&z=16&iwloc=A&z=auto
업소록,"1908 Royal Lane #400 Dallas, TX 75229 (한국홈케어 건물 내)",945-223-8282 / 817.661.2930 / 213.245.7334 / 469.855.7600 / 972.849.9178 / 469 803 6194 / 913 200 8711 / 945.257.7512 / 972.795.9706 / 469-235-3643 / 817-399-8200 / 773.777.8889,https://maps.google.com/maps?f=d&source=s_d&saddr=&daddr=1908+Royal+Lane+%23400+Dallas%2C+TX+75229+%28%ED%95%9C%EA%B5%AD%ED%99%88%EC%BC%80%EC%96%B4+%EA%B1%B4%EB%AC%BC+%EB%82%B4%29&z=16&iwloc=A&z=auto
TOPWELL Insurance Agency (탑웰 보험),"1908 Royal Lane #400 Dallas, TX 75229 (한국홈케어 건물 내)",945-223-8282 / 817.661.2930 / 213.245.7334 / 469.855.7600 / 972.849.9178 / 469 803 6194 / 913 200 8711 / 945.257.7512 / 972.795.9706 / 469-235-3643 / 817-399-8200 / 773.777.8889,https://maps.google.com/maps?f=d&source=s_d&saddr=&daddr=1908+Royal+Lane+%23400+Dallas%2C+TX+75229+%28%ED%95%9C%EA%B5%AD%ED%99%88%EC%BC%80%EC%96%B4+%EA%B1%B4%EB%AC%BC+%EB%82%B4%29&z=16&iwloc=A&z=auto
TOPWELL Insurance Agency (탑웰 보험),,945-223-8282,
[email protected],,945-223-8282,
YG 댄스스튜디오,"1908 Royal Lane #400 Dallas, TX 75229 (한국홈케어 건물 내)",817.661.2930 / 213.245.7334,https://maps.google.com/maps?f=d&source=s_d&saddr=&daddr=1908+Royal+Lane+%23400+Dallas%2C+TX+75229+%28%ED%95%9C%EA%B5%AD%ED%99%88%EC%BC%80%EC%96%B4+%EA%B1%B4%EB%AC%BC+%EB%82%B4%29&z=16&iwloc=A&z=auto
1pm - 9:30pm,"1908 Royal Lane #400 Dallas, TX 75229 (한국홈케어 건물 내)",817.661.2930 / 213.245.7334,https://maps.google.com/maps?f=d&source=s_d&saddr=&daddr=1908+Royal+Lane+%23400+Dallas%2C+TX+75229+%28%ED%95%9C%EA%B5%AD%ED%99%88%EC%BC%80%EC%96%B4+%EA%B1%B4%EB%AC%BC+%EB%82%B4%29&z=16&iwloc=A&z=auto
하청일 노래교실,,469.855.7600,
AIX Golf Academy,2405 S. Stemmons Freeway Suite 200 Lewisville TX 75067,972.849.9178,https://maps.google.com/maps?f=d&source=s_d&saddr=&daddr=2405+S.+Stemmons+Freeway+Suite+200+Lewisville+TX+75067&z=16&iwloc=A&z=auto
[email protected],2405 S. Stemmons Freeway Suite 200 Lewisville TX 75067,972.849.9178,https://maps.google.com/maps?f=d&source=s_d&saddr=&daddr=2405+S.+Stemmons+Freeway+Suite+200+Lewisville+TX+75067&z=16&iwloc=A&z=auto
IDS 레이저,"1702 N Collins BLVD. Ste 204, Richardson TX 75080",469 803 6194 / 913 200 8711,https://www.idslasers.com
[email protected],"1702 N Collins BLVD. Ste 204, Richardson TX 75080",469 803 6194 / 913 200 8711,https://www.idslasers.com
아나타핀디카 헬스,,945.257.7512,https://www.Anathapindika.com
[email protected],,945.257.7512,https://www.Anathapindika.com
루시 에어로빅,,972.795.9706,https://maps.google.com/maps?f=d&source=s_d&saddr=&daddr=2640+Old+Denton+Dr.+%23200.+Carrollton+%2F++11500N+Stemmons+Fwy.+%23185.+Dallas&z=16&iwloc=A&z=auto
달라스 세움 교회,"2435 East Hebron Parkway, Carrollton, TX 75010",469-235-3643,https://maps.google.com/maps?f=d&source=s_d&saddr=&daddr=2435+East+Hebron+Parkway%2C+Carrollton%2C+TX+75010&z=16&iwloc=A&z=auto
포트워스 한인회,,817-399-8200,
기독의료상조회,,773.777.8889,https://www.cmmlogos.org
[email protected],,773.777.8889,https://www.cmmlogos.org
업소록,3198 Royal Ln #208 Dallas TX 75229,972-800-4990 / 972-503-9660 / 214-440-1533 / 214-483-1530 / 469 469 1312 / 972-238-5555 / 214-516-0000 / 469-892-6560 / 972) 484-7400 / 972) 484-7401 / 832.752.9699 / 512.659.5404 / 469.605.6035 / 682.702.4537,https://maps.google.com/maps?f=d&source=s_d&saddr=&daddr=3198+Royal+Ln+%23208+Dallas+TX+75229&z=16&iwloc=A&z=auto
Kim & J Asset 김&제이 에셋,3198 Royal Ln #208 Dallas TX 75229,972-800-4990 / 972-503-9660 / 214-440-1533 / 214-483-1530 / 469 469 1312 / 972-238-5555 / 214-516-0000 / 469-892-6560 / 972) 484-7400 / 972) 484-7401 / 832.752.9699 / 512.659.5404 / 469.605.6035 / 682.702.4537,https://maps.google.com/maps?f=d&source=s_d&saddr=&daddr=3198+Royal+Ln+%23208+Dallas+TX+75229&z=16&iwloc=A&z=auto
Kim & J Asset 김&제이 에셋,3198 Royal Ln #208 Dallas TX 75229,972-800-4990,https://maps.google.com/maps?f=d&source=s_d&saddr=&daddr=3198+Royal+Ln+%23208+Dallas+TX+75229&z=16&iwloc=A&z=auto
365 Injury Law,1220 W. Trinity Mills Rd. #410 Carrollton TX 75006,972-503-9660 / 214-440-1533,https://maps.google.com/maps?f=d&source=s_d&saddr=&daddr=1220+W.+Trinity+Mills+Rd.+%23410+Carrollton+TX+75006&z=16&iwloc=A&z=auto
[email protected],1220 W. Trinity Mills Rd. #410 Carrollton TX 75006,972-503-9660 / 214-440-1533,https://maps.google.com/maps?f=d&source=s_d&saddr=&daddr=1220+W.+Trinity+Mills+Rd.+%23410+Carrollton+TX+75006&z=16&iwloc=A&z=auto
CUCKOO 쿠쿠 텍사스 캐롤튼 브랜드 스토어,4070 state Highway 121 unit 452 Carrollton TX 75010,214-483-1530,https://maps.google.com/maps?f=d&source=s_d&saddr=&daddr=4070+state+Highway+121+unit+452+Carrollton+TX+75010&z=16&iwloc=A&z=auto
GROOME,"101 E Corporate Dr #220, Lewisville, TX 75067",469 469 1312,https://maps.google.com/maps?f=d&source=s_d&saddr=&daddr=101+E+Corporate+Dr+%23220%2C+Lewisville%2C+TX+75067&z=16&iwloc=A&z=auto
groometx.com,"101 E Corporate Dr #220, Lewisville, TX 75067",469 469 1312,https://maps.google.com/maps?f=d&source=s_d&saddr=&daddr=101+E+Corporate+Dr+%23220%2C+Lewisville%2C+TX+75067&z=16&iwloc=A&z=auto
김태희 치과,,972-238-5555,
한국전자,"2216 Royal LN, Dalls, TX 75229",214-516-0000,https://maps.google.com/maps?f=d&source=s_d&saddr=&daddr=2216+Royal+LN%2C+Dalls%2C+TX+75229&z=16&iwloc=A&z=auto
덴탈데이 DENTAL DAY,"2810 East Trinity Mills Road Suite 179 Carrollton, TX 75006",469-892-6560,https://maps.google.com/maps?f=d&source=s_d&saddr=&daddr=2810+East+Trinity+Mills+Road+Suite+179+Carrollton%2C+TX+75006&z=16&iwloc=A&z=auto
스카이 여행사,,972) 484-7400 / 972) 484-7401,https://www.2skytravel.com
[email protected],,972) 484-7400 / 972) 484-7401,https://www.2skytravel.com
데이빗 황 종합보험,,832.752.9699 / 512.659.5404,
DMS-의료인 양성 직업학교,4333N.Josey Ln. #201 Carrollton TX 75010,469.605.6035 / 682.702.4537,https://maps.google.com/maps?f=d&source=s_d&saddr=&daddr=4333N.Josey+Ln.+%23201+Carrollton+TX+75010&z=16&iwloc=A&z=auto
[email protected],4333N.Josey Ln. #201 Carrollton TX 75010,469.605.6035 / 682.702.4537,https://maps.google.com/maps?f=d&source=s_d&saddr=&daddr=4333N.Josey+Ln.+%23201+Carrollton+TX+75010&z=16&iwloc=A&z=auto
업소록,"1440 S. State Hwy 121 Ste 6 Lewisville, TX 75067",469 464 3302 / 469.430.5808 / 972 323 9306 / 469.577.5186 / 972.514.2213 / 469-900-8165 / 214.216.2302 / 214 731 6451 / 214-904-9888 / 972-998-3414 / 972.750.6100,https://maps.google.com/maps?f=d&source=s_d&saddr=&daddr=1440+S.+State+Hwy+121+Ste+6+Lewisville%2C+TX+75067&z=16&iwloc=A&z=auto
프로 리페어 센터,"1440 S. State Hwy 121 Ste 6 Lewisville, TX 75067",469 464 3302 / 469.430.5808 / 972 323 9306 / 469.577.5186 / 972.514.2213 / 469-900-8165 / 214.216.2302 / 214 731 6451 / 214-904-9888 / 972-998-3414 / 972.750.6100,https://maps.google.com/maps?f=d&source=s_d&saddr=&daddr=1440+S.+State+Hwy+121+Ste+6+Lewisville%2C+TX+75067&z=16&iwloc=A&z=auto
프로 리페어 센터,"1440 S. State Hwy 121 Ste 6 Lewisville, TX 75067",469 464 3302,https://maps.google.com/maps?f=d&source=s_d&saddr=&daddr=1440+S.+State+Hwy+121+Ste+6+Lewisville%2C+TX+75067&z=16&iwloc=A&z=auto
TRUE EDUCATION,"2772 Stonebrook Pkwy #600 Frisco , TX 75034",469.430.5808,WWW.TRUEEDUCATION.COM
844.SAT.1600,"2772 Stonebrook Pkwy #600 Frisco , TX 75034",469.430.5808,WWW.TRUEEDUCATION.COM
돈사랑,"2630 Old Denton Rd #140, Carrollton, TX 75007",972 323 9306,https://maps.google.com/maps?f=d&source=s_d&saddr=&daddr=2630+Old+Denton+Rd+%23140%2C+Carrollton%2C+TX+75007&z=16&iwloc=A&z=auto
우리 여행사,,469.577.5186,https://www.wooritouratl.com
[email protected],,469.577.5186,https://www.wooritouratl.com
나야 박 리얼터,"8215 Westchester Drive, #207 Dallas, Texas 75225",972.514.2213,https://maps.google.com/maps?f=d&source=s_d&saddr=&daddr=8215+Westchester+Drive%2C+%23207+Dallas%2C+Texas+75225&z=16&iwloc=A&z=auto
요리엔,4070 State Highway 121 #320 Carrollton TX 75010,469-900-8165,https://maps.google.com/maps?f=d&source=s_d&saddr=&daddr=4070+State+Highway+121+%23320+Carrollton+TX+75010&z=16&iwloc=A&z=auto
친치쿠린 CHINCHIKURIN,"2225 Old Denton Rd. Ste 320, Carrollton, TX 75007",214.216.2302,https://maps.google.com/maps?f=d&source=s_d&saddr=&daddr=2225+Old+Denton+Rd.+Ste+320%2C+Carrollton%2C+TX+75007&z=16&iwloc=A&z=auto
이찌방 Eatzy Bang,"4060 State Hwy 121, suite 100 Carrollton, TX 75010",214 731 6451,https://maps.google.com/maps?f=d&source=s_d&saddr=&daddr=4060+State+Hwy+121%2C+suite+100+Carrollton%2C+TX+75010&z=16&iwloc=A&z=auto
리빙스톤 교회,"3750 Waynoka Dr. Carrollton, TX 75007",214-904-9888 / 972-998-3414,https://maps.google.com/maps?f=d&source=s_d&saddr=&daddr=3750+Waynoka+Dr.+Carrollton%2C+TX+75007&z=16&iwloc=A&z=auto
셀린 메디컬 스파,,972.750.6100,https://www.Celine Medical Spa.com
info@Celine Medical Spa.com,,972.750.6100,https://www.Celine Medical Spa.com
업소록,"1210 Tappan Cir, Carrollton TX 75006",214-731-6190 / 469.200.0920 / 469.615.6000 / 469) 682-1857 / 214-792-9121 / 469.892.2166 / 972 720 0759 / 214.737.1701 / 972-900-8282 / 945.344.5008,https://maps.google.com/maps?f=d&source=s_d&saddr=&daddr=1210+Tappan+Cir%2C+Carrollton+TX+75006&z=16&iwloc=A&z=auto
마루 건설,"1210 Tappan Cir, Carrollton TX 75006",214-731-6190 / 469.200.0920 / 469.615.6000 / 469) 682-1857 / 214-792-9121 / 469.892.2166 / 972 720 0759 / 214.737.1701 / 972-900-8282 / 945.344.5008,https://maps.google.com/maps?f=d&source=s_d&saddr=&daddr=1210+Tappan+Cir%2C+Carrollton+TX+75006&z=16&iwloc=A&z=auto
마루 건설,"1210 Tappan Cir, Carrollton TX 75006",214-731-6190,https://maps.google.com/maps?f=d&source=s_d&saddr=&daddr=1210+Tappan+Cir%2C+Carrollton+TX+75006&z=16&iwloc=A&z=auto
[email protected],"1210 Tappan Cir, Carrollton TX 75006",214-731-6190,https://maps.google.com/maps?f=d&source=s_d&saddr=&daddr=1210+Tappan+Cir%2C+Carrollton+TX+75006&z=16&iwloc=A&z=auto
Mercedes Benz of Plano,"6455 Dallas Pkwy Plano, TX 75024",469.200.0920,https://maps.google.com/maps?f=d&source=s_d&saddr=&daddr=6455+Dallas+Pkwy+Plano%2C+TX+75024&z=16&iwloc=A&z=auto
[email protected],"6455 Dallas Pkwy Plano, TX 75024",469.200.0920,https://maps.google.com/maps?f=d&source=s_d&saddr=&daddr=6455+Dallas+Pkwy+Plano%2C+TX+75024&z=16&iwloc=A&z=auto
푸른투어_Prt tour 여행사,"2405 S Stemmons Fwy. STE 206 Lewisville, TX 75010 시온마트2층",469.615.6000,https://www.prttour.com
정스 냉동.에어컨,"6410 Skillman Street, Dallas, TX 75231",469) 682-1857,https://maps.google.com/maps?f=d&source=s_d&saddr=&daddr=6410+Skillman+Street%2C+Dallas%2C+TX+75231&z=16&iwloc=A&z=auto
해와 달 한의원,2257 Royal Ln #100 Dallas TX 75229,214-792-9121,https://maps.google.com/maps?f=d&source=s_d&saddr=&daddr=2257+Royal+Ln+%23100+Dallas+TX+75229&z=16&iwloc=A&z=auto
sunandmoonclinic.com,2257 Royal Ln #100 Dallas TX 75229,214-792-9121,https://maps.google.com/maps?f=d&source=s_d&saddr=&daddr=2257+Royal+Ln+%23100+Dallas+TX+75229&z=16&iwloc=A&z=auto
Ari Korean BBQ,"2625 Old Denton Rd #812, Carrollton, TX 75007",469.892.2166,http://www.aribbq.com
"월-목 4:00PM ~ 11:00PM, 금요일 4:30PM ~ 12:00PM, 토요일 12:00PM ~ 12:00AM, 일요일 12:00PM ~ 10:00PM","2625 Old Denton Rd #812, Carrollton, TX 75007",469.892.2166,http://www.aribbq.com
최수곤 세무회계법인,"14934 Webb Chapel Rd Ste 22, Farmers Branch, TX 75234",972 720 0759,https://maps.google.com/maps?f=d&source=s_d&saddr=&daddr=14934+Webb+Chapel+Rd+Ste+22%2C+Farmers+Branch%2C+TX+75234&z=16&iwloc=A&z=auto
에드워드 최 부동산,,214.737.1701,
[email protected],,214.737.1701,
달라스 한인 택시,,972-900-8282,
비욘드 한의원,"5501 Independence Parkway suite 312, TX 75023",945.344.5008,https://www.beyondacutx.com
[email protected],"5501 Independence Parkway suite 312, TX 75023",945.344.5008,https://www.beyondacutx.com
업소록,"2525 Royal Ln, #316, Dallas, TX 75229",214-995-4507 / 972-922-4870 / 817) 714-7795 / 713-789-5200 / 469 943 0849 / 512 906 6106 / 214) 725-6870 / 469.474.9148 / 817-460-1199 / 214.247.6508,https://maps.google.com/maps?f=d&source=s_d&saddr=&daddr=2525+Royal+Ln%2C+%23316%2C+Dallas%2C+TX+75229&z=16&iwloc=A&z=auto
Komfort Tint 유리틴팅,"2525 Royal Ln, #316, Dallas, TX 75229",214-995-4507 / 972-922-4870 / 817) 714-7795 / 713-789-5200 / 469 943 0849 / 512 906 6106 / 214) 725-6870 / 469.474.9148 / 817-460-1199 / 214.247.6508,https://maps.google.com/maps?f=d&source=s_d&saddr=&daddr=2525+Royal+Ln%2C+%23316%2C+Dallas%2C+TX+75229&z=16&iwloc=A&z=auto
Komfort Tint 유리틴팅,"2525 Royal Ln, #316, Dallas, TX 75229",214-995-4507,https://maps.google.com/maps?f=d&source=s_d&saddr=&daddr=2525+Royal+Ln%2C+%23316%2C+Dallas%2C+TX+75229&z=16&iwloc=A&z=auto
Digitec _ 디지털 텐탈 랩,"2835 Virgo Ln Dallas, TX 75229",972-922-4870,https://maps.google.com/maps?f=d&source=s_d&saddr=&daddr=2835+Virgo+Ln+Dallas%2C+TX+75229&z=16&iwloc=A&z=auto
[email protected],"2835 Virgo Ln Dallas, TX 75229",972-922-4870,https://maps.google.com/maps?f=d&source=s_d&saddr=&daddr=2835+Virgo+Ln+Dallas%2C+TX+75229&z=16&iwloc=A&z=auto
하늘샘교회,"1000 West Lamar Blvd, Arlington, TX 76012",817) 714-7795,https://www.haneulsaem.com
TRAN LAW GROUP,"6689 W. Sam Houston Parkway South, 2nd Floor Houston, Texas, 77072 (H-mart 벨레어점 옆)",713-789-5200,https://maps.google.com/maps?f=d&source=s_d&saddr=&daddr=6689+W.+Sam+Houston+Parkway+South%2C+2nd+Floor++Houston%2C+Texas%2C+77072+%28H-mart+%EB%B2%A8%EB%A0%88%EC%96%B4%EC%A0%90+%EC%98%86%29&z=16&iwloc=A&z=auto
[email protected],"6689 W. Sam Houston Parkway South, 2nd Floor Houston, Texas, 77072 (H-mart 벨레어점 옆)",713-789-5200,https://maps.google.com/maps?f=d&source=s_d&saddr=&daddr=6689+W.+Sam+Houston+Parkway+South%2C+2nd+Floor++Houston%2C+Texas%2C+77072+%28H-mart+%EB%B2%A8%EB%A0%88%EC%96%B4%EC%A0%90+%EC%98%86%29&z=16&iwloc=A&z=auto
Kichi Bar,"2630 Old Denton RD #130 Carrollton, TX 75007",,https://maps.google.com/maps?f=d&source=s_d&saddr=&daddr=2630+Old+Denton+RD+%23130+Carrollton%2C+TX+75007&z=16&iwloc=A&z=auto
FORD GRAND PRAIRE _ 포드 그랜페리지점,"701 E. Palace Pkwy, Grand Prairie, TX 75050",469 943 0849 / 512 906 6106,https://www.grandprairieford.com
TOP 부동산,"2727 LBJ freeway #212-5, Dallas, TX 75234",214) 725-6870,https://maps.google.com/maps?f=d&source=s_d&saddr=&daddr=2727+LBJ+freeway+%23212-5%2C+Dallas%2C+TX+75234&z=16&iwloc=A&z=auto
[email protected],"2727 LBJ freeway #212-5, Dallas, TX 75234",214) 725-6870,https://maps.google.com/maps?f=d&source=s_d&saddr=&daddr=2727+LBJ+freeway+%23212-5%2C+Dallas%2C+TX+75234&z=16&iwloc=A&z=auto
Kyle Men's Salon,"3964 State Hwy 121, Suite 1000 #107 Lewisville, TX",469.474.9148,https://maps.google.com/maps?f=d&source=s_d&saddr=&daddr=3964+State+Hwy+121%2C+Suite+1000+%23107+Lewisville%2C+TX&z=16&iwloc=A&z=auto
세상의 빛 교회,"721 Woodrow St. Arlington, TX 76012",817-460-1199,https://www.lightchurchdallas.org
bluu Tap Order,"11498 Luna RD #205, Farmers Branch, TX 75234",214.247.6508,https://www.ebluu.com
[email protected],"11498 Luna RD #205, Farmers Branch, TX 75234",214.247.6508,https://www.ebluu.com
New Millennium Bank 뉴 밀레니엄 은행,"2560 Royal Lane, Suite 210, Dallas, TX 75229",773 727 3139 / 214.448.9875 / 214.587.1264 / 214.770.7868 / 214.731.6137 / 972) 466-0996 / 972) 466-0997 2225 / 214.813.6050 / 469-279-3746 / 770.318.4542 / 469) 262-5585,https://maps.google.com/maps?f=d&source=s_d&saddr=&daddr=2560+Royal+Lane%2C+Suite+210%2C+Dallas%2C+TX+75229&z=16&iwloc=A&z=auto
New Millennium Bank 뉴 밀레니엄 은행,"2560 Royal Lane, Suite 210, Dallas, TX 75229",773 727 3139,https://maps.google.com/maps?f=d&source=s_d&saddr=&daddr=2560+Royal+Lane%2C+Suite+210%2C+Dallas%2C+TX+75229&z=16&iwloc=A&z=auto
[email protected],"2560 Royal Lane, Suite 210, Dallas, TX 75229",773 727 3139,https://maps.google.com/maps?f=d&source=s_d&saddr=&daddr=2560+Royal+Lane%2C+Suite+210%2C+Dallas%2C+TX+75229&z=16&iwloc=A&z=auto
K SAVE TAX LLC,,214.448.9875,
[email protected],,214.448.9875,
LIVE 家,"2670 Lake Vista Dr Suite 102, TX 75067",214.587.1264,https://maps.google.com/maps?f=d&source=s_d&saddr=&daddr=2670+Lake+Vista+Dr+Suite+102%2C+TX+75067&z=16&iwloc=A&z=auto
우리 페스트 컨트롤_Woori.Pest Control,,214.770.7868,
Inspine Wellness_인스파인 카이로프랙틱,"2550 E SH 121, Building 2 Lewisville, TX 75056",214.731.6137,https://maps.google.com/maps?f=d&source=s_d&saddr=&daddr=2550+E+SH+121%2C+Building+2+Lewisville%2C+TX+75056&z=16&iwloc=A&z=auto
[email protected],"2550 E SH 121, Building 2 Lewisville, TX 75056",214.731.6137,https://maps.google.com/maps?f=d&source=s_d&saddr=&daddr=2550+E+SH+121%2C+Building+2+Lewisville%2C+TX+75056&z=16&iwloc=A&z=auto
COWAY DALLAS BRANCH (코웨이),"캐롤튼 매장 : 2625 Old Denton Rd. #336, Carrollton, TX 75007 // 코마트 코웨이 : 2240 Royal Ln # 306, Dallas, TX 75229 // 시온마트 코웨이 : 2401 S STEMMONS FWY STE LEWISVILLE, TX 75067",972) 466-0996 / 972) 466-0997 2225,https://www.coway-usa.com
[email protected],"캐롤튼 매장 : 2625 Old Denton Rd. #336, Carrollton, TX 75007 // 코마트 코웨이 : 2240 Royal Ln # 306, Dallas, TX 75229 // 시온마트 코웨이 : 2401 S STEMMONS FWY STE LEWISVILLE, TX 75067",972) 466-0996 / 972) 466-0997 2225,https://www.coway-usa.com
데이빗한 알파 부동산 학교_David Hahn Realty Advisors,,214.813.6050,https://www.hahnconsulting.us
[email protected],,214.813.6050,https://www.hahnconsulting.us
글로리 침례교회,"1105 Waterview Dr. Richardson, TX 75080",469-279-3746,https://www.glorybc.org
[email protected],"1105 Waterview Dr. Richardson, TX 75080",469-279-3746,https://www.glorybc.org
표정원 융자,"1016 W Trinity Mills Rd #200 Carrollton, TX 5006",770.318.4542,https://www.mymortgtagemac.com
[email protected],"1016 W Trinity Mills Rd #200 Carrollton, TX 5006",770.318.4542,https://www.mymortgtagemac.com
Mortgage One Group (모기지 원),"17300 N. Dallas Parkway, #2030 Dallas, TX 75248",469) 262-5585,https://maps.google.com/maps?f=d&source=s_d&saddr=&daddr=17300+N.+Dallas+Parkway%2C+%232030+Dallas%2C+TX+75248&z=16&iwloc=A&z=auto
[email protected],"17300 N. Dallas Parkway, #2030 Dallas, TX 75248",469) 262-5585,https://maps.google.com/maps?f=d&source=s_d&saddr=&daddr=17300+N.+Dallas+Parkway%2C+%232030+Dallas%2C+TX+75248&z=16&iwloc=A&z=auto
업소록,그레이프바인 토요타 (Texas Toyota of Grapevine),682 321 6387 / 817) 310-8110 / 214.271.8756 / 214.907.9090 / 972- 904-3509 / 972.972.0069 / 469-235-3643 / 972.213.0186 / 972.869.1001 / 469.838.7210 / 972-654-5387 / 464-768-9700,https://www.toyotaofgrapevine.com
PRAISEWORTHY ROOFING,그레이프바인 토요타 (Texas Toyota of Grapevine),682 321 6387 / 817) 310-8110 / 214.271.8756 / 214.907.9090 / 972- 904-3509 / 972.972.0069 / 469-235-3643 / 972.213.0186 / 972.869.1001 / 469.838.7210 / 972-654-5387 / 464-768-9700,https://www.toyotaofgrapevine.com
PRAISEWORTHY ROOFING,,682 321 6387,
[email protected],그레이프바인 토요타 (Texas Toyota of Grapevine),817) 310-8110,https://www.toyotaofgrapevine.com
[email protected],"701 E. State Hwy 114 East Grapevine, TX 76051",817) 310-8110,https://www.toyotaofgrapevine.com
SANG INJURY LAW FIRM_상 인저리,,214.271.8756,https://www.sanginjurylaw.com
만물박사,,214.907.9090,
큰나무 교회,"3114 Old Denton Road, Carrollton, TX 75007",972- 904-3509,https://www.TheGreatTree.org
Clara Beauty,4909 W Park Blvd #157 Suite 25 Plano TX 75093 (Plaza Park Salons),972.972.0069,https://maps.google.com/maps?f=d&source=s_d&saddr=&daddr=4909+W+Park+Blvd+%23157+Suite+25++Plano+TX+75093+%28Plaza+Park+Salons%29&z=16&iwloc=A&z=auto
달라스 세움 교회,"2435 E. Hebron Pkwy, Carrollton, TX 75010 (Freedon Church 본관 2충)",469-235-3643,https://maps.google.com/maps?f=d&source=s_d&saddr=&daddr=2435+E.+Hebron+Pkwy%2C+Carrollton%2C+TX+75010+%28Freedon+Church+%EB%B3%B8%EA%B4%80+2%EC%B6%A9%29&z=16&iwloc=A&z=auto
TERIYAKI 4U,"1111 W Frankford rd, Ste102, Carrollton TX 75007",972.213.0186,https://maps.google.com/maps?f=d&source=s_d&saddr=&daddr=1111+W+Frankford+rd%2C+Ste102%2C+Carrollton+TX+75007&z=16&iwloc=A&z=auto
K Salon&Barber,,972.869.1001 / 469.838.7210,https://maps.google.com/maps?f=d&source=s_d&saddr=&daddr=Inside+H+Mart&z=16&iwloc=A&z=auto
Inside H Mart,,972.869.1001 / 469.838.7210,https://maps.google.com/maps?f=d&source=s_d&saddr=&daddr=Inside+H+Mart&z=16&iwloc=A&z=auto
F&F CATERING,"8704 Cypress Waters Blvd #160, Irving, TX 75063",972-654-5387 / 464-768-9700,https://www.FNFEAT.com
업소록,"2828 Forest Ln. #2300, Dallas, TX 75234",972) 243-0108 / 501- 920-9049 / 469-216-1102 / 945.344.5008 / 469-742-1934 / 214.470.9724 / 214-317-8122 / 945.500.6092 / 972.269.5464 / 469-464-3387,http://www.kevinleeco.com
이광익 투자 종합보험,"2828 Forest Ln. #2300, Dallas, TX 75234",972) 243-0108 / 501- 920-9049 / 469-216-1102 / 945.344.5008 / 469-742-1934 / 214.470.9724 / 214-317-8122 / 945.500.6092 / 972.269.5464 / 469-464-3387,http://www.kevinleeco.com
이광익 투자 종합보험,"2828 Forest Ln. #2300, Dallas, TX 75234",972) 243-0108,http://www.kevinleeco.com
알칸사 제자들교회,"600 Kirby Road, Little Rock, AR 72211",501- 920-9049,http://www.jejas.com
ENVY IV 엔비아이비 (NUTRIENT INFUSION THERAPY),"4070 State Hwy 121 STE 412, Carrollton, TX 75010",469-216-1102,https://www.envyivtherapy.com
월.화.목.금: 9am-4:30pm / 수:12-4:30pm / 토: 10am-2pm / 일: 휴무,"4070 State Hwy 121 STE 412, Carrollton, TX 75010",469-216-1102,https://www.envyivtherapy.com
비욘드 한의원_Beyond Acupuncture,"5501 Independence Parkway suite 312, TX 75023",945.344.5008,https://www.beyondacutx.com
Team Jacob 전기 (팀 제이콥 전기),,469-742-1934,
TMD_TEXAS MAINTENANCE DEVELOPMENT,"2828 Trinity Mills Rd. Carrollton, TX 75006",214.470.9724,https://www.txmdev.com
나무 십자가 교회,"11500 N Stemmons Fwy #172. Dallas, TX 75229 (달라스 한인문화센터 내)",214-317-8122,https://maps.google.com/maps?f=d&source=s_d&saddr=&daddr=11500+N+Stemmons+Fwy+%23172.+Dallas%2C+TX+75229+%28%EB%8B%AC%EB%9D%BC%EC%8A%A4+%ED%95%9C%EC%9D%B8%EB%AC%B8%ED%99%94%EC%84%BC%ED%84%B0+%EB%82%B4%29&z=16&iwloc=A&z=auto
스킨바이시오_Skin by SIO,"4400 State Hwy 121, Suit 200, Room 17, Lewisville, TX 75056",945.500.6092,https://maps.google.com/maps?f=d&source=s_d&saddr=&daddr=4400+State+Hwy+121%2C+Suit+200%2C+Room+17%2C+Lewisville%2C+TX+75056&z=16&iwloc=A&z=auto
[email protected],"4400 State Hwy 121, Suit 200, Room 17, Lewisville, TX 75056",945.500.6092,https://maps.google.com/maps?f=d&source=s_d&saddr=&daddr=4400+State+Hwy+121%2C+Suit+200%2C+Room+17%2C+Lewisville%2C+TX+75056&z=16&iwloc=A&z=auto
K MODE 옷집_한국 의류 전문점,"4060 State Hwy 121, #150 Carrollton, TX, 75010",972.269.5464,https://maps.google.com/maps?f=d&source=s_d&saddr=&daddr=4060+State+Hwy+121%2C+%23150+Carrollton%2C+TX%2C+75010&z=16&iwloc=A&z=auto
임보석,2405 S Stemmons Fwy #112 Lewisville TX 75067,469-464-3387,https://maps.google.com/maps?f=d&source=s_d&saddr=&daddr=2405+S+Stemmons+Fwy+%23112+Lewisville+TX+75067&z=16&iwloc=A&z=auto
업소록,1445 Mac Arthur Dr. #100-C Carrollton TX 75007,469-588-5933 / 682 321 6387 / 972)-245-5511 / 469-231-5148 / 817-443-8771 / 512-695-1381 / 737 235 0384 / 469-642-6000 / 972-301-5988 / 469-459-1151 / 469-892-6094,https://maps.google.com/maps?f=d&source=s_d&saddr=&daddr=1445+Mac+Arthur+Dr.+%23100-C+Carrollton+TX+75007&z=16&iwloc=A&z=auto
지미디어,1445 Mac Arthur Dr. #100-C Carrollton TX 75007,469-588-5933 / 682 321 6387 / 972)-245-5511 / 469-231-5148 / 817-443-8771 / 512-695-1381 / 737 235 0384 / 469-642-6000 / 972-301-5988 / 469-459-1151 / 469-892-6094,https://maps.google.com/maps?f=d&source=s_d&saddr=&daddr=1445+Mac+Arthur+Dr.+%23100-C+Carrollton+TX+75007&z=16&iwloc=A&z=auto
지미디어,1445 Mac Arthur Dr. #100-C Carrollton TX 75007,469-588-5933,https://maps.google.com/maps?f=d&source=s_d&saddr=&daddr=1445+Mac+Arthur+Dr.+%23100-C+Carrollton+TX+75007&z=16&iwloc=A&z=auto
루핑 로이어,,682 321 6387,
샤브로 (Shabro),"2625 Old Denton Rd. #404, Carrollton, TX 75007",972)-245-5511,https://maps.google.com/maps?f=d&source=s_d&saddr=&daddr=2625+Old+Denton+Rd.+%23404%2C+Carrollton%2C+TX+75007&z=16&iwloc=A&z=auto
달라스 볼링협회,"5000 Main St, The Colony, TX 75056",469-231-5148,https://maps.google.com/maps?f=d&source=s_d&saddr=&daddr=5000+Main+St%2C+The+Colony%2C+TX+75056&z=16&iwloc=A&z=auto
달라스 한국 어머니회,,817-443-8771,
오스틴 한인회,,512-695-1381,
JM ACUPUNCTURE & MASSAGE - JM 한의원,"3000 Polar Lane Suit #201 Cedar Park, TX 78613",737 235 0384,https://www.jmacupuncturemassage.com
Monday-Saturday 9:00 AM - 6:00 PM,"3000 Polar Lane Suit #201 Cedar Park, TX 78613",737 235 0384,https://www.jmacupuncturemassage.com
Tiger Sun Martial Arts _ 타이거 선 태권도,,469-642-6000,
Southwestern National Bank (로얄레인),"2534 Royal Lane, Suite 110, Dallas, TX 75229",972-301-5988 / 469-459-1151,https://maps.google.com/maps?f=d&source=s_d&saddr=&daddr=2534+Royal+Lane%2C+Suite+110%2C+Dallas%2C+TX+75229&z=16&iwloc=A&z=auto
함지박,"2625 OLD Denton Rd, #598. Carrollton TX 75007",469-892-6094,https://maps.google.com/maps?f=d&source=s_d&saddr=&daddr=2625+OLD+Denton+Rd%2C+%23598.+Carrollton+TX+75007&z=16&iwloc=A&z=auto
업소록,"9300 John Hickman Pkwy. #205, Frisco, TX 75035",214.618.1396 / 214.681.9688 / 214.734.5574 / 214-470-9724 / 972) 365-1559 / 972) 245-8880 / 214) 725-6870 / 469.822.3425 / 214-484-3366 / 469.777.6227 / 469.758.2276 / 945-273-0115,https://maps.google.com/maps?f=d&source=s_d&saddr=&daddr=9300+John+Hickman+Pkwy.+%23205%2C+Frisco%2C+TX+75035&z=16&iwloc=A&z=auto
올마이티 홈 헬스케어 (Almighty Home Health Medicare Service),"9300 John Hickman Pkwy. #205, Frisco, TX 75035",214.618.1396 / 214.681.9688 / 214.734.5574 / 214-470-9724 / 972) 365-1559 / 972) 245-8880 / 214) 725-6870 / 469.822.3425 / 214-484-3366 / 469.777.6227 / 469.758.2276 / 945-273-0115,https://maps.google.com/maps?f=d&source=s_d&saddr=&daddr=9300+John+Hickman+Pkwy.+%23205%2C+Frisco%2C+TX+75035&z=16&iwloc=A&z=auto
올마이티 홈 헬스케어 (Almighty Home Health Medicare Service),"9300 John Hickman Pkwy. #205, Frisco, TX 75035",214.618.1396 / 214.681.9688 / 214.734.5574,https://maps.google.com/maps?f=d&source=s_d&saddr=&daddr=9300+John+Hickman+Pkwy.+%23205%2C+Frisco%2C+TX+75035&z=16&iwloc=A&z=auto
[email protected],"9300 John Hickman Pkwy. #205, Frisco, TX 75035",214.618.1396 / 214.681.9688 / 214.734.5574,https://maps.google.com/maps?f=d&source=s_d&saddr=&daddr=9300+John+Hickman+Pkwy.+%23205%2C+Frisco%2C+TX+75035&z=16&iwloc=A&z=auto
북텍사스 한인 상공회,,214-470-9724,
케이 부동산 그룹,"555 Waterloo Drive, Lewisville, TX 75067",972) 365-1559,https://maps.google.com/maps?f=d&source=s_d&saddr=&daddr=555+Waterloo+Drive%2C+Lewisville%2C+TX+75067&z=16&iwloc=A&z=auto
무시로 (Musiro),"2625 Old Denton Rd. #310, Carrollton, TX 75007",972) 245-8880,https://maps.google.com/maps?f=d&source=s_d&saddr=&daddr=2625+Old+Denton+Rd.+%23310%2C+Carrollton%2C+TX+75007&z=16&iwloc=A&z=auto
황일규 부동산,"2727 LBJ Fwy. #212-5, Dallas, TX 75234",214) 725-6870,https://maps.google.com/maps?f=d&source=s_d&saddr=&daddr=2727+LBJ+Fwy.+%23212-5%2C+Dallas%2C+TX+75234&z=16&iwloc=A&z=auto
[email protected],"2727 LBJ Fwy. #212-5, Dallas, TX 75234",214) 725-6870,https://maps.google.com/maps?f=d&source=s_d&saddr=&daddr=2727+LBJ+Fwy.+%23212-5%2C+Dallas%2C+TX+75234&z=16&iwloc=A&z=auto
페리카나 치킨_Pelicana chicken,"1012 Mac Arthur DR Suite 116, Carrollton, TX 75007",469.822.3425,https://maps.google.com/maps?f=d&source=s_d&saddr=&daddr=1012+Mac+Arthur+DR+Suite+116%2C+Carrollton%2C+TX+75007&z=16&iwloc=A&z=auto
모란옥,"2534 Royal Ln. #136, Dallas, TX 75229",214-484-3366,https://maps.google.com/maps?f=d&source=s_d&saddr=&daddr=2534+Royal+Ln.+%23136%2C+Dallas%2C+TX+75229&z=16&iwloc=A&z=auto
AnA Auto,"11416 Newkirk St, Dallas, TX 75229",469.777.6227,https://maps.google.com/maps?f=d&source=s_d&saddr=&daddr=11416+Newkirk+St%2C+Dallas%2C+TX+75229&z=16&iwloc=A&z=auto
K·미디어,,469.758.2276,https://www.Kmediaonline.com
[email protected],,469.758.2276,https://www.Kmediaonline.com
주님의교회(플라워마운드),"2565 MacArthur Blvd Lewisville, TX 75067",945-273-0115,https://maps.google.com/maps?f=d&source=s_d&saddr=&daddr=2565+MacArthur+Blvd+Lewisville%2C+TX+75067&z=16&iwloc=A&z=auto
[email protected],"2565 MacArthur Blvd Lewisville, TX 75067",945-273-0115,https://maps.google.com/maps?f=d&source=s_d&saddr=&daddr=2565+MacArthur+Blvd+Lewisville%2C+TX+75067&z=16&iwloc=A&z=auto
텍산 왕발,"2701 Old Denton Rd #110 Carrollton, TX 75007",214) 731-6763,https://maps.google.com/maps?f=d&source=s_d&saddr=&daddr=2701+Old+Denton+Rd+%23110+Carrollton%2C+TX+75007&z=16&iwloc=A&z=auto
센트럴 신학교/신학대학원 (Central Theological Baptist Seminary),"(달라스 캠퍼스) 1017 Erie St, Carrollton, TX 75006 / (휴스톤 캠퍼스 )14311 Park Row, Houston, TX 77084 / (오스틴 캠퍼스) 12311 Natures Bend, Austin, TX 78753",913-667-5720,https://maps.google.com/maps?f=d&source=s_d&saddr=&daddr=%28%EB%8B%AC%EB%9D%BC%EC%8A%A4+%EC%BA%A0%ED%8D%BC%EC%8A%A4%29+1017+Erie+St%2C+Carrollton%2C+TX+75006+%2F+++++%28%ED%9C%B4%EC%8A%A4%ED%86%A4+%EC%BA%A0%ED%8D%BC%EC%8A%A4+%2914311+Park+Row%2C+Houston%2C+TX+77084+%2F+++++%28%EC%98%A4%EC%8A%A4%ED%8B%B4+%EC%BA%A0%ED%8D%BC%EC%8A%A4%29+12311+Natures+Bend%2C+Austin%2C+TX+78753&z=16&iwloc=A&z=auto
[email protected],"(달라스 캠퍼스) 1017 Erie St, Carrollton, TX 75006 / (휴스톤 캠퍼스 )14311 Park Row, Houston, TX 77084 / (오스틴 캠퍼스) 12311 Natures Bend, Austin, TX 78753",913-667-5720,https://maps.google.com/maps?f=d&source=s_d&saddr=&daddr=%28%EB%8B%AC%EB%9D%BC%EC%8A%A4+%EC%BA%A0%ED%8D%BC%EC%8A%A4%29+1017+Erie+St%2C+Carrollton%2C+TX+75006+%2F+++++%28%ED%9C%B4%EC%8A%A4%ED%86%A4+%EC%BA%A0%ED%8D%BC%EC%8A%A4+%2914311+Park+Row%2C+Houston%2C+TX+77084+%2F+++++%28%EC%98%A4%EC%8A%A4%ED%8B%B4+%EC%BA%A0%ED%8D%BC%EC%8A%A4%29+12311+Natures+Bend%2C+Austin%2C+TX+78753&z=16&iwloc=A&z=auto
대한관광여행사,,972.323.0000 / 972.323.0003,https://www.deahandallas.com
"2625 Old Denton RD Apt341, Carrollton, TX75007",,972.323.0000 / 972.323.0003,https://www.deahandallas.com
BB에스테틱_BB ESTHETICS,"1220 W. Trinity Mill Rd. Building 1. #400 Carrollton, TX 75006",214 478 6023,https://maps.google.com/maps?f=d&source=s_d&saddr=&daddr=1220+W.+Trinity+Mill+Rd.+Building+1.+%23400++Carrollton%2C+TX+75006&z=16&iwloc=A&z=auto
달라스 한국 노인회,,636-484-3611,
Crazy BBQ,"1017 E Trinity Mls Rd Apt 120, Carrollton, TX 75007",469.900.8333,https://maps.google.com/maps?f=d&source=s_d&saddr=&daddr=1017+E+Trinity+Mls+Rd+Apt+120%2C+Carrollton%2C+TX+75007&z=16&iwloc=A&z=auto
네이션와이드 현대투자종합보험 (Nationwide Insurance and Finance services),"2640 Old Denton Rd #154, Carrollton, TX 75007",214) 206-1414 / 214) 766-3637,https://hdi.agency
[email protected],"2640 Old Denton Rd #154, Carrollton, TX 75007",214) 206-1414 / 214) 766-3637,https://hdi.agency
엘리트 학원 (Elite Education Institute) 사우스레이크,"410 West Southlake Blvd Southlake, TX 76092",817) 752-9088,https://maps.google.com/maps?f=d&source=s_d&saddr=&daddr=410+West+Southlake+Blvd+Southlake%2C+TX+76092&z=16&iwloc=A&z=auto
박경자 헤어살롱,,972) 567-6500,https://maps.google.com/maps?f=d&source=s_d&saddr=&daddr=3921+W.Park+Blvd.%23103+Plano+TX75075+%28Imagine+Salon%29&z=16&iwloc=A&z=auto
[email protected],,972) 567-6500,https://maps.google.com/maps?f=d&source=s_d&saddr=&daddr=3921+W.Park+Blvd.%23103+Plano+TX75075+%28Imagine+Salon%29&z=16&iwloc=A&z=auto
한인 실어증 커뮤니티 Korean Aphasia Community,,213) 495-0265,https://sites.google.com/view/koreanaphasiacommunity
[email protected],,213) 495-0265,https://sites.google.com/view/koreanaphasiacommunity
업소록,"1621 W Hebron pkwy. STE 100, Carrollton, TX 75010",972.302.1045 / 469-664-7242 / 214-715-0067 / 347. 982 . 3391 / 214) 477-9697 / 512.945.7286 / 214 436 7294 / 214.601.1541 / 214-238-7189 / 972.537.5288,https://maps.google.com/maps?f=d&source=s_d&saddr=&daddr=1621+W+Hebron+pkwy.+STE+100%2C+Carrollton%2C+TX+75010&z=16&iwloc=A&z=auto
RCC USA INC 상업용 식기세척기,"1621 W Hebron pkwy. STE 100, Carrollton, TX 75010",972.302.1045 / 469-664-7242 / 214-715-0067 / 347. 982 . 3391 / 214) 477-9697 / 512.945.7286 / 214 436 7294 / 214.601.1541 / 214-238-7189 / 972.537.5288,https://maps.google.com/maps?f=d&source=s_d&saddr=&daddr=1621+W+Hebron+pkwy.+STE+100%2C+Carrollton%2C+TX+75010&z=16&iwloc=A&z=auto
RCC USA INC 상업용 식기세척기,,972.302.1045,
진수성찬 잔치집,"1621 W Hebron pkwy. STE 100, Carrollton, TX 75010",469-664-7242,https://maps.google.com/maps?f=d&source=s_d&saddr=&daddr=1621+W+Hebron+pkwy.+STE+100%2C+Carrollton%2C+TX+75010&z=16&iwloc=A&z=auto
라이트하우스 달라스 교회,"6400 Stonebrook Pkwy, Frisco, TX 75034",214-715-0067,https://www.lhdchurch.org
본촌치킨,,347. 982 . 3391,
[email protected],,347. 982 . 3391,
Genesis Home Loan 제네시스 홈 론 (Ted Kim),"2701 Old Denton Rd #280, Carrollton, TX 75007",214) 477-9697,https://maps.google.com/maps?f=d&source=s_d&saddr=&daddr=2701+Old+Denton+Rd+%23280%2C+Carrollton%2C+TX+75007&z=16&iwloc=A&z=auto
[email protected],"2701 Old Denton Rd #280, Carrollton, TX 75007",214) 477-9697,https://maps.google.com/maps?f=d&source=s_d&saddr=&daddr=2701+Old+Denton+Rd+%23280%2C+Carrollton%2C+TX+75007&z=16&iwloc=A&z=auto
은혜부동산 (오스틴),,512.945.7286,https://www.austinbusinessfinder.com
[email protected],,512.945.7286,https://www.austinbusinessfinder.com
강병진 세무사,"9775 Bell Rock Rd Frisco, TX 75035",214 436 7294,https://maps.google.com/maps?f=d&source=s_d&saddr=&daddr=9775+Bell+Rock+Rd+Frisco%2C+TX+75035&z=16&iwloc=A&z=auto
[email protected],"9775 Bell Rock Rd Frisco, TX 75035",214 436 7294,https://maps.google.com/maps?f=d&source=s_d&saddr=&daddr=9775+Bell+Rock+Rd+Frisco%2C+TX+75035&z=16&iwloc=A&z=auto
이용수 보험,"4808 Telluride Lane, Carrollton, TX 75010",214.601.1541,https://maps.google.com/maps?f=d&source=s_d&saddr=&daddr=4808+Telluride+Lane%2C+Carrollton%2C+TX+75010&z=16&iwloc=A&z=auto
텍산왕발 2호점,"11422 Harry Hines Blvd. #210. Dallas, TX 75229",214-238-7189,https://maps.google.com/maps?f=d&source=s_d&saddr=&daddr=11422+Harry+Hines+Blvd.+%23210.+Dallas%2C+TX+75229&z=16&iwloc=A&z=auto
ICX_ICOMPETE EXPERIENCE,"2405 S. Stemmons Frwy, Suite 200, Lewisville, TX 75067 (시온마켓 2층)",972.537.5288,https://www.iCompetex.com
[email protected],"2405 S. Stemmons Frwy, Suite 200, Lewisville, TX 75067 (시온마켓 2층)",972.537.5288,https://www.iCompetex.com
업소록,"1017 W Trinity Mills Rd, Carrollton, TX 75006",214 731 6043 / 972-901-0595 / 214-377-9917 / 972.599.7800 / 940) 312-1448 / 469.567.3632 / 469.567.3569 / 817.808.2078 / 816) 414-3700 / 469) 522-6500 / 833-895-0002,https://maps.google.com/maps?f=d&source=s_d&saddr=&daddr=1017+W+Trinity+Mills+Rd%2C+Carrollton%2C+TX+75006&z=16&iwloc=A&z=auto
HYDRO CLEAN,"1017 W Trinity Mills Rd, Carrollton, TX 75006",214 731 6043 / 972-901-0595 / 214-377-9917 / 972.599.7800 / 940) 312-1448 / 469.567.3632 / 469.567.3569 / 817.808.2078 / 816) 414-3700 / 469) 522-6500 / 833-895-0002,https://maps.google.com/maps?f=d&source=s_d&saddr=&daddr=1017+W+Trinity+Mills+Rd%2C+Carrollton%2C+TX+75006&z=16&iwloc=A&z=auto
HYDRO CLEAN,"1017 W Trinity Mills Rd, Carrollton, TX 75006",214 731 6043,https://maps.google.com/maps?f=d&source=s_d&saddr=&daddr=1017+W+Trinity+Mills+Rd%2C+Carrollton%2C+TX+75006&z=16&iwloc=A&z=auto
블루앵커 재정보험,,972-901-0595,https://www.boyunjooinsurance.com
로얄 골프존,"2000 Royal Lane Dallas, TX 75229",214-377-9917,https://maps.google.com/maps?f=d&source=s_d&saddr=&daddr=2000+Royal+Lane+Dallas%2C+TX+75229&z=16&iwloc=A&z=auto
메도우뷰 교정전문치과 _ Meadowview Orthodontics,"4105 West Spring Creek Parkway #506 Plano, TX 75024",972.599.7800,https://www.meadowviewortho.com
월~금 : 9am-5pm 목요일 휴무 토요일: 9am-2pm,"4105 West Spring Creek Parkway #506 Plano, TX 75024",972.599.7800,https://www.meadowviewortho.com
김태근 척추 신경 (AMAZING CHIROPRACTIC AND ACUPUNCTURE),"1908 ROYAL LN. STE. 500 DALLAS, TX 75229",940) 312-1448,https://maps.google.com/maps?f=d&source=s_d&saddr=&daddr=1908+ROYAL+LN.+STE.+500+DALLAS%2C+TX+75229&z=16&iwloc=A&z=auto
카스정비소_KARS AUTO SHOP,"11322 Kline Dr. Dallas, TX 75229",469.567.3632 / 469.567.3569,https://maps.google.com/maps?f=d&source=s_d&saddr=&daddr=11322+Kline+Dr.+Dallas%2C+TX+75229&z=16&iwloc=A&z=auto
국제개혁대학교 신학대학원,,817.808.2078,https://www.irus.edu
[email protected],,817.808.2078,https://www.irus.edu
미드웨스턴 침례신학대학원,"5001 North Oak Trafficway, Kansas City, MO 64118",816) 414-3700,http://www.mbts.edu/academics/koreanstudies/
CDS,"1878 Royal Ln #200 Dallas, TX 75229",469) 522-6500,https://maps.google.com/maps?f=d&source=s_d&saddr=&daddr=1878+Royal+Ln+%23200+Dallas%2C+TX+75229&z=16&iwloc=A&z=auto
cdsus.com,"1878 Royal Ln #200 Dallas, TX 75229",469) 522-6500,https://maps.google.com/maps?f=d&source=s_d&saddr=&daddr=1878+Royal+Ln+%23200+Dallas%2C+TX+75229&z=16&iwloc=A&z=auto
BLUU,11498 Luna Rd. #205 Farmers Branch TX 75234,833-895-0002,https://www.ebluu.com/
업소록,"달라스 751 Hebron PKWY. #335, Lewisville, TX 75057 / 휴스턴 11111 Katy Fwy, #900, Houston, TX 77079 / 오스틴 1127 Pearl Retreat Ln. Austin, TX 78753",469-440-9659 / 408-204-7891 / 972) 620-6296 / 469.993.8080 / 972-255-5788 / 469 372 1487 / 972-369-6647 / 972- 658-3786 / 214 731 6520 / 817.584.6544 / 945-301-2918 / 214) 902-9779,https://maps.google.com/maps?f=d&source=s_d&saddr=&daddr=%EB%8B%AC%EB%9D%BC%EC%8A%A4+751+Hebron+PKWY.+%23335%2C+Lewisville%2C+TX+75057+%2F+%ED%9C%B4%EC%8A%A4%ED%84%B4+11111+Katy+Fwy%2C+%23900%2C+Houston%2C+TX+77079+%2F+%EC%98%A4%EC%8A%A4%ED%8B%B4+1127+Pearl+Retreat+Ln.+Austin%2C+TX+78753&z=16&iwloc=A&z=auto
조나단 재정 그룹,"달라스 751 Hebron PKWY. #335, Lewisville, TX 75057 / 휴스턴 11111 Katy Fwy, #900, Houston, TX 77079 / 오스틴 1127 Pearl Retreat Ln. Austin, TX 78753",469-440-9659 / 408-204-7891 / 972) 620-6296 / 469.993.8080 / 972-255-5788 / 469 372 1487 / 972-369-6647 / 972- 658-3786 / 214 731 6520 / 817.584.6544 / 945-301-2918 / 214) 902-9779,https://maps.google.com/maps?f=d&source=s_d&saddr=&daddr=%EB%8B%AC%EB%9D%BC%EC%8A%A4+751+Hebron+PKWY.+%23335%2C+Lewisville%2C+TX+75057+%2F+%ED%9C%B4%EC%8A%A4%ED%84%B4+11111+Katy+Fwy%2C+%23900%2C+Houston%2C+TX+77079+%2F+%EC%98%A4%EC%8A%A4%ED%8B%B4+1127+Pearl+Retreat+Ln.+Austin%2C+TX+78753&z=16&iwloc=A&z=auto
조나단 재정 그룹,"달라스 751 Hebron PKWY. #335, Lewisville, TX 75057 / 휴스턴 11111 Katy Fwy, #900, Houston, TX 77079 / 오스틴 1127 Pearl Retreat Ln. Austin, TX 78753",469-440-9659 / 408-204-7891,https://maps.google.com/maps?f=d&source=s_d&saddr=&daddr=%EB%8B%AC%EB%9D%BC%EC%8A%A4+751+Hebron+PKWY.+%23335%2C+Lewisville%2C+TX+75057+%2F+%ED%9C%B4%EC%8A%A4%ED%84%B4+11111+Katy+Fwy%2C+%23900%2C+Houston%2C+TX+77079+%2F+%EC%98%A4%EC%8A%A4%ED%8B%B4+1127+Pearl+Retreat+Ln.+Austin%2C+TX+78753&z=16&iwloc=A&z=auto
JonathanFinancial.com,"달라스 751 Hebron PKWY. #335, Lewisville, TX 75057 / 휴스턴 11111 Katy Fwy, #900, Houston, TX 77079 / 오스틴 1127 Pearl Retreat Ln. Austin, TX 78753",469-440-9659 / 408-204-7891,https://maps.google.com/maps?f=d&source=s_d&saddr=&daddr=%EB%8B%AC%EB%9D%BC%EC%8A%A4+751+Hebron+PKWY.+%23335%2C+Lewisville%2C+TX+75057+%2F+%ED%9C%B4%EC%8A%A4%ED%84%B4+11111+Katy+Fwy%2C+%23900%2C+Houston%2C+TX+77079+%2F+%EC%98%A4%EC%8A%A4%ED%8B%B4+1127+Pearl+Retreat+Ln.+Austin%2C+TX+78753&z=16&iwloc=A&z=auto
TCN 텍사스 크리스천 뉴스 신문사,"2356 Glenda Ln., Dallas, TX - 75229",972) 620-6296,https://maps.google.com/maps?f=d&source=s_d&saddr=&daddr=2356+Glenda+Ln.%2C+Dallas%2C+TX+-+75229&z=16&iwloc=A&z=auto
texaschristiannews.com,"2356 Glenda Ln., Dallas, TX - 75229",972) 620-6296,https://maps.google.com/maps?f=d&source=s_d&saddr=&daddr=2356+Glenda+Ln.%2C+Dallas%2C+TX+-+75229&z=16&iwloc=A&z=auto
림베스팅 부동산,,469.993.8080,
와호장룡,"328 N Greenville Ave, Richardson, Texas",972-255-5788,https://www. cthdrichardsontx.com
[email protected],"328 N Greenville Ave, Richardson, Texas",972-255-5788,https://www. cthdrichardsontx.com
LIBBY'S HOME HEALTH CARE 한미은퇴자 협회 _ 리비스 홈 헬스 케어,,469 372 1487,https://maps.google.com/maps?f=d&source=s_d&saddr=&daddr=11500+N%2C+Stemmons+Fwy+%23180+%28%ED%95%9C%EA%B5%AD%EB%AC%B8%ED%99%94%EC%84%BC%ED%84%B0%EB%82%B4%29&z=16&iwloc=A&z=auto
샐러드 마스터 _ SALADMASTER,,972-369-6647 / 972- 658-3786,https://maps.google.com/maps?f=d&source=s_d&saddr=&daddr=1016+W+Trinity+Mills+Rd.+%23208%2C+Carrollton+%28%EC%BA%90%EB%A1%A4%ED%86%A4+H%EB%A7%88%ED%8A%B8+%EC%98%86%EA%B1%B4%EB%AC%BC%2C+%EC%9A%B8%ED%83%80%EB%A6%AC%EB%AA%B0+2%EC%B8%B5%29&z=16&iwloc=A&z=auto
[email protected],,972-369-6647 / 972- 658-3786,https://maps.google.com/maps?f=d&source=s_d&saddr=&daddr=1016+W+Trinity+Mills+Rd.+%23208%2C+Carrollton+%28%EC%BA%90%EB%A1%A4%ED%86%A4+H%EB%A7%88%ED%8A%B8+%EC%98%86%EA%B1%B4%EB%AC%BC%2C+%EC%9A%B8%ED%83%80%EB%A6%AC%EB%AA%B0+2%EC%B8%B5%29&z=16&iwloc=A&z=auto
깐부활어횟집,,214 731 6520,https://maps.google.com/maps?f=d&source=s_d&saddr=&daddr=4070++State+Hwy+121+%23228%2C+Carrollton%2C+TX75010&z=16&iwloc=A&z=auto
더 크로스 교회,"6955 Blvd 26, North Richland Hills, TX 76180",817.584.6544,https://maps.google.com/maps?f=d&source=s_d&saddr=&daddr=6955+Blvd+26%2C+North+Richland+Hills%2C+TX+76180&z=16&iwloc=A&z=auto
RESTART CHURCH,"1445 Mac Arthur Dr. #144, Carrollton, TX 75007",945-301-2918,https://www.rchurch.net
"정무창 안과, O.D (달라스)","11722 Marsh Ln. #350, Dallas, TX 75229",214) 902-9779,https://maps.google.com/maps?f=d&source=s_d&saddr=&daddr=11722+Marsh+Ln.+%23350%2C+Dallas%2C+TX+75229&z=16&iwloc=A&z=auto
업소록,"2600 MacArthur Blvd Suite 701, Lewisville, TX 75067",484 800 2106 / 214.813.1170 / 972 899 9780 / 512- 465-9191 / 972.247.5477 / 972.986.2071 / 214.222.5373 / 972) 620-6296 / 214) 587-5143 / 972)660-9600 / 512) 453-0276,https://maps.google.com/maps?f=d&source=s_d&saddr=&daddr=2600+MacArthur+Blvd+Suite+701%2C+Lewisville%2C+TX+75067&z=16&iwloc=A&z=auto
조윤정 변호사,"2600 MacArthur Blvd Suite 701, Lewisville, TX 75067",484 800 2106 / 214.813.1170 / 972 899 9780 / 512- 465-9191 / 972.247.5477 / 972.986.2071 / 214.222.5373 / 972) 620-6296 / 214) 587-5143 / 972)660-9600 / 512) 453-0276,https://maps.google.com/maps?f=d&source=s_d&saddr=&daddr=2600+MacArthur+Blvd+Suite+701%2C+Lewisville%2C+TX+75067&z=16&iwloc=A&z=auto
조윤정 변호사,"2600 MacArthur Blvd Suite 701, Lewisville, TX 75067",484 800 2106,https://maps.google.com/maps?f=d&source=s_d&saddr=&daddr=2600+MacArthur+Blvd+Suite+701%2C+Lewisville%2C+TX+75067&z=16&iwloc=A&z=auto
[email protected],"2600 MacArthur Blvd Suite 701, Lewisville, TX 75067",484 800 2106,https://maps.google.com/maps?f=d&source=s_d&saddr=&daddr=2600+MacArthur+Blvd+Suite+701%2C+Lewisville%2C+TX+75067&z=16&iwloc=A&z=auto
Air Touch,,214.813.1170,
EXCEED PHYSICAL THERAPY_ 엑시드 물리치료,"3370 Long Prairie Rd Ste 625, Flower Mound, TX 75022",972 899 9780,https://maps.google.com/maps?f=d&source=s_d&saddr=&daddr=3370+Long+Prairie+Rd+Ste+625%2C+Flower+Mound%2C+TX+75022&z=16&iwloc=A&z=auto
[email protected],"3370 Long Prairie Rd Ste 625, Flower Mound, TX 75022",972 899 9780,https://maps.google.com/maps?f=d&source=s_d&saddr=&daddr=3370+Long+Prairie+Rd+Ste+625%2C+Flower+Mound%2C+TX+75022&z=16&iwloc=A&z=auto
주님의교회(어스틴),"301 W. Anderson Lane, Austin, TX 78752",512- 465-9191,http://www.lcaustin.org
한진관광,"2639 Walnut Hill Ln. #16B Dallas, TX 75229",972.247.5477 / 972.986.2071,https://www.hanjinbustour.com
F&F ON THE GO 케이터링,"2405 S Stemmons Fwy #201, Lewisville, TX 75067",214.222.5373,https://maps.google.com/maps?f=d&source=s_d&saddr=&daddr=2405+S+Stemmons+Fwy+%23201%2C+Lewisville%2C+TX+75067&z=16&iwloc=A&z=auto
KTN 코리아 타운 뉴스 신문사,"2356 Glenda Ln., Dallas, TX - 75229",972) 620-6296,https://www.koreatownnews.com
[email protected],"2356 Glenda Ln., Dallas, TX - 75229",972) 620-6296,https://www.koreatownnews.com
Danny Food 도넛장비,"2540 Glenda Ln. #124, Dallas, TX 75229",214) 587-5143,https://maps.google.com/maps?f=d&source=s_d&saddr=&daddr=2540+Glenda+Ln.+%23124%2C+Dallas%2C+TX+75229&z=16&iwloc=A&z=auto
메트로 시티은행 (Metro city bank 그랜프레리),"2615 W. Pioneer Parkway, Suite 101 Grand Prairie, TX 75051",972)660-9600,https://www.metrocitybank.com
"(Mon-Fri) 9:00am ~ 5:00pm, (Sat) 9:00am ~ 2:00pm","2615 W. Pioneer Parkway, Suite 101 Grand Prairie, TX 75051",972)660-9600,https://www.metrocitybank.com
Hancock Golf Course,"811 E 41st Street, Austin, TX 78751",512) 453-0276,https://maps.google.com/maps?f=d&source=s_d&saddr=&daddr=811+E+41st+Street%2C+Austin%2C+TX+78751&z=16&iwloc=A&z=auto
업소록,"7535 Little River Turnpike #325, Annandale, VA 22003",571) 242-3736 / 469.974.9669 / 214) 818-0935 / 713) 278-9788 / 972) 247-1000 / 972) 888-7000 / 972) 869-1001 / 512) 899-8710 / 713) 568-1240 / 713) 781-1616 / 214) 994-7850 / 469) 417-9999,https://maps.google.com/maps?f=d&source=s_d&saddr=&daddr=7535+Little+River+Turnpike+%23325%2C+Annandale%2C+VA+22003&z=16&iwloc=A&z=auto
뉴써니 칼렌더,"7535 Little River Turnpike #325, Annandale, VA 22003",571) 242-3736 / 469.974.9669 / 214) 818-0935 / 713) 278-9788 / 972) 247-1000 / 972) 888-7000 / 972) 869-1001 / 512) 899-8710 / 713) 568-1240 / 713) 781-1616 / 214) 994-7850 / 469) 417-9999,https://maps.google.com/maps?f=d&source=s_d&saddr=&daddr=7535+Little+River+Turnpike+%23325%2C+Annandale%2C+VA+22003&z=16&iwloc=A&z=auto
뉴써니 칼렌더,"7535 Little River Turnpike #325, Annandale, VA 22003",571) 242-3736,https://maps.google.com/maps?f=d&source=s_d&saddr=&daddr=7535+Little+River+Turnpike+%23325%2C+Annandale%2C+VA+22003&z=16&iwloc=A&z=auto
정관장 (한국인삼공사) / 시온마켓,"405 S. Stemmons Fwy #110, Lewisville, TX 75067",469.974.9669,http://www.kgcus.com
리차드 하 성형외과,"9101 N. Central Expy. #600, Dallas, TX 75231",214) 818-0935,http://www.haplasticsurgery.com
[email protected],"9101 N. Central Expy. #600, Dallas, TX 75231",214) 818-0935,http://www.haplasticsurgery.com
한사랑 한의원,"9413 Richmond Ave., Houston, TX 77063",713) 278-9788,https://maps.google.com/maps?f=d&source=s_d&saddr=&daddr=9413+Richmond+Ave.%2C+Houston%2C+TX+77063&z=16&iwloc=A&z=auto
Dallas Medical Center/RHD Memorial Medical Center,"7 Medical Parkway, Dallas, TX 75234",972) 247-1000 / 972) 888-7000,http://www.dallasmedcenter.com
(Mon-Sun) 9:00am ~ 9:00pm,"7 Medical Parkway, Dallas, TX 75234",972) 247-1000 / 972) 888-7000,http://www.dallasmedcenter.com
헤어스토리 (Hair Story),"2625 Old Denton Rd. #248, Carrollton, TX 75007",972) 869-1001,https://maps.google.com/maps?f=d&source=s_d&saddr=&daddr=2625+Old+Denton+Rd.+%23248%2C+Carrollton%2C+TX+75007&z=16&iwloc=A&z=auto
국술원 (어스틴),"6001 W. Williams Cannon, Austin, TX 78749",512) 899-8710,https://maps.google.com/maps?f=d&source=s_d&saddr=&daddr=6001+W.+Williams+Cannon%2C+Austin%2C+TX+78749&z=16&iwloc=A&z=auto
H마트 꽃방,"1302 Blalock Road, Houston, TX 77055",713) 568-1240,https://maps.google.com/maps?f=d&source=s_d&saddr=&daddr=1302+Blalock+Road%2C+Houston%2C+TX+77055&z=16&iwloc=A&z=auto
유니온 홀세일,"7645 Dashwood Drive, Houston, TX 77063",713) 781-1616,https://maps.google.com/maps?f=d&source=s_d&saddr=&daddr=7645+Dashwood+Drive%2C+Houston%2C+TX+77063&z=16&iwloc=A&z=auto
패밀리 택시,,214) 994-7850 / 469) 417-9999,
업소록,"3112 N. Jupiter Rd #401, Garland, TX 75044",972) 414-2963 / 115293168493354 / 214) 372-9173 / 832) 798-3357 / 713) 898-0120 / 972) 484-9560 / 972) 428-5088 / 214) 788-2810 / 972) 849-3881 / 972) 434-3090 / 512) 828-2993,https://www.facebook.com/Kim-Brothers-Hapkido-Taekwondo-115293168493354/?ref=page_internal
김브라더스 태권도 (Kim Brother's TaeKwonDo),"3112 N. Jupiter Rd #401, Garland, TX 75044",972) 414-2963 / 115293168493354 / 214) 372-9173 / 832) 798-3357 / 713) 898-0120 / 972) 484-9560 / 972) 428-5088 / 214) 788-2810 / 972) 849-3881 / 972) 434-3090 / 512) 828-2993,https://www.facebook.com/Kim-Brothers-Hapkido-Taekwondo-115293168493354/?ref=page_internal
김브라더스 태권도 (Kim Brother's TaeKwonDo),"3112 N. Jupiter Rd #401, Garland, TX 75044",972) 414-2963 / 115293168493354,https://www.facebook.com/Kim-Brothers-Hapkido-Taekwondo-115293168493354/?ref=page_internal
빅티 프라자,"4515 Village Fair Drvie, Dallas, TX 75224",214) 372-9173,https://maps.google.com/maps?f=d&source=s_d&saddr=&daddr=4515+Village+Fair+Drvie%2C+Dallas%2C+TX+75224&z=16&iwloc=A&z=auto
텍사스 정토회,"5303 Summerside Drive, Houston, TX 77450",832) 798-3357,https://maps.google.com/maps?f=d&source=s_d&saddr=&daddr=5303+Summerside+Drive%2C+Houston%2C+TX+77450&z=16&iwloc=A&z=auto
할렐루야 선교교회,"4740 Tacoma Street, Houston, TX 77092",713) 898-0120,https://maps.google.com/maps?f=d&source=s_d&saddr=&daddr=4740+Tacoma+Street%2C+Houston%2C+TX+77092&z=16&iwloc=A&z=auto
L'Patricia-Fashion,"11818 Harry Hines Blvd. #216, Dallas, TX 75234",972) 484-9560,https://maps.google.com/maps?f=d&source=s_d&saddr=&daddr=11818+Harry+Hines+Blvd.+%23216%2C+Dallas%2C+TX+75234&z=16&iwloc=A&z=auto
아메리칸 제일은행 (Carrollton),"2625 Old Denton Rd. #552, Carrollton, TX 75007",972) 428-5088,https://afnb.com
"(Mon-Thu) 9:00am ~ 5:00pm, (Fri) 9:00am ~ 5:30pm, (Sat) 9:00am ~ 1:00pm","2625 Old Denton Rd. #552, Carrollton, TX 75007",972) 428-5088,https://afnb.com
홍콩마켓 (그랜드 프래리),"2615 W. Pioneer Pkwy. #100, Grand Prairie, TX 75051",214) 788-2810,https://maps.google.com/maps?f=d&source=s_d&saddr=&daddr=2615+W.+Pioneer+Pkwy.+%23100%2C+Grand+Prairie%2C+TX+75051&z=16&iwloc=A&z=auto
YB 바이올린 스튜디오,,972) 849-3881,
기아 KIA (Huffines Kia),"5150 S. Stemmons Freeway, Lewisville, TX 75067",972) 434-3090,https://maps.google.com/maps?f=d&source=s_d&saddr=&daddr=5150+S.+Stemmons+Freeway%2C+Lewisville%2C+TX+75067&z=16&iwloc=A&z=auto
코리아 월드,,512) 828-2993,
업소록,"7101 Easy Wind Dr. #3107, Austin, TX 78752",512) 284-9729 / 972) 612-1900 / 214-613-2858 / 972) 492-1010 / 512) 554-5424 / 501) 658-7867 / 972) 620-8551 / 713) 464-1744 / 972) 241-3657 / 972) 644-3999,https://maps.google.com/maps?f=d&source=s_d&saddr=&daddr=7101+Easy+Wind+Dr.+%233107%2C+Austin%2C+TX+78752&z=16&iwloc=A&z=auto
아이플보험,"7101 Easy Wind Dr. #3107, Austin, TX 78752",512) 284-9729 / 972) 612-1900 / 214-613-2858 / 972) 492-1010 / 512) 554-5424 / 501) 658-7867 / 972) 620-8551 / 713) 464-1744 / 972) 241-3657 / 972) 644-3999,https://maps.google.com/maps?f=d&source=s_d&saddr=&daddr=7101+Easy+Wind+Dr.+%233107%2C+Austin%2C+TX+78752&z=16&iwloc=A&z=auto
아이플보험,"7101 Easy Wind Dr. #3107, Austin, TX 78752",512) 284-9729,https://maps.google.com/maps?f=d&source=s_d&saddr=&daddr=7101+Easy+Wind+Dr.+%233107%2C+Austin%2C+TX+78752&z=16&iwloc=A&z=auto
어드밴스 성형외과,"5508 W. Plano Pkwy. #200, Plano, TX 75093",972) 612-1900,http://www.advsurgicalarts.com
"(Mon-Thu) 8:00am ~ 4:30pm, (Fri) 8:00am ~ 12:00pm","5508 W. Plano Pkwy. #200, Plano, TX 75093",972) 612-1900,http://www.advsurgicalarts.com
원돈 (ONE DON),"11434 Emerald St #108, Dallas, TX 75229",214-613-2858,https://maps.google.com/maps?f=d&source=s_d&saddr=&daddr=11434+Emerald+St+%23108%2C+Dallas%2C+TX+75229&z=16&iwloc=A&z=auto
베일러 메디칼 센터 (캐롤튼),"4343 N. Josey Lane, Carrollton, TX 75010",972) 492-1010,https://www.bhcs.com
김로사 조율,,512) 554-5424,
알칸사 한인은혜교회,"12900 Cantrell Road, Little Rock, AR 72223",501) 658-7867,https://ko-kr.facebook.com/eunhyechurch/
[email protected],"12900 Cantrell Road, Little Rock, AR 72223",501) 658-7867,https://ko-kr.facebook.com/eunhyechurch/
AA Wholesale,"11252 Harry Hines Blvd. #106, Dallas, TX 75229",972) 620-8551,https://maps.google.com/maps?f=d&source=s_d&saddr=&daddr=11252+Harry+Hines+Blvd.+%23106%2C+Dallas%2C+TX+75229&z=16&iwloc=A&z=auto
영락장로교회,"10005 Neuens, Houston, TX 77080",713) 464-1744,http://www.kypch.org
[email protected],"10005 Neuens, Houston, TX 77080",713) 464-1744,http://www.kypch.org
웍 인 아시아 (Wok in Asia),"2460 Lacy Ln., Carrollton, TX 75006",972) 241-3657,https://maps.google.com/maps?f=d&source=s_d&saddr=&daddr=2460+Lacy+Ln.%2C+Carrollton%2C+TX+75006&z=16&iwloc=A&z=auto
James Business Park,"11311 Harry Hines Blvd. #512, Dallas, TX 75229",972) 644-3999,https://maps.google.com/maps?f=d&source=s_d&saddr=&daddr=11311+Harry+Hines+Blvd.+%23512%2C+Dallas%2C+TX+75229&z=16&iwloc=A&z=auto
업소록,"2147 W. Park Blvd., Plano, TX 75075",972) 312-9777 / 214) 991-7214 / 972) 408-7507 / 512) 695-2677 / 972) 669-1212 / 254) 634-8181 / 972) 437-9888 / 210) 325-4444 / 972-201-9228 / 214-500-5346 / 713) 461-3344 / 929) 232-0511,http://www.junihairsalon.com
JUNI 헤어살롱 (Juni Hair Salon),"2147 W. Park Blvd., Plano, TX 75075",972) 312-9777 / 214) 991-7214 / 972) 408-7507 / 512) 695-2677 / 972) 669-1212 / 254) 634-8181 / 972) 437-9888 / 210) 325-4444 / 972-201-9228 / 214-500-5346 / 713) 461-3344 / 929) 232-0511,http://www.junihairsalon.com
JUNI 헤어살롱 (Juni Hair Salon),"2147 W. Park Blvd., Plano, TX 75075",972) 312-9777 / 214) 991-7214,http://www.junihairsalon.com
"(Tue-Sat) 10:00am ~ 7:00pm, (Sun) 10:00am ~ 5:00pm","2147 W. Park Blvd., Plano, TX 75075",972) 312-9777 / 214) 991-7214,http://www.junihairsalon.com
YWAM-GAP,,972) 408-7507,
애니 미용실,"3710 Guadalupe St. #101, Austin, TX 78705",512) 695-2677,https://maps.google.com/maps?f=d&source=s_d&saddr=&daddr=3710+Guadalupe+St.+%23101%2C+Austin%2C+TX+78705&z=16&iwloc=A&z=auto
닥터 류 내과,"7712 Sanjacinto Pl. #100, Plano, TX 75024",972) 669-1212,https://maps.google.com/maps?f=d&source=s_d&saddr=&daddr=7712+Sanjacinto+Pl.+%23100%2C+Plano%2C+TX+75024&z=16&iwloc=A&z=auto
UNION STATE BANK (Killeen),http://usb-tx.com,254) 634-8181,http://usb-tx.com
"(Mon-Thu) 9:00am ~ 4:00pm, (Fri) 9:00am ~ 6:00pm",http://usb-tx.com,254) 634-8181,http://usb-tx.com
홍콩마켓 (갈랜드),"9780 Walnut St. #360, Dallas, TX 75243",972) 437-9888,https://maps.google.com/maps?f=d&source=s_d&saddr=&daddr=9780+Walnut+St.+%23360%2C+Dallas%2C+TX+75243&z=16&iwloc=A&z=auto
샌안토니오 한인회,"4405 Park Wood, San Antonio, TX 78218",210) 325-4444,https://maps.google.com/maps?f=d&source=s_d&saddr=&daddr=4405+Park+Wood%2C+San+Antonio%2C+TX+78218&z=16&iwloc=A&z=auto
Toyota of Richardson (도요타 리차드슨점),"1221 N. Central Expy. Richardson, TX 75080",972-201-9228 / 214-500-5346,https://www.toyotaofrichardson.com
초이스 약국,"1403 Hwy. 6 #700-A, Sugar Land, TX 77478",713) 461-3344,https://maps.google.com/maps?f=d&source=s_d&saddr=&daddr=1403+Hwy.+6+%23700-A%2C+Sugar+Land%2C+TX+77478&z=16&iwloc=A&z=auto
나실인 영구화장,"2534 Royal Ln #201, Dallas, TX 75229",929) 232-0511,https://maps.google.com/maps?f=d&source=s_d&saddr=&daddr=2534+Royal+Ln+%23201%2C+Dallas%2C+TX+75229&z=16&iwloc=A&z=auto
업소록,"6500 Campus Circle Drive East, Irving, TX 75063",800) 375-5283 / 214) 574-7777 / 214) 437-8949 / 972) 243-8177 / 972.503.5785 / 512) 837-8774 / 469) 569-3811 / 972) 620-0800 / 214) 507-9980 / 713) 266-2888,https://www.uscis.gov
이민국 달라스 사무실,"6500 Campus Circle Drive East, Irving, TX 75063",800) 375-5283 / 214) 574-7777 / 214) 437-8949 / 972) 243-8177 / 972.503.5785 / 512) 837-8774 / 469) 569-3811 / 972) 620-0800 / 214) 507-9980 / 713) 266-2888,https://www.uscis.gov
이민국 달라스 사무실,"6500 Campus Circle Drive East, Irving, TX 75063",800) 375-5283,https://www.uscis.gov
제일한미 홈 헬스케어,,214) 574-7777,
이동출장 종합정비,"2932 Royal Lane, Dallas, TX 75229",214) 437-8949,https://maps.google.com/maps?f=d&source=s_d&saddr=&daddr=2932+Royal+Lane%2C+Dallas%2C+TX+75229&z=16&iwloc=A&z=auto
장욱 세무사,"2000 Royal Ln. #104, Dallas, TX 75229",972) 243-8177,https://maps.google.com/maps?f=d&source=s_d&saddr=&daddr=2000+Royal+Ln.+%23104%2C+Dallas%2C+TX+75229&z=16&iwloc=A&z=auto
[email protected],"2000 Royal Ln. #104, Dallas, TX 75229",972) 243-8177,https://maps.google.com/maps?f=d&source=s_d&saddr=&daddr=2000+Royal+Ln.+%23104%2C+Dallas%2C+TX+75229&z=16&iwloc=A&z=auto
시온반점 (Zion Noddle),"2405 S. Stemmons Fwy, Lewisville, TX 75067 (시온마켓 푸드코트)",972.503.5785,https://maps.google.com/maps?f=d&source=s_d&saddr=&daddr=2405+S.+Stemmons+Fwy%2C+Lewisville%2C+TX+75067+%28%EC%8B%9C%EC%98%A8%EB%A7%88%EC%BC%93+%ED%91%B8%EB%93%9C%EC%BD%94%ED%8A%B8%29&z=16&iwloc=A&z=auto
스포츠 킹덤,"9310-A N. Lamar Boulevard, Austin, TX 78753",512) 837-8774,https://maps.google.com/maps?f=d&source=s_d&saddr=&daddr=9310-A+N.+Lamar+Boulevard%2C+Austin%2C+TX+78753&z=16&iwloc=A&z=auto
DFW Cleaning Machinery,"2154 Royal Lane, Dallas, TX 75229",469) 569-3811,https://maps.google.com/maps?f=d&source=s_d&saddr=&daddr=2154+Royal+Lane%2C+Dallas%2C+TX+75229&z=16&iwloc=A&z=auto
스튜디오 디-오피스 (D Office Inc),"11353 Emerald Street, Dallas, TX 75229",972) 620-0800,https://maps.google.com/maps?f=d&source=s_d&saddr=&daddr=11353+Emerald+Street%2C+Dallas%2C+TX+75229&z=16&iwloc=A&z=auto
JDR 바이올린 판매 및 대여 (JDR violin rental),,214) 507-9980,
브이아이피 패션,"501 Harwin Dr. #102-E, Houston, TX 77036",713) 266-2888,https://maps.google.com/maps?f=d&source=s_d&saddr=&daddr=501+Harwin+Dr.+%23102-E%2C+Houston%2C+TX+77036&z=16&iwloc=A&z=auto
업소록,"2250 Eldridge Pkwy #1133, Houston, TX 77077",832) 387-1238 / 512) 586-5752 / 972) 671-7888 / 214.433.0101 / 972) 998-5824 / 800) 433-7300 / 713) 303-4669 / 832) 251-9551 / 214.308.9556 / 713) 984-9455,https://maps.google.com/maps?f=d&source=s_d&saddr=&daddr=2250+Eldridge+Pkwy+%231133%2C+Houston%2C+TX+77077&z=16&iwloc=A&z=auto
동서건축,"2250 Eldridge Pkwy #1133, Houston, TX 77077",832) 387-1238 / 512) 586-5752 / 972) 671-7888 / 214.433.0101 / 972) 998-5824 / 800) 433-7300 / 713) 303-4669 / 832) 251-9551 / 214.308.9556 / 713) 984-9455,https://maps.google.com/maps?f=d&source=s_d&saddr=&daddr=2250+Eldridge+Pkwy+%231133%2C+Houston%2C+TX+77077&z=16&iwloc=A&z=auto
동서건축,"2250 Eldridge Pkwy #1133, Houston, TX 77077",832) 387-1238,https://maps.google.com/maps?f=d&source=s_d&saddr=&daddr=2250+Eldridge+Pkwy+%231133%2C+Houston%2C+TX+77077&z=16&iwloc=A&z=auto
AJ's 스킨케어,"2305 W. Parner Lane, Austin, TX 78727",512) 586-5752,https://maps.google.com/maps?f=d&source=s_d&saddr=&daddr=2305+W.+Parner+Lane%2C+Austin%2C+TX+78727&z=16&iwloc=A&z=auto
Min's 태권도 (Min's TaeKwonDo),"999 E. Arapaho Rd #360, Richardson, TX 75081",972) 671-7888,https://maps.google.com/maps?f=d&source=s_d&saddr=&daddr=999+E.+Arapaho+Rd+%23360%2C+Richardson%2C+TX+75081&z=16&iwloc=A&z=auto
[email protected],"999 E. Arapaho Rd #360, Richardson, TX 75081",972) 671-7888,https://maps.google.com/maps?f=d&source=s_d&saddr=&daddr=999+E.+Arapaho+Rd+%23360%2C+Richardson%2C+TX+75081&z=16&iwloc=A&z=auto
BLU Cosmetics 화장품 / 시온마켓,"2405 S. Stemmons Fwy., Lewisville, TX 75067",214.433.0101,https://maps.google.com/maps?f=d&source=s_d&saddr=&daddr=2405+S.+Stemmons+Fwy.%2C+Lewisville%2C+TX+75067&z=16&iwloc=A&z=auto
JDX Blinds & Curtains (Carrollton),"2625 Old Denton Rd. #234, Carrollton, TX 75007",972) 998-5824,http://www.jdxblind.com
아메리칸 항공 (American Airlines),,800) 433-7300,https://www.aa.com
정영표 부동산,"25010 Oakhurst Drive, Spring, TX 77386",713) 303-4669,https://maps.google.com/maps?f=d&source=s_d&saddr=&daddr=25010+Oakhurst+Drive%2C+Spring%2C+TX+77386&z=16&iwloc=A&z=auto
초이스 캡,"8000 Harwin Dr. #165, Houston, TX 77036",832) 251-9551,https://maps.google.com/maps?f=d&source=s_d&saddr=&daddr=8000+Harwin+Dr.+%23165%2C+Houston%2C+TX+77036&z=16&iwloc=A&z=auto
Mighty Chick Pocha (마이티 칙 포차),"8900 Ohio Dr. #A. Plano, TX 75024",214.308.9556,https://maps.google.com/maps?f=d&source=s_d&saddr=&daddr=8900+Ohio+Dr.+%23A.+Plano%2C+TX+75024&z=16&iwloc=A&z=auto
Fresco 요거트,"9710 Katy Freeway #510, Houston, TX 77055",713) 984-9455,https://maps.google.com/maps?f=d&source=s_d&saddr=&daddr=9710+Katy+Freeway+%23510%2C+Houston%2C+TX+77055&z=16&iwloc=A&z=auto
업소록,"1301 Commerce Drive, Plano, TX 75093",972) 406-1004 / 972)446-0001 / 214) 256-9000 / 713) 932-9212 / 469.701.2333 / 214) 739-6262 / 214) 691-3210 / 888) 201-4746 / 214)490-7830 / 214-766-3585 / 713) 273-1888 / 713) 568-9511 / 713) 468-0606,https://maps.google.com/maps?f=d&source=s_d&saddr=&daddr=1301+Commerce+Drive%2C+Plano%2C+TX+75093&z=16&iwloc=A&z=auto
엔젤 건축,"1301 Commerce Drive, Plano, TX 75093",972) 406-1004 / 972)446-0001 / 214) 256-9000 / 713) 932-9212 / 469.701.2333 / 214) 739-6262 / 214) 691-3210 / 888) 201-4746 / 214)490-7830 / 214-766-3585 / 713) 273-1888 / 713) 568-9511 / 713) 468-0606,https://maps.google.com/maps?f=d&source=s_d&saddr=&daddr=1301+Commerce+Drive%2C+Plano%2C+TX+75093&z=16&iwloc=A&z=auto
엔젤 건축,"1301 Commerce Drive, Plano, TX 75093",972) 406-1004,https://maps.google.com/maps?f=d&source=s_d&saddr=&daddr=1301+Commerce+Drive%2C+Plano%2C+TX+75093&z=16&iwloc=A&z=auto
코트야드 메리어트 달라스 캐롤튼 컨퍼런스 센터(Courtyard by Marriott Dallas Carrollton Conference Center),"1201 Raiford Road Carrollton, Texas 75007",972)446-0001,http://www.marriott.com/hotels/travel/dalrl-courtyard-dallas-carrollton-and-carrollton-conference-center/
빙스퐁,"2240 Royal Ln. #306, Dallas, TX 75229",214) 256-9000,https://maps.google.com/maps?f=d&source=s_d&saddr=&daddr=2240+Royal+Ln.+%23306%2C+Dallas%2C+TX+75229&z=16&iwloc=A&z=auto
백향목,"10001 Long Point Rd. #G, Houston, TX 77055",713) 932-9212,https://maps.google.com/maps?f=d&source=s_d&saddr=&daddr=10001+Long+Point+Rd.+%23G%2C+Houston%2C+TX+77055&z=16&iwloc=A&z=auto
MCP Counsseling,"3740 N Josey Lane, Suite 145, Carrollton, TX 75007",469.701.2333,https://www.mcpcounseling.com
Acupuncture Center of Dallas,"6200 LBJ Fry. #185, Dallas, TX 75240",214) 739-6262 / 214) 691-3210,https://rebalance.care
(Mon-Fri) 7:00am ~ 5:00pm,"6200 LBJ Fry. #185, Dallas, TX 75240",214) 739-6262 / 214) 691-3210,https://rebalance.care
United Healthcare,,888) 201-4746 / 214)490-7830,http://www.uhcasian.com/korean/index.htm
"136-2 Roosevelt Ave., Flushing, NY 11354",,888) 201-4746 / 214)490-7830,http://www.uhcasian.com/korean/index.htm
AK Glass (글래스),,214-766-3585,
[email protected],,214-766-3585,
아메리칸 제일은행 (Harwin),"7038 Harwin Drive, Houston, TX 77036",713) 273-1888,https://afnb.com
"(Mon-Thu) 9:00am ~ 5:00pm, (Fri) 9:00am ~ 5:30pm, (Sat) 9:00am ~ 1:00pm","7038 Harwin Drive, Houston, TX 77036",713) 273-1888,https://afnb.com
비비조,"1302 Blalock Road, Houston, TX 77055",713) 568-9511 / 713) 468-0606,https://maps.google.com/maps?f=d&source=s_d&saddr=&daddr=1302+Blalock+Road%2C+Houston%2C+TX+77055&z=16&iwloc=A&z=auto
업소록,"12347 Kingsride Lane, Houston, TX 77024",713) 465-4761 / 972) 333-1039 / 917) 751-8373 / 972) 241-3290 / 469-767-1955 / 972) 484-3050 / 972) 804-2520 / 972) 241-1463 / 469) 571-7003 / 832) 277-0949,https://maps.google.com/maps?f=d&source=s_d&saddr=&daddr=12347+Kingsride+Lane%2C+Houston%2C+TX+77024&z=16&iwloc=A&z=auto
석주찬 치과,"12347 Kingsride Lane, Houston, TX 77024",713) 465-4761 / 972) 333-1039 / 917) 751-8373 / 972) 241-3290 / 469-767-1955 / 972) 484-3050 / 972) 804-2520 / 972) 241-1463 / 469) 571-7003 / 832) 277-0949,https://maps.google.com/maps?f=d&source=s_d&saddr=&daddr=12347+Kingsride+Lane%2C+Houston%2C+TX+77024&z=16&iwloc=A&z=auto
석주찬 치과,"12347 Kingsride Lane, Houston, TX 77024",713) 465-4761,https://maps.google.com/maps?f=d&source=s_d&saddr=&daddr=12347+Kingsride+Lane%2C+Houston%2C+TX+77024&z=16&iwloc=A&z=auto
탑 아트 스튜디오 (Top Art Studio),"2625 Old Denton Rd. #440-A, Carrollton, TX 75007",972) 333-1039,https://maps.google.com/maps?f=d&source=s_d&saddr=&daddr=2625+Old+Denton+Rd.+%23440-A%2C+Carrollton%2C+TX+75007&z=16&iwloc=A&z=auto
패밀리 터치 (가정사역),"2633 Royal Lane, Dallas TX 75229",917) 751-8373,http://www.familytouchusa.org
가족 미용실,"11026 Dennis Road, Dallas, TX 75229",972) 241-3290,https://maps.google.com/maps?f=d&source=s_d&saddr=&daddr=11026+Dennis+Road%2C+Dallas%2C+TX+75229&z=16&iwloc=A&z=auto
H&K Construction,,469-767-1955,
[email protected],,469-767-1955,
박무창 CPA,"2560 Royal Ln. #204, Dallas, TX 75229",972) 484-3050,https://maps.google.com/maps?f=d&source=s_d&saddr=&daddr=2560+Royal+Ln.+%23204%2C+Dallas%2C+TX+75229&z=16&iwloc=A&z=auto
백정원 교수 피아노 레슨,,972) 804-2520,
Sun Sports Wear,"11538 Harry Hines Blvd. #E1, Dallas, TX 75229",972) 241-1463,http://www.sunsportswear.com
e.NUE Design (이누디자인),"1420 Valwood Pkwy #175, Carrollton, TX 75006",469) 571-7003,https://www.enuedesign.com
카리스 선교합창단,"7501 Harwin Drive, Houston, TX 77036",832) 277-0949,https://maps.google.com/maps?f=d&source=s_d&saddr=&daddr=7501+Harwin+Drive%2C+Houston%2C+TX+77036&z=16&iwloc=A&z=auto
업소록,"2519 Royal Ln, Dallas, TX 75229",972) 488-3303 / 972) 824-5926 / 281) 627-1938 / 972) 233-4762 / 469-463-2772 / 817) 427-1020 / 469) 585-4426 / 214.664.2463 / 512) 608-5110 / 405) 833-1778 / 214) 565-9881,https://maps.google.com/maps?f=d&source=s_d&saddr=&daddr=2519+Royal+Ln%2C+Dallas%2C+TX+75229&z=16&iwloc=A&z=auto
퀵카 서비스 (Quick Car Service),"2519 Royal Ln, Dallas, TX 75229",972) 488-3303 / 972) 824-5926 / 281) 627-1938 / 972) 233-4762 / 469-463-2772 / 817) 427-1020 / 469) 585-4426 / 214.664.2463 / 512) 608-5110 / 405) 833-1778 / 214) 565-9881,https://maps.google.com/maps?f=d&source=s_d&saddr=&daddr=2519+Royal+Ln%2C+Dallas%2C+TX+75229&z=16&iwloc=A&z=auto
퀵카 서비스 (Quick Car Service),"2519 Royal Ln, Dallas, TX 75229",972) 488-3303 / 972) 824-5926,https://maps.google.com/maps?f=d&source=s_d&saddr=&daddr=2519+Royal+Ln%2C+Dallas%2C+TX+75229&z=16&iwloc=A&z=auto
"(Mon-Fri) 8am ~ 6pm, (Sat) 9am ~ 3pm","2519 Royal Ln, Dallas, TX 75229",972) 488-3303 / 972) 824-5926,https://maps.google.com/maps?f=d&source=s_d&saddr=&daddr=2519+Royal+Ln%2C+Dallas%2C+TX+75229&z=16&iwloc=A&z=auto
스텔링맥콜 현대 - 쟌김 (Sterling McCall Hyundai),"10505 Southwest Frwy., Houston, TX 77074",281) 627-1938,https://www.sterlingmccallhyundai.com
(Mon-Sat) 9:00am ~ 9:00pm,"10505 Southwest Frwy., Houston, TX 77074",281) 627-1938,https://www.sterlingmccallhyundai.com
포레스트우드 꽃집,"11818 Inwood Road, Dallas, TX 75244",972) 233-4762,https://maps.google.com/maps?f=d&source=s_d&saddr=&daddr=11818+Inwood+Road%2C+Dallas%2C+TX+75244&z=16&iwloc=A&z=auto
루비셀 (Ruby-Cell),"11445 Emerald ST, suite 120B, Dallas, TX 75229",469-463-2772,https://maps.google.com/maps?f=d&source=s_d&saddr=&daddr=11445+Emerald+ST%2C+suite+120B%2C+Dallas%2C+TX+75229&z=16&iwloc=A&z=auto
[email protected],"11445 Emerald ST, suite 120B, Dallas, TX 75229",469-463-2772,https://maps.google.com/maps?f=d&source=s_d&saddr=&daddr=11445+Emerald+ST%2C+suite+120B%2C+Dallas%2C+TX+75229&z=16&iwloc=A&z=auto
빛과 소금의 교회,"1864 Precinct Line Road, Hurst, TX 76054",817) 427-1020,http://salight.org
사이먼 윤 부동산,"6959 Lebanon Rd. Suite 201, Frisco, TX 75034",469) 585-4426,https://maps.google.com/maps?f=d&source=s_d&saddr=&daddr=6959++Lebanon+Rd.+Suite+201%2C+Frisco%2C+TX+75034&z=16&iwloc=A&z=auto
[email protected],"6959 Lebanon Rd. Suite 201, Frisco, TX 75034",469) 585-4426,https://maps.google.com/maps?f=d&source=s_d&saddr=&daddr=6959++Lebanon+Rd.+Suite+201%2C+Frisco%2C+TX+75034&z=16&iwloc=A&z=auto
인천떡집,"845 N. Beltline Road, Irving, TX 75061",214.664.2463,https://maps.google.com/maps?f=d&source=s_d&saddr=&daddr=845+N.+Beltline+Road%2C+Irving%2C+TX+75061&z=16&iwloc=A&z=auto
데이빗 백 골프레슨,,512) 608-5110,
오클라호마 순복음중앙교회,"2841 SW. 41th Street, Oklahoma City, OK 73119",405) 833-1778,http://www.fgccok.org
식당마켓 직거래 (Superior Trading Co.),"2711 Hickory Street, Dallas, TX 75226",214) 565-9881,https://maps.google.com/maps?f=d&source=s_d&saddr=&daddr=2711+Hickory+Street%2C+Dallas%2C+TX+75226&z=16&iwloc=A&z=auto
업소록,"2625 Old Denton Rd. #106, Carrollton, TX 75007",972) 242-9200 / 713) 208-2867 / 405) 245-5570 / 972) 517-5500 / 469-886-9234 / 512) 343-1199 / 469) 939-2882 / 972) 878-9010 / 713) 780-1338 / 469) 879-2299,https://www.koreadailytx.com
중앙일보,"2625 Old Denton Rd. #106, Carrollton, TX 75007",972) 242-9200 / 713) 208-2867 / 405) 245-5570 / 972) 517-5500 / 469-886-9234 / 512) 343-1199 / 469) 939-2882 / 972) 878-9010 / 713) 780-1338 / 469) 879-2299,https://www.koreadailytx.com
중앙일보,"2625 Old Denton Rd. #106, Carrollton, TX 75007",972) 242-9200,https://www.koreadailytx.com
휴스턴 농구협회,,713) 208-2867,
한인제일침례교회,"700 SE 40th Street, Oklahoma City, OK 73129",405) 245-5570,https://maps.google.com/maps?f=d&source=s_d&saddr=&daddr=700+SE+40th+Street%2C+Oklahoma+City%2C+OK+73129&z=16&iwloc=A&z=auto
모짜르트 99 Ranch Market,"151 W. Spring Cree Pkwy #501A, Plano, TX 75023",972) 517-5500,https://maps.google.com/maps?f=d&source=s_d&saddr=&daddr=151+W.+Spring+Cree+Pkwy+%23501A%2C+Plano%2C+TX+75023&z=16&iwloc=A&z=auto
누릉지 치킨,11407 Emerald Street #115. Dallas. TX 75229,469-886-9234,https://www.nurungjichicken.com/
"Mon~Sat 11:00am ~ 10:00pm, Sun:CLOSED",11407 Emerald Street #115. Dallas. TX 75229,469-886-9234,https://www.nurungjichicken.com/
삼성 SDI (Austin),"4100 Duval Ln. #102, Austin, TX 78759",512) 343-1199,https://www.esdillc.com
[email protected],"4100 Duval Ln. #102, Austin, TX 78759",512) 343-1199,https://www.esdillc.com
분재 매매,"205 Paulwilson Road, Wylie, TX 75098",469) 939-2882,https://maps.google.com/maps?f=d&source=s_d&saddr=&daddr=205+Paulwilson+Road%2C+Wylie%2C+TX+75098&z=16&iwloc=A&z=auto
디스카운트 에어컨,"3640 Old Denton Rd. #905, Carrollton, TX 75007",972) 878-9010,https://maps.google.com/maps?f=d&source=s_d&saddr=&daddr=3640+Old+Denton+Rd.+%23905%2C+Carrollton%2C+TX+75007&z=16&iwloc=A&z=auto
에이치 앤 제이 트레이딩,"9889 Harwin Dr. #101, Houston, TX 77036",713) 780-1338,https://maps.google.com/maps?f=d&source=s_d&saddr=&daddr=9889+Harwin+Dr.+%23101%2C+Houston%2C+TX+77036&z=16&iwloc=A&z=auto
총신대학 신학대학원,,469) 879-2299,
업소록,"2727 W. Airport Freeway, Irving, TX 75062",972) 986-5500 / 956) 504-2700 / 972) 207-1650 / 972) 446-1353 / 469) 233-1399 / 512) 453-5000 / 713) 552-9888 / 469) 583-4773 / 972) 798-6900 / 972) 242-5155,https://maps.google.com/maps?f=d&source=s_d&saddr=&daddr=2727+W.+Airport+Freeway%2C+Irving%2C+TX+75062&z=16&iwloc=A&z=auto
삼성 반도체,"2727 W. Airport Freeway, Irving, TX 75062",972) 986-5500 / 956) 504-2700 / 972) 207-1650 / 972) 446-1353 / 469) 233-1399 / 512) 453-5000 / 713) 552-9888 / 469) 583-4773 / 972) 798-6900 / 972) 242-5155,https://maps.google.com/maps?f=d&source=s_d&saddr=&daddr=2727+W.+Airport+Freeway%2C+Irving%2C+TX+75062&z=16&iwloc=A&z=auto
삼성 반도체,"2727 W. Airport Freeway, Irving, TX 75062",972) 986-5500,https://maps.google.com/maps?f=d&source=s_d&saddr=&daddr=2727+W.+Airport+Freeway%2C+Irving%2C+TX+75062&z=16&iwloc=A&z=auto
국술원 (브라운스빌),"1601 East Alton Gloor #110, Brownsville, TX 78521",956) 504-2700,https://maps.google.com/maps?f=d&source=s_d&saddr=&daddr=1601+East+Alton+Gloor+%23110%2C+Brownsville%2C+TX+78521&z=16&iwloc=A&z=auto
Nick Na Real Estate Group (닉나 부동산 그룹),"1000 E Belt Line Rd, Carrollton, TX 75006",972) 207-1650,https://maps.google.com/maps?f=d&source=s_d&saddr=&daddr=1000+E+Belt+Line+Rd%2C+Carrollton%2C+TX+75006&z=16&iwloc=A&z=auto
야시장,"2625 Old Denton Rd #526, Carrollton, TX 75007",972) 446-1353,https://maps.google.com/maps?f=d&source=s_d&saddr=&daddr=2625+Old+Denton+Rd+%23526%2C+Carrollton%2C+TX+75007&z=16&iwloc=A&z=auto
전기플러밍,,469) 233-1399,
준 미용실,"2525 W. Anderson Ln. Gallery Salon #C-8, Austin, TX 78757",512) 453-5000,https://maps.google.com/maps?f=d&source=s_d&saddr=&daddr=2525+W.+Anderson+Ln.+Gallery+Salon+%23C-8%2C+Austin%2C+TX+78757&z=16&iwloc=A&z=auto
한국석유공사,"5555 San Felipe Rd #1175, Houston, TX 77056",713) 552-9888,https://maps.google.com/maps?f=d&source=s_d&saddr=&daddr=5555+San+Felipe+Rd+%231175%2C+Houston%2C+TX+77056&z=16&iwloc=A&z=auto
엑셀 영어학원 (Excel English Institute),"10260 North Central Expy #250, Dallas, TX 75231",469) 583-4773,https://www.excelenglishinstitute.com
[email protected],"10260 North Central Expy #250, Dallas, TX 75231",469) 583-4773,https://www.excelenglishinstitute.com
클래식 기아 (Classic KIA of Carrollton),"2920 N Interstate 35E, Carrollton, TX 75007",972) 798-6900,https://maps.google.com/maps?f=d&source=s_d&saddr=&daddr=2920+N+Interstate+35E%2C+Carrollton%2C+TX+75007&z=16&iwloc=A&z=auto
classickiacarrollton.com,"2920 N Interstate 35E, Carrollton, TX 75007",972) 798-6900,https://maps.google.com/maps?f=d&source=s_d&saddr=&daddr=2920+N+Interstate+35E%2C+Carrollton%2C+TX+75007&z=16&iwloc=A&z=auto
2호점 모짜르트 캐롤튼 (H마트 내) (Mozart Bakery),"2625 Old Denton Rd #418, Carrollton, TX 75007",972) 242-5155,https://maps.google.com/maps?f=d&source=s_d&saddr=&daddr=2625+Old+Denton+Rd+%23418%2C+Carrollton%2C+TX+75007&z=16&iwloc=A&z=auto
업소록,"10645 Harry Hines Boulevard, Dallas, TX 75220",214) 352-6943 / 214) 357-2222 / 214) 288-7950 / 972) 907-8500 / 469) 877-9893 / 469) 363-0878 / 972) 488-0799 / 800) 221-1212 / 800) 325-1999 / 281) 590-1000 / 972.835.9309 / 972) 834-5007 / 972) 241-6655,https://maps.google.com/maps?f=d&source=s_d&saddr=&daddr=10645+Harry+Hines+Boulevard%2C+Dallas%2C+TX+75220&z=16&iwloc=A&z=auto
Larry's Discount Liquor,"10645 Harry Hines Boulevard, Dallas, TX 75220",214) 352-6943 / 214) 357-2222 / 214) 288-7950 / 972) 907-8500 / 469) 877-9893 / 469) 363-0878 / 972) 488-0799 / 800) 221-1212 / 800) 325-1999 / 281) 590-1000 / 972.835.9309 / 972) 834-5007 / 972) 241-6655,https://maps.google.com/maps?f=d&source=s_d&saddr=&daddr=10645+Harry+Hines+Boulevard%2C+Dallas%2C+TX+75220&z=16&iwloc=A&z=auto
Larry's Discount Liquor,"10645 Harry Hines Boulevard, Dallas, TX 75220",214) 352-6943,https://maps.google.com/maps?f=d&source=s_d&saddr=&daddr=10645+Harry+Hines+Boulevard%2C+Dallas%2C+TX+75220&z=16&iwloc=A&z=auto
S.K 플러밍,"2610 Freewood Drive, Dallas, TX 75220",214) 357-2222 / 214) 288-7950,https://maps.google.com/maps?f=d&source=s_d&saddr=&daddr=2610+Freewood+Drive%2C+Dallas%2C+TX+75220&z=16&iwloc=A&z=auto
이창열 자연과 건강 클리닉,"445 E. Walnut St. #139, Richardson, TX 75081",972) 907-8500,https://www.drchanglee.com
(Mon-Fri) 8:30am ~ 5:30pm,"445 E. Walnut St. #139, Richardson, TX 75081",972) 907-8500,https://www.drchanglee.com
스마트 냉동*에어컨,"1001 W. Harwood Road, Euless, TX 76039",469) 877-9893,https://maps.google.com/maps?f=d&source=s_d&saddr=&daddr=1001+W.+Harwood+Road%2C+Euless%2C+TX+76039&z=16&iwloc=A&z=auto
[email protected],"1001 W. Harwood Road, Euless, TX 76039",469) 877-9893,https://maps.google.com/maps?f=d&source=s_d&saddr=&daddr=1001+W.+Harwood+Road%2C+Euless%2C+TX+76039&z=16&iwloc=A&z=auto
한스 분재원,"101 Lakeranch Lane, Wylie, TX 75098",469) 363-0878,https://maps.google.com/maps?f=d&source=s_d&saddr=&daddr=101+Lakeranch+Lane%2C+Wylie%2C+TX+75098&z=16&iwloc=A&z=auto
하나양말,"11311 Harry Hines Blvd. #103, Dallas, TX 75229",972) 488-0799,https://maps.google.com/maps?f=d&source=s_d&saddr=&daddr=11311+Harry+Hines+Blvd.+%23103%2C+Dallas%2C+TX+75229&z=16&iwloc=A&z=auto
델타 항공 (Delta Airlines),,800) 221-1212 / 800) 325-1999,https://www.delta.com
박희준 척추신경외과,"11703 Eastex Frwy. #A, Houston, TX 77039",281) 590-1000,https://maps.google.com/maps?f=d&source=s_d&saddr=&daddr=11703+Eastex+Frwy.+%23A%2C+Houston%2C+TX+77039&z=16&iwloc=A&z=auto
달라스 아버지 학교,,972.835.9309,
달라스 토요타 (Toyota of Dallas),"2610 Forest Ln, Dallas, TX 75234",972) 834-5007 / 972) 241-6655,https://maps.google.com/maps?f=d&source=s_d&saddr=&daddr=2610+Forest+Ln%2C+Dallas%2C+TX+75234&z=16&iwloc=A&z=auto
toyotaofdallas.com,"2610 Forest Ln, Dallas, TX 75234",972) 834-5007 / 972) 241-6655,https://maps.google.com/maps?f=d&source=s_d&saddr=&daddr=2610+Forest+Ln%2C+Dallas%2C+TX+75234&z=16&iwloc=A&z=auto
업소록,"3420 Broadway Blvd. #128, Garland, TX 75043",972) 271-2722 / 469) 206-0745 / 469) 774-9286 / 214) 352-4989 / 972-242-6789 / 972-898-1379 / 714) 393-2238 / 972-446-8282 / 972) 620-7773 / 214) 351-5100 / 214) 366-0886 / 972) 620-4949,https://maps.google.com/maps?f=d&source=s_d&saddr=&daddr=3420+Broadway+Blvd.+%23128%2C+Garland%2C+TX+75043&z=16&iwloc=A&z=auto
Red Crab & Seafood,"3420 Broadway Blvd. #128, Garland, TX 75043",972) 271-2722 / 469) 206-0745 / 469) 774-9286 / 214) 352-4989 / 972-242-6789 / 972-898-1379 / 714) 393-2238 / 972-446-8282 / 972) 620-7773 / 214) 351-5100 / 214) 366-0886 / 972) 620-4949,https://maps.google.com/maps?f=d&source=s_d&saddr=&daddr=3420+Broadway+Blvd.+%23128%2C+Garland%2C+TX+75043&z=16&iwloc=A&z=auto
Red Crab & Seafood,"3420 Broadway Blvd. #128, Garland, TX 75043",972) 271-2722,https://maps.google.com/maps?f=d&source=s_d&saddr=&daddr=3420+Broadway+Blvd.+%23128%2C+Garland%2C+TX+75043&z=16&iwloc=A&z=auto
BULLDOG KATSU (불독카츠),"2010 N Plano Rd. #104, Richardson, TX 75082",469) 206-0745,https://www.bulldogkatsu.com
바이올린 개인레슨,,469) 774-9286,
Royal Plaza,"2560 Royal Lane, Dallas, TX 75229",214) 352-4989,https://maps.google.com/maps?f=d&source=s_d&saddr=&daddr=2560+Royal+Lane%2C+Dallas%2C+TX+75229&z=16&iwloc=A&z=auto
매스뮤추얼 (MassMutual),,972-242-6789 / 972-898-1379,
[email protected],,972-242-6789 / 972-898-1379,
장홍범교수 세무사시험,"2625 Old Denton Rd. #556, Carrollton, TX 75007",714) 393-2238,https://www.eataxtx.com
[email protected],"2625 Old Denton Rd. #556, Carrollton, TX 75007",714) 393-2238,https://www.eataxtx.com
쿠로부타 (Kurobuta),"2625 Old Denton Rd #612, Carrollton, TX 75007",972-446-8282,https://maps.google.com/maps?f=d&source=s_d&saddr=&daddr=2625+Old+Denton+Rd+%23612%2C+Carrollton%2C+TX+75007&z=16&iwloc=A&z=auto
Wash N Go,"2757 Royal Ln., Dallas, TX 75229",972) 620-7773,https://maps.google.com/maps?f=d&source=s_d&saddr=&daddr=2757+Royal+Ln.%2C+Dallas%2C+TX+75229&z=16&iwloc=A&z=auto
SK SIGNS(에스케이 간판/사인),"9966 Monroe Street, Dallas, TX 75220",214) 351-5100 / 214) 366-0886,https://www.skelectric.com
[email protected],"9966 Monroe Street, Dallas, TX 75220",214) 351-5100 / 214) 366-0886,https://www.skelectric.com
낙원 꽃집,"4505 Ancilla Drive, Garland, TX 75042",972) 620-4949,https://maps.google.com/maps?f=d&source=s_d&saddr=&daddr=4505+Ancilla+Drive%2C+Garland%2C+TX+75042&z=16&iwloc=A&z=auto
업소록,"2625 Old Denton Rd., Carrollton, TX 75007",972) 889-3888 / 972) 242-2889 / 972) 312-9998 / 972) 310-8222 / 409) 925-1032 / 972) 484-8884 / 469-403-9690 / 972-890-1545 / 972) 241-1332 / 972) 463-8900 / 832) 264-9566,http://crab-station.com
크랩 스테이션 (The Crab Station),"2625 Old Denton Rd., Carrollton, TX 75007",972) 889-3888 / 972) 242-2889 / 972) 312-9998 / 972) 310-8222 / 409) 925-1032 / 972) 484-8884 / 469-403-9690 / 972-890-1545 / 972) 241-1332 / 972) 463-8900 / 832) 264-9566,http://crab-station.com
"(Mon-Thu) 2:00pm ~ 11:00pm, (Fri) 2:00pm ~ 12:00am, (Sat) 12:00pm ~ 12:00am, (Sun) 12:00pm ~ 11:00pm","2625 Old Denton Rd., Carrollton, TX 75007",972) 889-3888 / 972) 242-2889,http://crab-station.com
헤어센스,"4140 Legacy Drive #1, Plano, TX 75024",972) 312-9998,https://maps.google.com/maps?f=d&source=s_d&saddr=&daddr=4140+Legacy+Drive+%231%2C+Plano%2C+TX+75024&z=16&iwloc=A&z=auto
Design Speaks,"2240 Royal Ln. #214, Dallas, TX 75229",972) 310-8222,http://www.designspeaks.net
[email protected],"2240 Royal Ln. #214, Dallas, TX 75229",972) 310-8222,http://www.designspeaks.net
휴스턴 효진 법사,"1602 Cemetery Road, Houston, TX 77517",409) 925-1032,https://maps.google.com/maps?f=d&source=s_d&saddr=&daddr=1602+Cemetery+Road%2C+Houston%2C+TX+77517&z=16&iwloc=A&z=auto
Goji Therapy Center,"11532 Harry Hines Blvd. #324, Dallas, TX 75229",972) 484-8884,https://maps.google.com/maps?f=d&source=s_d&saddr=&daddr=11532+Harry+Hines+Blvd.+%23324%2C+Dallas%2C+TX+75229&z=16&iwloc=A&z=auto
엽기 떡볶이,"2701 Old Denton Rd, Suite 164, Carrollton, TX 75007",469-403-9690,https://maps.google.com/maps?f=d&source=s_d&saddr=&daddr=2701+Old+Denton+Rd%2C+Suite+164%2C+Carrollton%2C+TX+75007&z=16&iwloc=A&z=auto
제임스 김 부동산,"2701 Old Denton Rd. #270, Carrollton, TX 75007",972-890-1545,https://maps.google.com/maps?f=d&source=s_d&saddr=&daddr=2701+Old+Denton+Rd.+%23270%2C+Carrollton%2C+TX+75007&z=16&iwloc=A&z=auto
[email protected],"2701 Old Denton Rd. #270, Carrollton, TX 75007",972-890-1545,https://maps.google.com/maps?f=d&source=s_d&saddr=&daddr=2701+Old+Denton+Rd.+%23270%2C+Carrollton%2C+TX+75007&z=16&iwloc=A&z=auto
쌀쌀맞은 닭 (Rice Chicken),"2558 Royal Ln., Dallas, TX 75229",972) 241-1332,https://maps.google.com/maps?f=d&source=s_d&saddr=&daddr=2558+Royal+Ln.%2C+Dallas%2C+TX+75229&z=16&iwloc=A&z=auto
Waterview Golf Club,"9509 Waterview Pkwy., Rowlett, TX 75089",972) 463-8900,https://maps.google.com/maps?f=d&source=s_d&saddr=&daddr=9509+Waterview+Pkwy.%2C+Rowlett%2C+TX+75089&z=16&iwloc=A&z=auto
waterviewgc.com,"9509 Waterview Pkwy., Rowlett, TX 75089",972) 463-8900,https://maps.google.com/maps?f=d&source=s_d&saddr=&daddr=9509+Waterview+Pkwy.%2C+Rowlett%2C+TX+75089&z=16&iwloc=A&z=auto
휴스턴 한인 교역자회,,832) 264-9566,
업소록,"5400 E. Mockingbird Ln. #119B, Dallas, TX 75206",214) 826-9766 / 832) 605-5330 / 713) 643-4348 / 800) 426-5204 / 832.867.9722 / 817) 551-5612 / 469) 258-8839 / 972) 986-2149 / 972) 484-5740 / 210) 365-2869,https://maps.google.com/maps?f=d&source=s_d&saddr=&daddr=5400+E.+Mockingbird+Ln.+%23119B%2C+Dallas%2C+TX+75206&z=16&iwloc=A&z=auto
Art Custom Tailor,"5400 E. Mockingbird Ln. #119B, Dallas, TX 75206",214) 826-9766 / 832) 605-5330 / 713) 643-4348 / 800) 426-5204 / 832.867.9722 / 817) 551-5612 / 469) 258-8839 / 972) 986-2149 / 972) 484-5740 / 210) 365-2869,https://maps.google.com/maps?f=d&source=s_d&saddr=&daddr=5400+E.+Mockingbird+Ln.+%23119B%2C+Dallas%2C+TX+75206&z=16&iwloc=A&z=auto
Art Custom Tailor,"5400 E. Mockingbird Ln. #119B, Dallas, TX 75206",214) 826-9766,https://maps.google.com/maps?f=d&source=s_d&saddr=&daddr=5400+E.+Mockingbird+Ln.+%23119B%2C+Dallas%2C+TX+75206&z=16&iwloc=A&z=auto
현대전기,"1372 Country PI. Circle, Houston, TX 77079",832) 605-5330,https://maps.google.com/maps?f=d&source=s_d&saddr=&daddr=1372+Country+PI.+Circle%2C+Houston%2C+TX+77079&z=16&iwloc=A&z=auto
한빛장로교회,"3929 Colgate Street, Houston, TX 77087",713) 643-4348,https://www.hanbithouston.org
타이항공 (Thai Airways),,800) 426-5204,https://www.thaiair.com
라이언 박 종합보험,"1220 Blalock Rd. Ste.150. Houston, TX 77055 (H마트 옆)",832.867.9722,https://maps.google.com/maps?f=d&source=s_d&saddr=&daddr=1220+Blalock+Rd.+Ste.150.+Houston%2C+TX+77055+%28H%EB%A7%88%ED%8A%B8+%EC%98%86%29&z=16&iwloc=A&z=auto
[email protected],"1220 Blalock Rd. Ste.150. Houston, TX 77055 (H마트 옆)",832.867.9722,https://maps.google.com/maps?f=d&source=s_d&saddr=&daddr=1220+Blalock+Rd.+Ste.150.+Houston%2C+TX+77055+%28H%EB%A7%88%ED%8A%B8+%EC%98%86%29&z=16&iwloc=A&z=auto
크로스웨이침례교회,"5522 Whitman Ave., Fort Worth, TX 76133",817) 551-5612,https://maps.google.com/maps?f=d&source=s_d&saddr=&daddr=5522+Whitman+Ave.%2C+Fort+Worth%2C+TX+76133&z=16&iwloc=A&z=auto
PIO Construction,"12521 Outlook Ave., Fort Worth, TX 76244",469) 258-8839,https://maps.google.com/maps?f=d&source=s_d&saddr=&daddr=12521+Outlook+Ave.%2C+Fort+Worth%2C+TX+76244&z=16&iwloc=A&z=auto
어빙 시티 바디,"910 N Beltline Road, Irving, TX 75061",972) 986-2149,https://maps.google.com/maps?f=d&source=s_d&saddr=&daddr=910+N+Beltline+Road%2C+Irving%2C+TX+75061&z=16&iwloc=A&z=auto
한산 무역,"11181 Harry Hines Blvd. #123, Dallas, TX 75229",972) 484-5740,https://maps.google.com/maps?f=d&source=s_d&saddr=&daddr=11181+Harry+Hines+Blvd.+%23123%2C+Dallas%2C+TX+75229&z=16&iwloc=A&z=auto
[email protected],"11181 Harry Hines Blvd. #123, Dallas, TX 75229",972) 484-5740,https://maps.google.com/maps?f=d&source=s_d&saddr=&daddr=11181+Harry+Hines+Blvd.+%23123%2C+Dallas%2C+TX+75229&z=16&iwloc=A&z=auto
샌안토니오 예수사랑 장로교회,"5718 Grandwood Drive, San Antonio, TX 78239",210) 365-2869,https://maps.google.com/maps?f=d&source=s_d&saddr=&daddr=5718+Grandwood+Drive%2C+San+Antonio%2C+TX+78239&z=16&iwloc=A&z=auto
업소록,"1920 E. Beltline Road, Carrollton, TX 75006",972) 417-7001 / 940) 497-9464 / 972) 395-2525 / 214) 456-7000 / 214) 470-2966 / 469) 879-8895 / 972) 530-7374 / 972) 906-7100 / 972) 298-8833 / 214.470.9724 / 469.235.8677,https://maps.google.com/maps?f=d&source=s_d&saddr=&daddr=1920+E.+Beltline+Road%2C+Carrollton%2C+TX+75006&z=16&iwloc=A&z=auto
Hon Sushi,"1920 E. Beltline Road, Carrollton, TX 75006",972) 417-7001 / 940) 497-9464 / 972) 395-2525 / 214) 456-7000 / 214) 470-2966 / 469) 879-8895 / 972) 530-7374 / 972) 906-7100 / 972) 298-8833 / 214.470.9724 / 469.235.8677,https://maps.google.com/maps?f=d&source=s_d&saddr=&daddr=1920+E.+Beltline+Road%2C+Carrollton%2C+TX+75006&z=16&iwloc=A&z=auto
Hon Sushi,"1920 E. Beltline Road, Carrollton, TX 75006",972) 417-7001,https://maps.google.com/maps?f=d&source=s_d&saddr=&daddr=1920+E.+Beltline+Road%2C+Carrollton%2C+TX+75006&z=16&iwloc=A&z=auto
윙타운 (Denton),"4271 FM 2181 #316, Corinth, TX 76210",940) 497-9464,https://www.wingtown.com
Sushi Go,"1025 W. Hebron Pkwy. #156, Carrollton, TX 75007",972) 395-2525,http://www.mysushigo.com/
(Mon-Sun) 11:00am ~ 9:30pm,"1025 W. Hebron Pkwy. #156, Carrollton, TX 75007",972) 395-2525,http://www.mysushigo.com/
달라스 어린이 병원 (달라스) - Children's Medical Center Dallas,"2350 North Stemmons Freeway, Dallas, TX 75207",214) 456-7000,http://www.childrens.com
JS Sushi,"2625 Old Denton Road #229, Carrollton, TX 75007",214) 470-2966 / 469) 879-8895,https://www.jssushi.com
Choice Dental,"5435 N. Garland Ave. #125, Garland, TX 75040",972) 530-7374,http://choicedentalonline.com
[email protected],"5435 N. Garland Ave. #125, Garland, TX 75040",972) 530-7374,http://choicedentalonline.com
C2 Education Center (Coppell),"230 North Denton Tap Road #101, Coppell, TX 75019",972) 906-7100,https://www.c2educate.com/
[email protected],"230 North Denton Tap Road #101, Coppell, TX 75019",972) 906-7100,https://www.c2educate.com/
경기여자중고등학교,,972) 298-8833,
[email protected],뉴스타 부동산 (Texas Newstar Realty & Inv.),214.470.9724,https://maps.google.com/maps?f=d&source=s_d&saddr=&daddr=2560+Royal+Lane.+%23215.+Dallas%2C+TX+75229&z=16&iwloc=A&z=auto
[email protected],"2560 Royal Lane. #215. Dallas, TX 75229",214.470.9724,https://maps.google.com/maps?f=d&source=s_d&saddr=&daddr=2560+Royal+Lane.+%23215.+Dallas%2C+TX+75229&z=16&iwloc=A&z=auto
할매 칼국수,"2405 S. Stemmons Fwy, Lewisville, TX 75067 (시온마켓 푸드코트)",469.235.8677,https://maps.google.com/maps?f=d&source=s_d&saddr=&daddr=2405+S.+Stemmons+Fwy%2C+Lewisville%2C+TX+75067+%28%EC%8B%9C%EC%98%A8%EB%A7%88%EC%BC%93+%ED%91%B8%EB%93%9C%EC%BD%94%ED%8A%B8%29&z=16&iwloc=A&z=auto
업소록,"1009-A Dairy Ashford, Houston, TX 77079",281) 584-0121 / 214) 256-9000 / 469) 261-4002 / 915) 755-7995 / 713) 623-0600 / 254) 289-8866 / 254) 526-8866 / 214) 796-3441 / 972-406-1911 / 972-998-2916 / 469) 892-6313 / 469) 892-5729,https://maps.google.com/maps?f=d&source=s_d&saddr=&daddr=1009-A+Dairy+Ashford%2C+Houston%2C+TX+77079&z=16&iwloc=A&z=auto
퀵보이택배,"1009-A Dairy Ashford, Houston, TX 77079",281) 584-0121 / 214) 256-9000 / 469) 261-4002 / 915) 755-7995 / 713) 623-0600 / 254) 289-8866 / 254) 526-8866 / 214) 796-3441 / 972-406-1911 / 972-998-2916 / 469) 892-6313 / 469) 892-5729,https://maps.google.com/maps?f=d&source=s_d&saddr=&daddr=1009-A+Dairy+Ashford%2C+Houston%2C+TX+77079&z=16&iwloc=A&z=auto
퀵보이택배,"1009-A Dairy Ashford, Houston, TX 77079",281) 584-0121,https://maps.google.com/maps?f=d&source=s_d&saddr=&daddr=1009-A+Dairy+Ashford%2C+Houston%2C+TX+77079&z=16&iwloc=A&z=auto
코마트 (Komart),"2240 Royal Ln. #306, Dallas, TX 75229",214) 256-9000,http://www.mykomart.com
[email protected],"2240 Royal Ln. #306, Dallas, TX 75229",214) 256-9000,http://www.mykomart.com
크리스탈 블루 풀 & 스파,"5704 Big River Drive, The Colony, TX 75056",469) 261-4002,https://maps.google.com/maps?f=d&source=s_d&saddr=&daddr=5704+Big+River+Drive%2C+The+Colony%2C+TX+75056&z=16&iwloc=A&z=auto
한미식품,"9543 Dyer Street, El Paso, TX 79924",915) 755-7995,https://maps.google.com/maps?f=d&source=s_d&saddr=&daddr=9543+Dyer+Street%2C+El+Paso%2C+TX+79924&z=16&iwloc=A&z=auto
서계훈 합동법률사무소,"3211 Edloe St. #100, Houston, TX 77027",713) 623-0600,https://maps.google.com/maps?f=d&source=s_d&saddr=&daddr=3211+Edloe+St.+%23100%2C+Houston%2C+TX+77027&z=16&iwloc=A&z=auto
킬린 한인침례교회,"113 South 8th Street, Killeen, TX 76541",254) 289-8866 / 254) 526-8866,https://maps.google.com/maps?f=d&source=s_d&saddr=&daddr=113+South+8th+Street%2C+Killeen%2C+TX+76541&z=16&iwloc=A&z=auto
추인달 (ChooInDal),,,https://www.facebook.com/groups/chooindal/
[email protected],,,https://www.facebook.com/groups/chooindal/
Soleil Inc.,"2839 Anode Lane, Dallas, TX 75220",214) 796-3441,https://maps.google.com/maps?f=d&source=s_d&saddr=&daddr=2839+Anode+Lane%2C+Dallas%2C+TX+75220&z=16&iwloc=A&z=auto
Too Thai Street Eats (투타이 스트릿 잇츠),"2540 Old Denton Rd #138, Carrollton, TX 75006",469) 892-6313 / 469) 892-5729,http://www.toothaistreeteats.com/
"(Mon-Thurs)11am ~ 10pm, (Fri-Sun)11am~ 10:30pm","2540 Old Denton Rd #138, Carrollton, TX 75006",469) 892-6313 / 469) 892-5729,http://www.toothaistreeteats.com/
업소록,"6419 Bissonnet #100, Houston, TX 77074",713) 271-8003 / 405) 749-0120 / 718.445.0000 / 917.968.5050 / 512) 495-8832 / 713) 364-7788 / 214) 494-4246 / 972) 239-5275 / 972) 579-8100 / 817) 410-2400 / 214) 909-5722,https://www.bissonnetclockwatchrepair.com
비소넷 시계점,"6419 Bissonnet #100, Houston, TX 77074",713) 271-8003 / 405) 749-0120 / 718.445.0000 / 917.968.5050 / 512) 495-8832 / 713) 364-7788 / 214) 494-4246 / 972) 239-5275 / 972) 579-8100 / 817) 410-2400 / 214) 909-5722,https://www.bissonnetclockwatchrepair.com
비소넷 시계점,"6419 Bissonnet #100, Houston, TX 77074",713) 271-8003,https://www.bissonnetclockwatchrepair.com
쇼군,"11900 N. Noy Avenue, Oklahoma City, OK 73110",405) 749-0120,https://maps.google.com/maps?f=d&source=s_d&saddr=&daddr=11900+N.+Noy+Avenue%2C+Oklahoma+City%2C+OK+73110&z=16&iwloc=A&z=auto
Promise Realty LLC,,718.445.0000 / 917.968.5050,https://maps.google.com/maps?f=d&source=s_d&saddr=&daddr=188-02+Northern+Blvd.+2nd+Fl.%2C+Flushing%2C+NY+11358+%2F+45-22+Little+Neck+Pkwy+%23Suite+5%2C+Little+Neck.+NY+11362&z=16&iwloc=A&z=auto
[email protected],,718.445.0000 / 917.968.5050,https://maps.google.com/maps?f=d&source=s_d&saddr=&daddr=188-02+Northern+Blvd.+2nd+Fl.%2C+Flushing%2C+NY+11358+%2F+45-22+Little+Neck+Pkwy+%23Suite+5%2C+Little+Neck.+NY+11362&z=16&iwloc=A&z=auto
리차드 정 변호사,"600 Congress Ave. #1900, Austin, TX 78701",512) 495-8832,https://maps.google.com/maps?f=d&source=s_d&saddr=&daddr=600+Congress+Ave.+%231900%2C+Austin%2C+TX+78701&z=16&iwloc=A&z=auto
제일융자,"7001 Corporate Dr. #100-A, Houston, TX 77036",713) 364-7788,https://maps.google.com/maps?f=d&source=s_d&saddr=&daddr=7001+Corporate+Dr.+%23100-A%2C+Houston%2C+TX+77036&z=16&iwloc=A&z=auto
스톤 레이크 치과 (Stone Lake Family Dentistry),"14550 SH 121 #100, Frisco, TX 75035",214) 494-4246,https://maps.google.com/maps?f=d&source=s_d&saddr=&daddr=14550+SH+121+%23100%2C+Frisco%2C+TX+75035&z=16&iwloc=A&z=auto
[email protected],"14550 SH 121 #100, Frisco, TX 75035",214) 494-4246,https://maps.google.com/maps?f=d&source=s_d&saddr=&daddr=14550+SH+121+%23100%2C+Frisco%2C+TX+75035&z=16&iwloc=A&z=auto
Ramada Hotel,"8102 LBJ Freeway, Dallas, TX 75251",972) 239-5275,http://www.ramadaparkcentral.com
[email protected],"8102 LBJ Freeway, Dallas, TX 75251",972) 239-5275,http://www.ramadaparkcentral.com
베일러 메디칼 센터 (어빙),"1901 N. MacArthur Boulevard, Irving, TX 75061",972) 579-8100,http://www.baylorhealth.com
릴렉스 더 백 (Relax The Back),"2175 East Southlake Blvd Ste 150, Southlake, TX 76092",817) 410-2400,https://www.relaxtheback.com
"(Mon-Sat) 10:00am ~ 7:00pm, (Sun) 12:00pm ~ 6:00pm","2175 East Southlake Blvd Ste 150, Southlake, TX 76092",817) 410-2400,https://www.relaxtheback.com
안민성 한방병원 (프리스코),"5850 Town & Country Blvd #101, Frisco, TX 75034",214) 909-5722,https://maps.google.com/maps?f=d&source=s_d&saddr=&daddr=5850+Town+%26+Country+Blvd+%23101%2C+Frisco%2C+TX+75034&z=16&iwloc=A&z=auto
업소록,"1149 N. Plano Road, Garland, TX 75042",972) 804-2521 / 972) 272-4724 / 972) 769-7345 / 214) 522-9810 / 214) 507-4266 / 254) 690-7997 / 469.982.8825 / 972-488-1775 / 713) 776-2021 / 469) 814-9637,https://maps.google.com/maps?f=d&source=s_d&saddr=&daddr=1149+N.+Plano+Road%2C+Garland%2C+TX+75042&z=16&iwloc=A&z=auto
임보라 피아노 작곡 이론,"1149 N. Plano Road, Garland, TX 75042",972) 804-2521 / 972) 272-4724 / 972) 769-7345 / 214) 522-9810 / 214) 507-4266 / 254) 690-7997 / 469.982.8825 / 972-488-1775 / 713) 776-2021 / 469) 814-9637,https://maps.google.com/maps?f=d&source=s_d&saddr=&daddr=1149+N.+Plano+Road%2C+Garland%2C+TX+75042&z=16&iwloc=A&z=auto
임보라 피아노 작곡 이론,,972) 804-2521,
기쁜소식 달라스 제일교회,"1149 N. Plano Road, Garland, TX 75042",972) 272-4724,https://maps.google.com/maps?f=d&source=s_d&saddr=&daddr=1149+N.+Plano+Road%2C+Garland%2C+TX+75042&z=16&iwloc=A&z=auto
장 카이로프랙틱 플레이노 (Zhang Chiropractic TCM Clinic),"2411 Coit Rd. #110, Plano, TX 75075",972) 769-7345,http://www.acuchiroherbs.com
[email protected],"2411 Coit Rd. #110, Plano, TX 75075",972) 769-7345,http://www.acuchiroherbs.com
제이슨 최 변호사 (Choe Walker),"2000 Royal Ln. #205, Dallas, TX 75229",214) 522-9810,https://maps.google.com/maps?f=d&source=s_d&saddr=&daddr=2000+Royal+Ln.+%23205%2C+Dallas%2C+TX+75229&z=16&iwloc=A&z=auto
유니스 방 메이크업 (Eunice Bang Professional Makeup Artist),,214) 507-4266,http://www.eunicebang.com
[email protected],,214) 507-4266,http://www.eunicebang.com
양의탁 치과,"1203 Central Expressway, Killeen, TX 76543",254) 690-7997,https://maps.google.com/maps?f=d&source=s_d&saddr=&daddr=1203+Central+Expressway%2C+Killeen%2C+TX+76543&z=16&iwloc=A&z=auto
엠앤알 서플라이 M&R SUPPLY,"2241 Joe Field Rd. Dallas, TX 75229 (코마트내)",469.982.8825,https://maps.google.com/maps?f=d&source=s_d&saddr=&daddr=2241+Joe+Field+Rd.+Dallas%2C+TX+75229+%28%EC%BD%94%EB%A7%88%ED%8A%B8%EB%82%B4%29&z=16&iwloc=A&z=auto
터치텔 와이얼레스(Touchtel Wireless),"11250 Harry Hines Blvd # 201, Dallas, TX 75229",972-488-1775,http://www.touchteldallas.com
라니스 트로피,"8000 S. Gessner, Houston, TX 77036",713) 776-2021,https://maps.google.com/maps?f=d&source=s_d&saddr=&daddr=8000+S.+Gessner%2C+Houston%2C+TX+77036&z=16&iwloc=A&z=auto
Min's Hair,"3420 K Ave. #155, Plano, TX 75074",469) 814-9637,https://maps.google.com/maps?f=d&source=s_d&saddr=&daddr=3420+K+Ave.+%23155%2C+Plano%2C+TX+75074&z=16&iwloc=A&z=auto
업소록,"26742 E. University Dr. Ste. 220 Aubrey, TX 76227",972) 845-1234 / 469) 688-9059 / 512) 339-3538 / 214) 677-3180 / 972) 372-4505 / 405) 632-3322 / 972) 243-3485 / 469 554 5659 / 972-720-0759 / 817) 320-9318,https://www.navofamilydental.com
Navo Family Dental (나보 덴탈),"26742 E. University Dr. Ste. 220 Aubrey, TX 76227",972) 845-1234 / 469) 688-9059 / 512) 339-3538 / 214) 677-3180 / 972) 372-4505 / 405) 632-3322 / 972) 243-3485 / 469 554 5659 / 972-720-0759 / 817) 320-9318,https://www.navofamilydental.com
Navo Family Dental (나보 덴탈),"26742 E. University Dr. Ste. 220 Aubrey, TX 76227",972) 845-1234,https://www.navofamilydental.com
드림아트 미술학원 (Academy of Dream Art) 플레이노,"3420 K Avenue #306, Plano, TX 75074",469) 688-9059,https://maps.google.com/maps?f=d&source=s_d&saddr=&daddr=3420+K+Avenue+%23306%2C+Plano%2C+TX+75074&z=16&iwloc=A&z=auto
어스틴 제일장로교회,"10601 Pecan Park Blvd., Austin, TX 78750",512) 339-3538,http://www.akfpc.org
서울 부동산,,214) 677-3180,
[email protected],,214) 677-3180,
Heart Rhythm Specialists (심장내과),"7300 Eldorado Pkwy, Mckinney, TX 75070",972) 372-4505,https://maps.google.com/maps?f=d&source=s_d&saddr=&daddr=7300+Eldorado+Pkwy%2C+Mckinney%2C+TX+75070&z=16&iwloc=A&z=auto
[email protected],"7300 Eldorado Pkwy, Mckinney, TX 75070",972) 372-4505,https://maps.google.com/maps?f=d&source=s_d&saddr=&daddr=7300+Eldorado+Pkwy%2C+Mckinney%2C+TX+75070&z=16&iwloc=A&z=auto
한인중앙장로교회,"600 SE 30th Street, Oklahoma City, OK 73129",405) 632-3322,http://church.kcmusa.org/network/main.php?club_table=club_1330
Lucky 7 Plaza,"11252 Harry Hines Blvd. #202, Dallas, TX 75229",972) 243-3485,https://maps.google.com/maps?f=d&source=s_d&saddr=&daddr=11252+Harry+Hines+Blvd.+%23202%2C+Dallas%2C+TX+75229&z=16&iwloc=A&z=auto
In-Ex Contracting & Roofing Inc.,"2210 Landoine Lane, Lewisville, TX 75056",469 554 5659,https://maps.google.com/maps?f=d&source=s_d&saddr=&daddr=2210+Landoine+Lane%2C+Lewisville%2C+TX+75056&z=16&iwloc=A&z=auto
최수곤 세무회계법인,,972-720-0759,
포트워스냉동,"9116 Camp Bowie W. Blvd. #125, Fort Worth, TX 76116",817) 320-9318,https://maps.google.com/maps?f=d&source=s_d&saddr=&daddr=9116+Camp+Bowie+W.+Blvd.+%23125%2C+Fort+Worth%2C+TX+76116&z=16&iwloc=A&z=auto
업소록,"6202 NW Cache Road, Lawton, OK 73505",580) 536-8941 / 281) 758-3878 / 972) 242-5556 / 405) 532-0514 / 972-242-0070 / 832) 338-6653 / 210) 822-1529 / 469) 655-2927 / 713) 906-3054 / 469-399-0291 / 972) 742-8716,https://maps.google.com/maps?f=d&source=s_d&saddr=&daddr=6202+NW+Cache+Road%2C+Lawton%2C+OK+73505&z=16&iwloc=A&z=auto
평화식품,"6202 NW Cache Road, Lawton, OK 73505",580) 536-8941 / 281) 758-3878 / 972) 242-5556 / 405) 532-0514 / 972-242-0070 / 832) 338-6653 / 210) 822-1529 / 469) 655-2927 / 713) 906-3054 / 469-399-0291 / 972) 742-8716,https://maps.google.com/maps?f=d&source=s_d&saddr=&daddr=6202+NW+Cache+Road%2C+Lawton%2C+OK+73505&z=16&iwloc=A&z=auto
평화식품,"6202 NW Cache Road, Lawton, OK 73505",580) 536-8941,https://maps.google.com/maps?f=d&source=s_d&saddr=&daddr=6202+NW+Cache+Road%2C+Lawton%2C+OK+73505&z=16&iwloc=A&z=auto
사쿠라 (Kobe Hana),"24100 N.W. Fwy. #100, Cypress, TX 77429",281) 758-3878,https://maps.google.com/maps?f=d&source=s_d&saddr=&daddr=24100+N.W.+Fwy.+%23100%2C+Cypress%2C+TX+77429&z=16&iwloc=A&z=auto
Blue One 골프 스튜디오,"2625 Old Denton Rd #404, Carrollton, TX 75007",972) 242-5556 / 405) 532-0514,https://maps.google.com/maps?f=d&source=s_d&saddr=&daddr=2625+Old+Denton+Rd+%23404%2C+Carrollton%2C+TX+75007&z=16&iwloc=A&z=auto
(Mon-Sat) 10:00am ~ 9:00pm,"2625 Old Denton Rd #404, Carrollton, TX 75007",972) 242-5556 / 405) 532-0514,https://maps.google.com/maps?f=d&source=s_d&saddr=&daddr=2625+Old+Denton+Rd+%23404%2C+Carrollton%2C+TX+75007&z=16&iwloc=A&z=auto
메가 식당장비 (Mega Restrant Supply),"1000 Crowley Drive #150, Carrollton TX 75006",972-242-0070,https://www.megarsdfw.com
[email protected],"1000 Crowley Drive #150, Carrollton TX 75006",972-242-0070,https://www.megarsdfw.com
고향집 (하윈점),"5860 Ranchester, Houston, TX 77036",832) 338-6653,https://maps.google.com/maps?f=d&source=s_d&saddr=&daddr=5860+Ranchester%2C+Houston%2C+TX+77036&z=16&iwloc=A&z=auto
서울 비디오,"1027 Rittiman Road, San Antonio, TX 78218",210) 822-1529,https://maps.google.com/maps?f=d&source=s_d&saddr=&daddr=1027+Rittiman+Road%2C+San+Antonio%2C+TX+78218&z=16&iwloc=A&z=auto
론스타 펜싱 센터 (Lone Star Fencing Center),"915 W. Parker Rd. #311, Plano, TX 75023",469) 655-2927,https://www.lonestarfencingcenter.org
[email protected],"915 W. Parker Rd. #311, Plano, TX 75023",469) 655-2927,https://www.lonestarfencingcenter.org
두나미스 축구단,,713) 906-3054,
K-HAIR CUT (케이헤어컷),"11407 Emerald St. #111, Dallas TX 75229 (모짜르트앞)",469-399-0291,https://maps.google.com/maps?f=d&source=s_d&saddr=&daddr=11407+Emerald+St.+%23111%2C+Dallas+TX+75229+%28%EB%AA%A8%EC%A7%9C%EB%A5%B4%ED%8A%B8%EC%95%9E%29&z=16&iwloc=A&z=auto
Pro One 잔디 조경,,972) 742-8716,
업소록,"300 W. Plano Parkway, Plano, TX 75075",972) 633-8000 / 281) 529-1901 / 469) 657-6837 / 713) 747-8222 / 713) 673-8880 / 972.533.4377 / 501) 450-9090 / 713) 988-7661 / 972) 446-6633 / 972) 620-2001,https://www.japanhouseplano.com
Japan House,"300 W. Plano Parkway, Plano, TX 75075",972) 633-8000 / 281) 529-1901 / 469) 657-6837 / 713) 747-8222 / 713) 673-8880 / 972.533.4377 / 501) 450-9090 / 713) 988-7661 / 972) 446-6633 / 972) 620-2001,https://www.japanhouseplano.com
Japan House,"300 W. Plano Parkway, Plano, TX 75075",972) 633-8000,https://www.japanhouseplano.com
한진 해운 (Hanjin Shipping Co.),"12121 Wickchester Ln. #360, Houston, TX 77079",281) 529-1901,https://maps.google.com/maps?f=d&source=s_d&saddr=&daddr=12121+Wickchester+Ln.+%23360%2C+Houston%2C+TX+77079&z=16&iwloc=A&z=auto
마이클 파커 변호사,"6565 N. MacArthur Blvd. #225, Irving, TX 75039",469) 657-6837,https://maps.google.com/maps?f=d&source=s_d&saddr=&daddr=6565+N.+MacArthur+Blvd.+%23225%2C+Irving%2C+TX+75039&z=16&iwloc=A&z=auto
Sye Beauty Supply,"4426 Griggs Road, Houston, TX 77021",713) 747-8222,https://maps.google.com/maps?f=d&source=s_d&saddr=&daddr=4426+Griggs+Road%2C+Houston%2C+TX+77021&z=16&iwloc=A&z=auto
Pacific Intermodal,,713) 673-8880,
코너크랩 가라오케 카페,"2601 S. Stemmons Freeway #190, Lewisville, TX 75067",972.533.4377,https://maps.google.com/maps?f=d&source=s_d&saddr=&daddr=2601+S.+Stemmons+Freeway+%23190%2C+Lewisville%2C+TX+75067&z=16&iwloc=A&z=auto
[email protected],"2601 S. Stemmons Freeway #190, Lewisville, TX 75067",972.533.4377,https://maps.google.com/maps?f=d&source=s_d&saddr=&daddr=2601+S.+Stemmons+Freeway+%23190%2C+Lewisville%2C+TX+75067&z=16&iwloc=A&z=auto
차이나타운,"201 Skyline Dr. #12A, Conway, AR 72032",501) 450-9090,https://maps.google.com/maps?f=d&source=s_d&saddr=&daddr=201+Skyline+Dr.+%2312A%2C+Conway%2C+AR+72032&z=16&iwloc=A&z=auto
정현우 합동법률사무소,"6588 Corporate Dr. #350, Houston, TX 77036",713) 988-7661,https://maps.google.com/maps?f=d&source=s_d&saddr=&daddr=6588+Corporate+Dr.+%23350%2C+Houston%2C+TX+77036&z=16&iwloc=A&z=auto
Tom N Toms(탐 앤 탐스),"2625 Old Denton Rd, suite 406, Carrollton, TX 75007",972) 446-6633,https://maps.google.com/maps?f=d&source=s_d&saddr=&daddr=2625+Old+Denton+Rd%2C+suite+406%2C+Carrollton%2C+TX+75007&z=16&iwloc=A&z=auto
KBS 식당장비,"3350 Beltline Rd. #B, Farmers Branch, TX 75234",972) 620-2001,https://maps.google.com/maps?f=d&source=s_d&saddr=&daddr=3350+Beltline+Rd.+%23B%2C+Farmers+Branch%2C+TX+75234&z=16&iwloc=A&z=auto
업소록,"911 W. Anderson Ln. #114, Austin, TX 78757",512) 302-5433 / 214) 730-0505 / 512) 219-1348 / 713) 419-4283 / 469-320-1401 / 972) 488-8282 / 972) 406-0605 / 817) 528-4254 / 972)-280-9090 / 214) 352-6677,https://maps.google.com/maps?f=d&source=s_d&saddr=&daddr=911+W.+Anderson+Ln.+%23114%2C+Austin%2C+TX+78757&z=16&iwloc=A&z=auto
미성 888 야식집 (Misung 888),"911 W. Anderson Ln. #114, Austin, TX 78757",512) 302-5433 / 214) 730-0505 / 512) 219-1348 / 713) 419-4283 / 469-320-1401 / 972) 488-8282 / 972) 406-0605 / 817) 528-4254 / 972)-280-9090 / 214) 352-6677,https://maps.google.com/maps?f=d&source=s_d&saddr=&daddr=911+W.+Anderson+Ln.+%23114%2C+Austin%2C+TX+78757&z=16&iwloc=A&z=auto
미성 888 야식집 (Misung 888),"911 W. Anderson Ln. #114, Austin, TX 78757",512) 302-5433,https://maps.google.com/maps?f=d&source=s_d&saddr=&daddr=911+W.+Anderson+Ln.+%23114%2C+Austin%2C+TX+78757&z=16&iwloc=A&z=auto
지오 융자 (Geo-Corp INC),"2560 Royal Ln. #217, Dallas, TX 75229",214) 730-0505,https://www.geofunding.com
Q 옷수선 & 세탁,"13233 Pond Springs Rd. #306, Austin, TX 78729",512) 219-1348,https://maps.google.com/maps?f=d&source=s_d&saddr=&daddr=13233+Pond+Springs+Rd.+%23306%2C+Austin%2C+TX+78729&z=16&iwloc=A&z=auto
드림 슈즈,,713) 419-4283,
네시피 Necipe Dallas,2240 Royal Ln #303 Dallas TX 75229,469-320-1401,https://maps.google.com/maps?f=d&source=s_d&saddr=&daddr=2240+Royal+Ln+%23303+Dallas+TX+75229&z=16&iwloc=A&z=auto
아서원,"2560 Royal Ln. #100, Dallas, TX 75229",972) 488-8282,https://www.royalwokdallas.com
(Mon-Sun) 11:00am ~ 10:30pm,"2560 Royal Ln. #100, Dallas, TX 75229",972) 488-8282,https://www.royalwokdallas.com
Royal Check Cashing,"11407 Emerald St. #100, Dallas, TX 75229",972) 406-0605,https://maps.google.com/maps?f=d&source=s_d&saddr=&daddr=11407+Emerald+St.+%23100%2C+Dallas%2C+TX+75229&z=16&iwloc=A&z=auto
도우맨 (김상광),,817) 528-4254,
CND Protection,"1755 Wittington Pl #150, Farmers Branch, TX 75234",972)-280-9090,http://www.cndprotection.com
[email protected],"1755 Wittington Pl #150, Farmers Branch, TX 75234",972)-280-9090,http://www.cndprotection.com
미래 한방 클리닉 (달라스),"2035 Royal Lane #200, Dallas, TX 75229",214) 352-6677,https://maps.google.com/maps?f=d&source=s_d&saddr=&daddr=2035+Royal+Lane+%23200%2C+Dallas%2C+TX+75229&z=16&iwloc=A&z=auto
업소록,"601 W. Parker Rd. #101, Plano, TX 75023",214) 352-6677 / 405) 670-1170 / 214-551-0739 / 214-205-9916 / 972) 620-3222 / 972) 242-3870 / 209718259173098 / 972) 272-4304 / 972) 900-5176 / 512) 491-5107,https://www.koreaportal.com
코리아 포탈 (Koreaportal Dallas),"601 W. Parker Rd. #101, Plano, TX 75023",214) 352-6677 / 405) 670-1170 / 214-551-0739 / 214-205-9916 / 972) 620-3222 / 972) 242-3870 / 209718259173098 / 972) 272-4304 / 972) 900-5176 / 512) 491-5107,https://www.koreaportal.com
코리아 포탈 (Koreaportal Dallas),,,https://www.koreaportal.com
미래클리닉 플레이노,"601 W. Parker Rd. #101, Plano, TX 75023",214) 352-6677,https://maps.google.com/maps?f=d&source=s_d&saddr=&daddr=601+W.+Parker+Rd.+%23101%2C+Plano%2C+TX+75023&z=16&iwloc=A&z=auto
비원,"4517 S Sunnylane Road, Oklahoma City, OK 73135",405) 670-1170,https://maps.google.com/maps?f=d&source=s_d&saddr=&daddr=4517+S+Sunnylane+Road%2C+Oklahoma+City%2C+OK+73135&z=16&iwloc=A&z=auto
달라스 사랑의 교회,,214-551-0739,https://maps.google.com/maps?f=d&source=s_d&saddr=&daddr=1720+Keller+Springs+Rd.+Carrollton+TC+75006&z=16&iwloc=A&z=auto
[email protected],,214-551-0739,https://maps.google.com/maps?f=d&source=s_d&saddr=&daddr=1720+Keller+Springs+Rd.+Carrollton+TC+75006&z=16&iwloc=A&z=auto
범양해운,"151 Regal Row, Dallas, TX 75247",214-205-9916,https://www.pumyang.com
A-1 마케팅,"2525 Royal Ln. #300, Dallas, TX 75229",972) 620-3222,https://maps.google.com/maps?f=d&source=s_d&saddr=&daddr=2525+Royal+Ln.+%23300%2C+Dallas%2C+TX+75229&z=16&iwloc=A&z=auto
쌈 (Ssam Korean Grill),"2625 Old Denton Rd. #538, Carrollton, TX 75007",972) 242-3870 / 209718259173098,https://m.facebook.com/Ssam-Korean-Grill-209718259173098
"(Mon-Sat) 11:00am ~ 10:00pm, (Sun) 11:30am ~ 9:00pm","2625 Old Denton Rd. #538, Carrollton, TX 75007",972) 242-3870 / 209718259173098,https://m.facebook.com/Ssam-Korean-Grill-209718259173098
미스터 카정비,"122 Grant Street, Garland, TX 75042",972) 272-4304,https://maps.google.com/maps?f=d&source=s_d&saddr=&daddr=122+Grant+Street%2C+Garland%2C+TX+75042&z=16&iwloc=A&z=auto
Elite Insurance 엘리트 보험,"5930 LBJ Freeway #438, Dallas, TX 75240 / 700 Central Expy S, Suite 400, Allen, TX 75013",972) 900-5176,http://www.eliteinsgroup.net
[email protected],"5930 LBJ Freeway #438, Dallas, TX 75240 / 700 Central Expy S, Suite 400, Allen, TX 75013",972) 900-5176,http://www.eliteinsgroup.net
체이스,"500 Canyon Ridge Dr., Austin, TX 78753",512) 491-5107,https://maps.google.com/maps?f=d&source=s_d&saddr=&daddr=500+Canyon+Ridge+Dr.%2C+Austin%2C+TX+78753&z=16&iwloc=A&z=auto
업소록,"4061 Kirkpatrick Ln. #100, Flower Mound, TX 75028",972) 355-2424 / 713) 785-8554 / 469)900-8338 / 972) 241-4894 / 972) 529-9900 / 972-482-0111 / 713) 462-4914 / 214) 906-4208 / 254) 690-4005 / 817) 435-4670,https://en-gb.facebook.com/genesisdental4u
제네시스 덴탈,"4061 Kirkpatrick Ln. #100, Flower Mound, TX 75028",972) 355-2424 / 713) 785-8554 / 469)900-8338 / 972) 241-4894 / 972) 529-9900 / 972-482-0111 / 713) 462-4914 / 214) 906-4208 / 254) 690-4005 / 817) 435-4670,https://en-gb.facebook.com/genesisdental4u
[email protected],"4061 Kirkpatrick Ln. #100, Flower Mound, TX 75028",972) 355-2424,https://en-gb.facebook.com/genesisdental4u
와이 케이 (YK) 스포츠 웨어,"9889 Harwin Dr. #404, Houston, TX 77036",713) 785-8554,https://maps.google.com/maps?f=d&source=s_d&saddr=&daddr=9889+Harwin+Dr.+%23404%2C+Houston%2C+TX+77036&z=16&iwloc=A&z=auto
피슈 마라홍탕,"2680 Old Denton Rd #108, Carrollton, TX 75007",469)900-8338,https://maps.google.com/maps?f=d&source=s_d&saddr=&daddr=2680+Old+Denton+Rd+%23108%2C+Carrollton%2C+TX+75007&z=16&iwloc=A&z=auto
A Plus Hair Trading Co.,"11241 Leo Lane, Dallas, TX 75229",972) 241-4894,https://maps.google.com/maps?f=d&source=s_d&saddr=&daddr=11241+Leo+Lane%2C+Dallas%2C+TX+75229&z=16&iwloc=A&z=auto
Shogun Hibachi & Sushi (Mckinney),"1230 N. Central Expressway, Mckinney, TX 75070",972) 529-9900,https://www.shogunbcn.com
Marcus & Millichap 마커스 밀리챕 부동산,"5001 Spring Valley Road, Suite 100W, Dallas, TX 75244",972-482-0111,https://maps.google.com/maps?f=d&source=s_d&saddr=&daddr=5001+Spring+Valley+Road%2C+Suite+100W%2C+Dallas%2C+TX+75244&z=16&iwloc=A&z=auto
[email protected],"5001 Spring Valley Road, Suite 100W, Dallas, TX 75244",972-482-0111,https://maps.google.com/maps?f=d&source=s_d&saddr=&daddr=5001+Spring+Valley+Road%2C+Suite+100W%2C+Dallas%2C+TX+75244&z=16&iwloc=A&z=auto
파인크레스트 골프장,"3080 Gessner Road, Houston, TX 77080",713) 462-4914,https://maps.google.com/maps?f=d&source=s_d&saddr=&daddr=3080+Gessner+Road%2C+Houston%2C+TX+77080&z=16&iwloc=A&z=auto
비너스 미술학원,"915 West Parker Rd #306, Plano, TX 75023",214) 906-4208,https://maps.google.com/maps?f=d&source=s_d&saddr=&daddr=915+West+Parker+Rd+%23306%2C+Plano%2C+TX+75023&z=16&iwloc=A&z=auto
샤론의 꽃,"104 W. Elems Rd. #400, Killeen, TX 76542",254) 690-4005,http://www.sharonsroses.com
"(Mon-Fri) 9:30am ~ 6:30pm, (Sat) 9:30am ~ 2:30pm","104 W. Elems Rd. #400, Killeen, TX 76542",254) 690-4005,http://www.sharonsroses.com
루민종합병원 Lumin Care (Burleson),"633 SW Johnson Avenue, Burleson, TX 76028",817) 435-4670,http://lumincare.luminhealth.com
(Mon-Fri) 9:00am ~ 6:00pm,"633 SW Johnson Avenue, Burleson, TX 76028",817) 435-4670,http://lumincare.luminhealth.com
업소록,"8650 Spicewood Springs Rd. #119, Austin, TX 78759",214-924-7750 / 512) 249-9122 / 281) 392-0158 / 972) 233-4100 / 214) 516-7502 / 469) 826-3671 / 469) 682-7038 / 972) 423-1273 / 972) 247-4747 / 214-766-6942,https://maps.google.com/maps?f=d&source=s_d&saddr=&daddr=8650+Spicewood+Springs+Rd.+%23119%2C+Austin%2C+TX+78759&z=16&iwloc=A&z=auto
Total Construction,"8650 Spicewood Springs Rd. #119, Austin, TX 78759",214-924-7750 / 512) 249-9122 / 281) 392-0158 / 972) 233-4100 / 214) 516-7502 / 469) 826-3671 / 469) 682-7038 / 972) 423-1273 / 972) 247-4747 / 214-766-6942,https://maps.google.com/maps?f=d&source=s_d&saddr=&daddr=8650+Spicewood+Springs+Rd.+%23119%2C+Austin%2C+TX+78759&z=16&iwloc=A&z=auto
Total Construction,,214-924-7750,
서울식당,"8650 Spicewood Springs Rd. #119, Austin, TX 78759",512) 249-9122,https://maps.google.com/maps?f=d&source=s_d&saddr=&daddr=8650+Spicewood+Springs+Rd.+%23119%2C+Austin%2C+TX+78759&z=16&iwloc=A&z=auto
꽃봉오리 꽃집,"628 Mason Road, Houston, TX 77450",281) 392-0158,https://www.ftd.com/petalpatch
Rick Cohen 변호사,,972) 233-4100,
혼다 HONDA (David McDavid Honda of Irving),"3700 W. Airport Freeway, Irving, TX 75062",214) 516-7502,https://www.mcdavidhondairving.com
"(Mon-Fri) 7:00am ~ 9:00pm, (Sat) 8:00am ~ 9:00pm","3700 W. Airport Freeway, Irving, TX 75062",214) 516-7502,https://www.mcdavidhondairving.com
대우 건축,"2435 Glenda Ln. #6, Dallas, TX 75229",469) 826-3671,https://maps.google.com/maps?f=d&source=s_d&saddr=&daddr=2435+Glenda+Ln.+%236%2C+Dallas%2C+TX+75229&z=16&iwloc=A&z=auto
베어 디자인빌드,"2695 Villa Creek Dr. #110, Dallas, TX 75234",469) 682-7038,https://maps.google.com/maps?f=d&source=s_d&saddr=&daddr=2695+Villa+Creek+Dr.+%23110%2C+Dallas%2C+TX+75234&z=16&iwloc=A&z=auto
Eden Fashion (Plano),"3320 K. Ave #218-M114, Plano, TX 75074",972) 423-1273,https://maps.google.com/maps?f=d&source=s_d&saddr=&daddr=3320+K.+Ave+%23218-M114%2C+Plano%2C+TX+75074&z=16&iwloc=A&z=auto
델타 사무용품,"14055 Proton Rd., Farmers Branch, TX 75244",972) 247-4747,http://www.deltaop.com
[email protected],"14055 Proton Rd., Farmers Branch, TX 75244",972) 247-4747,http://www.deltaop.com
The View Development LLC,"2625 Old Denton Rd, Suite #500-D Carrollton, TX 75007",214-766-6942,https://maps.google.com/maps?f=d&source=s_d&saddr=&daddr=2625+Old+Denton+Rd%2C+Suite+%23500-D+Carrollton%2C+TX+75007&z=16&iwloc=A&z=auto
업소록,"2625 Old Denton Rd. #576, Carrollton, TX 75007",214) 295-7256 / 281) 984-5050 / 214) 352-6677 / 972) 620-8300 / 469-740-2008 / 469-360-1081 / 512) 415-9851 / 469) 879-7507 / 281) 235-4702 / 214) 483-3699,https://maps.google.com/maps?f=d&source=s_d&saddr=&daddr=2625+Old+Denton+Rd.+%23576%2C+Carrollton%2C+TX+75007&z=16&iwloc=A&z=auto
달팽이 디자인,"2625 Old Denton Rd. #576, Carrollton, TX 75007",214) 295-7256 / 281) 984-5050 / 214) 352-6677 / 972) 620-8300 / 469-740-2008 / 469-360-1081 / 512) 415-9851 / 469) 879-7507 / 281) 235-4702 / 214) 483-3699,https://maps.google.com/maps?f=d&source=s_d&saddr=&daddr=2625+Old+Denton+Rd.+%23576%2C+Carrollton%2C+TX+75007&z=16&iwloc=A&z=auto
달팽이 디자인,"2625 Old Denton Rd. #576, Carrollton, TX 75007",214) 295-7256,https://maps.google.com/maps?f=d&source=s_d&saddr=&daddr=2625+Old+Denton+Rd.+%23576%2C+Carrollton%2C+TX+75007&z=16&iwloc=A&z=auto
[email protected],"2625 Old Denton Rd. #576, Carrollton, TX 75007",214) 295-7256,https://maps.google.com/maps?f=d&source=s_d&saddr=&daddr=2625+Old+Denton+Rd.+%23576%2C+Carrollton%2C+TX+75007&z=16&iwloc=A&z=auto
안용준 변호사,"P.O. Box 19903, Houston, TX 77224",281) 984-5050,https://maps.google.com/maps?f=d&source=s_d&saddr=&daddr=P.O.+Box+19903%2C+Houston%2C+TX+77224&z=16&iwloc=A&z=auto
미래클리닉 달라스,"2035 Royal Ln. #200, Dallas, TX 75229",214) 352-6677,https://maps.google.com/maps?f=d&source=s_d&saddr=&daddr=2035+Royal+Ln.+%23200%2C+Dallas%2C+TX+75229&z=16&iwloc=A&z=auto
Super Komart,"2240 Royal Ln. #204, Dallas, TX 75229",972) 620-8300,https://maps.google.com/maps?f=d&source=s_d&saddr=&daddr=2240+Royal+Ln.+%23204%2C+Dallas%2C+TX+75229&z=16&iwloc=A&z=auto
미나리 Minari,"2625 Old Denton Rd. #200, Carrollton, TX 75007 (캐를톤H마트 푸드코트)",469-740-2008,https://maps.google.com/maps?f=d&source=s_d&saddr=&daddr=2625+Old+Denton+Rd.+%23200%2C+Carrollton%2C+TX+75007+%28%EC%BA%90%EB%A5%BC%ED%86%A4H%EB%A7%88%ED%8A%B8+%ED%91%B8%EB%93%9C%EC%BD%94%ED%8A%B8%29&z=16&iwloc=A&z=auto
CNSK 상호 융자,"2460 Old Denton Rd #262, Carrollton, TX 75007",469-360-1081,https://maps.google.com/maps?f=d&source=s_d&saddr=&daddr=2460+Old+Denton+Rd+%23262%2C+Carrollton%2C+TX+75007&z=16&iwloc=A&z=auto
[email protected],"2460 Old Denton Rd #262, Carrollton, TX 75007",469-360-1081,https://maps.google.com/maps?f=d&source=s_d&saddr=&daddr=2460+Old+Denton+Rd+%23262%2C+Carrollton%2C+TX+75007&z=16&iwloc=A&z=auto
서영희 부동산,,512) 415-9851,https://www.realtyaustin.com
남정호 부동산,"1415 Legacy Dr. #100, Frisco, TX 75034",469) 879-7507,https://www.davidnam.ebby.com
최환 에어컨,"14358 Misty Meadow, Houston, TX 77079",281) 235-4702,https://maps.google.com/maps?f=d&source=s_d&saddr=&daddr=14358+Misty+Meadow%2C+Houston%2C+TX+77079&z=16&iwloc=A&z=auto
윙타운 (Hebron),"1008 W. Hebron Pkwy. #106, Carrollton, TX 75010",214) 483-3699,https://www.wingtown.com
업소록,"1610 Gessner Road, Houston, TX 77080",713) 498-9247 / 713) 973-6060 / 972) 697-1651 / 972) 488-8338 / 713) 385-2156 / 469) 786-0622 / 972) 254-1412 / 972) 446-2019 / 501) 982-8464 / 501) 982-2782 / 580) 355-9758 / 972) 480-1579,https://maps.google.com/maps?f=d&source=s_d&saddr=&daddr=1610+Gessner+Road%2C+Houston%2C+TX+77080&z=16&iwloc=A&z=auto
릴리 미용실,"1610 Gessner Road, Houston, TX 77080",713) 498-9247 / 713) 973-6060 / 972) 697-1651 / 972) 488-8338 / 713) 385-2156 / 469) 786-0622 / 972) 254-1412 / 972) 446-2019 / 501) 982-8464 / 501) 982-2782 / 580) 355-9758 / 972) 480-1579,https://maps.google.com/maps?f=d&source=s_d&saddr=&daddr=1610+Gessner+Road%2C+Houston%2C+TX+77080&z=16&iwloc=A&z=auto
릴리 미용실,"1610 Gessner Road, Houston, TX 77080",713) 498-9247,https://maps.google.com/maps?f=d&source=s_d&saddr=&daddr=1610+Gessner+Road%2C+Houston%2C+TX+77080&z=16&iwloc=A&z=auto
K-포토,"10011 Long Point Road, Houston, TX 77055",713) 973-6060,https://maps.google.com/maps?f=d&source=s_d&saddr=&daddr=10011+Long+Point+Road%2C+Houston%2C+TX+77055&z=16&iwloc=A&z=auto
Pacific Plus 식품도매상,"13241 Valley Branch Ln. #200, Farmers Branch, TX 75234",972) 697-1651 / 972) 488-8338,http://www.pacificplus.net
[email protected],"13241 Valley Branch Ln. #200, Farmers Branch, TX 75234",972) 697-1651 / 972) 488-8338,http://www.pacificplus.net
휴스턴 야구협회,,713) 385-2156,
다이소 Plano (Daiso Japan),"101 W. Spring Creek Pkwy. #731, Plano, TX 75023",469) 786-0622,https://maps.google.com/maps?f=d&source=s_d&saddr=&daddr=101+W.+Spring+Creek+Pkwy.+%23731%2C+Plano%2C+TX+75023&z=16&iwloc=A&z=auto
Lee Medical Clinic,"811 N. O'Connor Road, Irving, TX 75061",972) 254-1412,https://maps.google.com/maps?f=d&source=s_d&saddr=&daddr=811+N.+O%27Connor+Road%2C+Irving%2C+TX+75061&z=16&iwloc=A&z=auto
Silk Nails & Spa,"2145 N. Josey Ln #104, Carrollton, TX 75006",972) 446-2019,http://www.silknailsandspa.com
"(Mon-Fri) 9:00am ~ 7:00pm, (Sat) 9:00am ~ 6:00pm","2145 N. Josey Ln #104, Carrollton, TX 75006",972) 446-2019,http://www.silknailsandspa.com
알칸사 제일침례교회,"323 W. Main Street, Jacksonville, AR 72076",501) 982-8464 / 501) 982-2782,https://maps.google.com/maps?f=d&source=s_d&saddr=&daddr=323+W.+Main+Street%2C+Jacksonville%2C+AR+72076&z=16&iwloc=A&z=auto
[email protected],"323 W. Main Street, Jacksonville, AR 72076",501) 982-8464 / 501) 982-2782,https://maps.google.com/maps?f=d&source=s_d&saddr=&daddr=323+W.+Main+Street%2C+Jacksonville%2C+AR+72076&z=16&iwloc=A&z=auto
로턴 화목한교회,"902 NW. Colombia Avenue, Lawton, OK 73505",580) 355-9758,https://maps.google.com/maps?f=d&source=s_d&saddr=&daddr=902+NW.+Colombia+Avenue%2C+Lawton%2C+OK+73505&z=16&iwloc=A&z=auto
키즈 미술로,"265 Old Denton Rd #578, Carrollton, TX 75007",972) 480-1579,https://maps.google.com/maps?f=d&source=s_d&saddr=&daddr=265+Old+Denton+Rd+%23578%2C+Carrollton%2C+TX+75007&z=16&iwloc=A&z=auto
업소록,"11422 Harry Hines Blvd. #207, Dallas, TX 75229",469) 464-7726 / 214) 263-4727 / 972) 584-7001 / 972) 241-1711 / 214) 355-8488 / 817) 557-6700 / 972) 406-0999 / 254-350-7200 / 469) 235-3622 / 972) 241-9696 / 972) 323-2700 / 972) 323-2070 / 214) 460-2457,https://maps.google.com/maps?f=d&source=s_d&saddr=&daddr=11422+Harry+Hines+Blvd.+%23207%2C+Dallas%2C+TX+75229&z=16&iwloc=A&z=auto
한미이발관 (Hanmi Barber Shop),"11422 Harry Hines Blvd. #207, Dallas, TX 75229",469) 464-7726 / 214) 263-4727 / 972) 584-7001 / 972) 241-1711 / 214) 355-8488 / 817) 557-6700 / 972) 406-0999 / 254-350-7200 / 469) 235-3622 / 972) 241-9696 / 972) 323-2700 / 972) 323-2070 / 214) 460-2457,https://maps.google.com/maps?f=d&source=s_d&saddr=&daddr=11422+Harry+Hines+Blvd.+%23207%2C+Dallas%2C+TX+75229&z=16&iwloc=A&z=auto
한미이발관 (Hanmi Barber Shop),"11422 Harry Hines Blvd. #207, Dallas, TX 75229",469) 464-7726,https://maps.google.com/maps?f=d&source=s_d&saddr=&daddr=11422+Harry+Hines+Blvd.+%23207%2C+Dallas%2C+TX+75229&z=16&iwloc=A&z=auto
Smart Retail Solution,"2240 Royal Ln. #214, Dallas, TX 75229",214) 263-4727 / 972) 584-7001,http://www.smartretailsolution.com/
[email protected],"2240 Royal Ln. #214, Dallas, TX 75229",214) 263-4727 / 972) 584-7001,http://www.smartretailsolution.com/
Kim's Hi-Tech,"11645 Denton Drive, Dallas, TX 75229",972) 241-1711 / 214) 355-8488,https://maps.google.com/maps?f=d&source=s_d&saddr=&daddr=11645+Denton+Drive%2C+Dallas%2C+TX+75229&z=16&iwloc=A&z=auto
"(Mon-Fri) 9:00am ~ 6:00pm, (Sat) 9:00am ~ 2:00pm","11645 Denton Drive, Dallas, TX 75229",972) 241-1711 / 214) 355-8488,https://maps.google.com/maps?f=d&source=s_d&saddr=&daddr=11645+Denton+Drive%2C+Dallas%2C+TX+75229&z=16&iwloc=A&z=auto
현대 HYUNDAI (Vandergriff Hyundai),"1120 I-20 West, Arlington, TX 76017",817) 557-6700,https://www.vandergriffhyundai.com
(Mon-Fri) 8:30am ~ 9:00pm,"1120 I-20 West, Arlington, TX 76017",817) 557-6700,https://www.vandergriffhyundai.com
Lee's Check Cashing,"11368 Emerald Street, Dallas, TX 75229",972) 406-0999,https://maps.google.com/maps?f=d&source=s_d&saddr=&daddr=11368+Emerald+Street%2C+Dallas%2C+TX+75229&z=16&iwloc=A&z=auto
고넬료 세계 선교회,,254-350-7200,
[email protected],,254-350-7200,
세탁 보일러 서비스,"1009 Leasa Lane, Garland, TX 75042",469) 235-3622,https://maps.google.com/maps?f=d&source=s_d&saddr=&daddr=1009+Leasa+Lane%2C+Garland%2C+TX+75042&z=16&iwloc=A&z=auto
Fragrance World,"11526 Harry Hines Blvd. #106, Dallas, TX 75229",972) 241-9696,https://maps.google.com/maps?f=d&source=s_d&saddr=&daddr=11526+Harry+Hines+Blvd.+%23106%2C+Dallas%2C+TX+75229&z=16&iwloc=A&z=auto
김환균 변호사,"2625 Old Denton Rd. #514, Carrollton, TX 75007",972) 323-2700 / 972) 323-2070,https://maps.google.com/maps?f=d&source=s_d&saddr=&daddr=2625+Old+Denton+Rd.+%23514%2C+Carrollton%2C+TX+75007&z=16&iwloc=A&z=auto
달라스 시내산금식기도원,"3219 Wellington Road, Carrollton, TX 75007",214) 460-2457,https://maps.google.com/maps?f=d&source=s_d&saddr=&daddr=3219+Wellington+Road%2C+Carrollton%2C+TX+75007&z=16&iwloc=A&z=auto
업소록,"3805 Main St. #112, The Colony, TX 75056",972) 370-0004 / 972-746-2345 / 972) 406-1004 / 972) 491-6856 / 469) 348-6599 / 972) 323-5222 / 972-466-2448 / 405) 732-4550 / 214) 784-6434 / 713) 771-1268,https://maps.google.com/maps?f=d&source=s_d&saddr=&daddr=3805+Main+St.+%23112%2C+The+Colony%2C+TX+75056&z=16&iwloc=A&z=auto
Dr. Park 메디컬 클리닉,"3805 Main St. #112, The Colony, TX 75056",972) 370-0004 / 972-746-2345 / 972) 406-1004 / 972) 491-6856 / 469) 348-6599 / 972) 323-5222 / 972-466-2448 / 405) 732-4550 / 214) 784-6434 / 713) 771-1268,https://maps.google.com/maps?f=d&source=s_d&saddr=&daddr=3805+Main+St.+%23112%2C+The+Colony%2C+TX+75056&z=16&iwloc=A&z=auto
Dr. Park 메디컬 클리닉,"3805 Main St. #112, The Colony, TX 75056",972) 370-0004,https://maps.google.com/maps?f=d&source=s_d&saddr=&daddr=3805+Main+St.+%23112%2C+The+Colony%2C+TX+75056&z=16&iwloc=A&z=auto
김 & 김 세무법인,"2701 Old Denton Rd. #270, Carrollton, TX 75007",972-746-2345,https://maps.google.com/maps?f=d&source=s_d&saddr=&daddr=2701+Old+Denton+Rd.+%23270%2C+Carrollton%2C+TX+75007&z=16&iwloc=A&z=auto
[email protected],"2701 Old Denton Rd. #270, Carrollton, TX 75007",972-746-2345,https://maps.google.com/maps?f=d&source=s_d&saddr=&daddr=2701+Old+Denton+Rd.+%23270%2C+Carrollton%2C+TX+75007&z=16&iwloc=A&z=auto
파마넥스 (라이프팩),,972) 406-1004,
[email protected],,972) 406-1004,
Eye Level (ENopi 학원) W. 플레이노,"6905 Coit Road, Ste. #110, Plano, TX 75024",972) 491-6856,http://www.myeyelevel.com
[email protected],"6905 Coit Road, Ste. #110, Plano, TX 75024",972) 491-6856,http://www.myeyelevel.com
컴퓨터 크리닉 (수리),,469) 348-6599,
Kebabs to go (Carrollton),"1205 W. Trinity Mills Rd. #216, Carrollton, TX 75006",972) 323-5222,https://maps.google.com/maps?f=d&source=s_d&saddr=&daddr=1205+W.+Trinity+Mills+Rd.+%23216%2C+Carrollton%2C+TX+75006&z=16&iwloc=A&z=auto
E.H. Home Service,"1818 Elm Wood Lane, Carrollton, TX 75006",972-466-2448,https://maps.google.com/maps?f=d&source=s_d&saddr=&daddr=1818+Elm+Wood+Lane%2C+Carrollton%2C+TX+75006&z=16&iwloc=A&z=auto
A&A Muffler,"4100 S Douglas Blvd., Oklahoma City, OK 73150",405) 732-4550,https://maps.google.com/maps?f=d&source=s_d&saddr=&daddr=4100+S+Douglas+Blvd.%2C+Oklahoma+City%2C+OK+73150&z=16&iwloc=A&z=auto
애니박 부동산,,214) 784-6434,
TanTan (Ranchester),"6816 Ranchester Drive, Houston, TX 77036",713) 771-1268,https://www.tantanrestaurant.com
업소록,"10830 Grissom Ln, Dallas, TX 75229",972) 243-2931 / 972) 668-6600 / 713) 498-3827 / 469) 569-0336 / 214) 352-7343 / 972) 243-7775 / 972) 241-0200 / 512.828.2993 / 817) 908-4546 / 972) 874-7900,https://maps.google.com/maps?f=d&source=s_d&saddr=&daddr=10830+Grissom+Ln%2C+Dallas%2C+TX+75229&z=16&iwloc=A&z=auto
세계보석 (New World Jewelry Inc.),"10830 Grissom Ln, Dallas, TX 75229",972) 243-2931 / 972) 668-6600 / 713) 498-3827 / 469) 569-0336 / 214) 352-7343 / 972) 243-7775 / 972) 241-0200 / 512.828.2993 / 817) 908-4546 / 972) 874-7900,https://maps.google.com/maps?f=d&source=s_d&saddr=&daddr=10830+Grissom+Ln%2C+Dallas%2C+TX+75229&z=16&iwloc=A&z=auto
세계보석 (New World Jewelry Inc.),"10830 Grissom Ln, Dallas, TX 75229",972) 243-2931,https://maps.google.com/maps?f=d&source=s_d&saddr=&daddr=10830+Grissom+Ln%2C+Dallas%2C+TX+75229&z=16&iwloc=A&z=auto
newworldjewel.com,"10830 Grissom Ln, Dallas, TX 75229",972) 243-2931,https://maps.google.com/maps?f=d&source=s_d&saddr=&daddr=10830+Grissom+Ln%2C+Dallas%2C+TX+75229&z=16&iwloc=A&z=auto
[email protected],Music Institute of North Texas,972) 668-6600,https://www.musicinstitutent.com
[email protected],"4747 Ohio Drive, Frisco, TX 75035",972) 668-6600,https://www.musicinstitutent.com
휴스턴 한인요식업협회,,713) 498-3827,
함께하는 교회,,469) 569-0336,
Ader Sporting Goods,"10969 Shady Trail #105, Dallas, TX 75220",214) 352-7343,http://www.aderfitness.com
One World Bank,"2449 Walnut Hill Lane, Dallas, TX 75229",972) 243-7775,https://www.oneworldbank.com/
"(Mon-Thu) 8:00am ~ 5:00pm, (Fri) 8:00am ~ 6:00pm, (Sat) 9:00am ~ 12:00pm","2449 Walnut Hill Lane, Dallas, TX 75229",972) 243-7775,https://www.oneworldbank.com/
아방 (Abang),"11181 Denton Dr. #108, Dallas, TX 75229",972) 241-0200,https://maps.google.com/maps?f=d&source=s_d&saddr=&daddr=11181+Denton+Dr.+%23108%2C+Dallas%2C+TX+75229&z=16&iwloc=A&z=auto
Eunicelee1964gmail.com,"11181 Denton Dr. #108, Dallas, TX 75229",972) 241-0200,https://maps.google.com/maps?f=d&source=s_d&saddr=&daddr=11181+Denton+Dr.+%23108%2C+Dallas%2C+TX+75229&z=16&iwloc=A&z=auto
Misk Tech,,512.828.2993,
[email protected],North Texas Property Hub,817) 908-4546,http://www.northtexaspropertyhub.com
[email protected],,817) 908-4546,http://www.northtexaspropertyhub.com
골든코랄,"2605 E Grapevine Mills Circle, Grapevine, TX 76051",972) 874-7900,https://maps.google.com/maps?f=d&source=s_d&saddr=&daddr=2605+E+Grapevine+Mills+Circle%2C+Grapevine%2C+TX+76051&z=16&iwloc=A&z=auto
업소록,"12801 Nothwest Frwy, Houston, TX 77040",713) 462-9977 / 214) 257-0508 / 713) 461-0812 / 214) 281-7871 / 832) 443-9487 / 972.608.3858 / 469.717.4202 / 469) 525-8984 / 972.472.2036 / 713-412-4116 / 210) 822-1529,https://www.crowneplazahouston.com
크라운 프라자,"12801 Nothwest Frwy, Houston, TX 77040",713) 462-9977 / 214) 257-0508 / 713) 461-0812 / 214) 281-7871 / 832) 443-9487 / 972.608.3858 / 469.717.4202 / 469) 525-8984 / 972.472.2036 / 713-412-4116 / 210) 822-1529,https://www.crowneplazahouston.com
크라운 프라자,"12801 Nothwest Frwy, Houston, TX 77040",713) 462-9977,https://www.crowneplazahouston.com
[email protected],"12801 Nothwest Frwy, Houston, TX 77040",713) 462-9977,https://www.crowneplazahouston.com
조셉 임 주류면허,"2639 Walnut Hill Ln #225, Dallas, TX 75229",214) 257-0508,https://maps.google.com/maps?f=d&source=s_d&saddr=&daddr=2639+Walnut+Hill+Ln+%23225%2C+Dallas%2C+TX+75229&z=16&iwloc=A&z=auto
안스바디,"9825 Long Point Road, Houston, TX 77055",713) 461-0812,https://maps.google.com/maps?f=d&source=s_d&saddr=&daddr=9825+Long+Point+Road%2C+Houston%2C+TX+77055&z=16&iwloc=A&z=auto
New Delisias Bazaar (뉴 델리시아스 바자),"4820 South Fwy. Forth Worth, TX 76115",214) 281-7871,https://www.newdelisiasbazaar.com
박보약,"18117 Cooper Rd., Conroe, TX 77302",832) 443-9487,https://maps.google.com/maps?f=d&source=s_d&saddr=&daddr=18117+Cooper+Rd.%2C+Conroe%2C+TX+77302&z=16&iwloc=A&z=auto
애드팝 (adpop design),"2334 Springlake Rd, Farmers Branch, TX 75234 / 2625 Old Denton Rd. #454. Carrollton, TX 75007",972.608.3858 / 469.717.4202,http://www.adpopdesign.com
[email protected],"2334 Springlake Rd, Farmers Branch, TX 75234 / 2625 Old Denton Rd. #454. Carrollton, TX 75007",972.608.3858 / 469.717.4202,http://www.adpopdesign.com
"Beautiful Roofing, Inc.","2030 Royal Lane, Dallas, TX 75229",469) 525-8984,https://maps.google.com/maps?f=d&source=s_d&saddr=&daddr=2030+Royal+Lane%2C+Dallas%2C+TX+75229&z=16&iwloc=A&z=auto
한미택배 / 편의점택배,"2701 Old Denton Rd. Unit 180, Carrollton, TX 75007",972.472.2036,https://maps.google.com/maps?f=d&source=s_d&saddr=&daddr=2701+Old+Denton+Rd.+Unit+180%2C+Carrollton%2C+TX+75007&z=16&iwloc=A&z=auto
유로홈,,713-412-4116,
[email protected],,713-412-4116,
서울식품,"1027 Rittiman Rd. #101, San Antonio, TX 78218",210) 822-1529,https://maps.google.com/maps?f=d&source=s_d&saddr=&daddr=1027+Rittiman+Rd.+%23101%2C+San+Antonio%2C+TX+78218&z=16&iwloc=A&z=auto
업소록,"110 W. Sandylake #124, Coppell, TX 75019",972) 393-5057 / 512-633-0598 / 972) 242-5006 / 469) 362-4355 / 214) 862-8703 / 972) 966-9810 / 214)-229-6513 / 832) 531-2575 / 214) 236-7176 / 972) 479-9450,https://maps.google.com/maps?f=d&source=s_d&saddr=&daddr=110+W.+Sandylake+%23124%2C+Coppell%2C+TX+75019&z=16&iwloc=A&z=auto
썬 헤어케어,"110 W. Sandylake #124, Coppell, TX 75019",972) 393-5057 / 512-633-0598 / 972) 242-5006 / 469) 362-4355 / 214) 862-8703 / 972) 966-9810 / 214)-229-6513 / 832) 531-2575 / 214) 236-7176 / 972) 479-9450,https://maps.google.com/maps?f=d&source=s_d&saddr=&daddr=110+W.+Sandylake+%23124%2C+Coppell%2C+TX+75019&z=16&iwloc=A&z=auto
썬 헤어케어,"110 W. Sandylake #124, Coppell, TX 75019",972) 393-5057,https://maps.google.com/maps?f=d&source=s_d&saddr=&daddr=110+W.+Sandylake+%23124%2C+Coppell%2C+TX+75019&z=16&iwloc=A&z=auto
니콜김 부동산 (어스틴),"10222 Pecan Park Blvd. Austin, TX 78729",512-633-0598,https://www.nicolekimrealtor.com
[email protected],"10222 Pecan Park Blvd. Austin, TX 78729",512-633-0598,https://www.nicolekimrealtor.com
엘 포토그라피 (El Photography),"2625 Old Denton Rd. #444, Carrollton, TX 75007",972) 242-5006,https://www.elphotographydallas.com
[email protected],"2625 Old Denton Rd. #444, Carrollton, TX 75007",972) 242-5006,https://www.elphotographydallas.com
US White Tiger Martial Arts (Little Elm),"2701 Little Elm Pkwy #130, Little Elm, TX 75068",469) 362-4355,https://www.facebook.com/whitetigertx/
[email protected],"2701 Little Elm Pkwy #130, Little Elm, TX 75068",469) 362-4355,https://www.facebook.com/whitetigertx/
iamstyling USA (아임 스타일링),,214) 862-8703,https://www.iamstyling.com
진 페인트,,972) 966-9810,
서울이발관,,214)-229-6513,
나드림교회,"13223 Southwest Frwy., Sugarland, TX 77478",832) 531-2575,https://maps.google.com/maps?f=d&source=s_d&saddr=&daddr=13223+Southwest+Frwy.%2C+Sugarland%2C+TX+77478&z=16&iwloc=A&z=auto
[email protected],"13223 Southwest Frwy., Sugarland, TX 77478",832) 531-2575,https://maps.google.com/maps?f=d&source=s_d&saddr=&daddr=13223+Southwest+Frwy.%2C+Sugarland%2C+TX+77478&z=16&iwloc=A&z=auto
캐롤톤 센터,"2701 Old Denton Road, Carrollton, TX 75007",214) 236-7176,https://maps.google.com/maps?f=d&source=s_d&saddr=&daddr=2701+Old+Denton+Road%2C+Carrollton%2C+TX+75007&z=16&iwloc=A&z=auto
조이 키친 (Joy Kitchen),"1455 Buckingham Rd. #112, Richardson, TX 75081",972) 479-9450,https://maps.google.com/maps?f=d&source=s_d&saddr=&daddr=1455+Buckingham+Rd.+%23112%2C+Richardson%2C+TX+75081&z=16&iwloc=A&z=auto
업소록,"9256 Markville Drive, Dallas, TX 75243",972) 235-4831 / 972) 242-7400 / 972) 242-7001 / 972-853-1116 / 713) 464-6970 / 214) 542-7070 / 972) 991-3334 / 512.799.1056 / 972) 243-8000 / 254) 519-0888 / 972) 501-1148,https://maps.google.com/maps?f=d&source=s_d&saddr=&daddr=9256+Markville+Drive%2C+Dallas%2C+TX+75243&z=16&iwloc=A&z=auto
Kazy's Gourmet Shop,"9256 Markville Drive, Dallas, TX 75243",972) 235-4831 / 972) 242-7400 / 972) 242-7001 / 972-853-1116 / 713) 464-6970 / 214) 542-7070 / 972) 991-3334 / 512.799.1056 / 972) 243-8000 / 254) 519-0888 / 972) 501-1148,https://maps.google.com/maps?f=d&source=s_d&saddr=&daddr=9256+Markville+Drive%2C+Dallas%2C+TX+75243&z=16&iwloc=A&z=auto
Kazy's Gourmet Shop,"9256 Markville Drive, Dallas, TX 75243",972) 235-4831,https://maps.google.com/maps?f=d&source=s_d&saddr=&daddr=9256+Markville+Drive%2C+Dallas%2C+TX+75243&z=16&iwloc=A&z=auto
kazysdallas.com,"9256 Markville Drive, Dallas, TX 75243",972) 235-4831,https://maps.google.com/maps?f=d&source=s_d&saddr=&daddr=9256+Markville+Drive%2C+Dallas%2C+TX+75243&z=16&iwloc=A&z=auto
이영숙 공인회계사 (YongSook Lee CPA),"2625 N. Josey Ln. #116, Carrollton, TX 75007",972) 242-7400 / 972) 242-7001,https://www.yleecpa.com
[email protected],"2625 N. Josey Ln. #116, Carrollton, TX 75007",972) 242-7400 / 972) 242-7001,https://www.yleecpa.com
박동선 부동산,"4783 Preston Rd Suite 100, Frisco TX 75034",972-853-1116,https://www.donald-park.kw.com
김용천 치과,"9501 Long Point #H, Houston, TX 77055",713) 464-6970,https://maps.google.com/maps?f=d&source=s_d&saddr=&daddr=9501+Long+Point+%23H%2C+Houston%2C+TX+77055&z=16&iwloc=A&z=auto
SOS 수리,,214) 542-7070,
로버트 황 변호사,"6190 LBJ Fwy. #300, Dallas, TX 75240",972) 991-3334,http://www.rchlawfirm.com
[email protected],"6190 LBJ Fwy. #300, Dallas, TX 75240",972) 991-3334,http://www.rchlawfirm.com
Lee 부동산,"14010 N. US-183. #400. Austin, TX 78717",512.799.1056,https://maps.google.com/maps?f=d&source=s_d&saddr=&daddr=14010+N.+US-183.+%23400.+Austin%2C+TX+78717&z=16&iwloc=A&z=auto
leeswayne,"14010 N. US-183. #400. Austin, TX 78717",512.799.1056,https://maps.google.com/maps?f=d&source=s_d&saddr=&daddr=14010+N.+US-183.+%23400.+Austin%2C+TX+78717&z=16&iwloc=A&z=auto
김종원 내과,,972) 243-8000,
오마트 (O-Mart),"714 S. Fort Hood Street, Killeen, TX 76541",254) 519-0888,https://maps.google.com/maps?f=d&source=s_d&saddr=&daddr=714+S.+Fort+Hood+Street%2C+Killeen%2C+TX+76541&z=16&iwloc=A&z=auto
현대상선,"222 W. Las Colinas Blvd. #700, Irving, TX 75039",972) 501-1148,https://maps.google.com/maps?f=d&source=s_d&saddr=&daddr=222+W.+Las+Colinas+Blvd.+%23700%2C+Irving%2C+TX+75039&z=16&iwloc=A&z=auto
업소록,"2401 S. Stemmons Freeway. Suite1150, Lewisville, TX 75067",972-315-1488 / 469-236-1136 / 215) 740-2887 / 469) 223-9904 / 469) 744-8459 / 972-484-2089 / 214) 554-3608 / 972) 395-1205 / 972) 323-2525 / 254) 690-1391,https://maps.google.com/maps?f=d&source=s_d&saddr=&daddr=2401+S.+Stemmons+Freeway.+Suite1150%2C+Lewisville%2C+TX+75067&z=16&iwloc=A&z=auto
Gangnam Style,"2401 S. Stemmons Freeway. Suite1150, Lewisville, TX 75067",972-315-1488 / 469-236-1136 / 215) 740-2887 / 469) 223-9904 / 469) 744-8459 / 972-484-2089 / 214) 554-3608 / 972) 395-1205 / 972) 323-2525 / 254) 690-1391,https://maps.google.com/maps?f=d&source=s_d&saddr=&daddr=2401+S.+Stemmons+Freeway.+Suite1150%2C+Lewisville%2C+TX+75067&z=16&iwloc=A&z=auto
Gangnam Style,"2401 S. Stemmons Freeway. Suite1150, Lewisville, TX 75067",972-315-1488 / 469-236-1136,https://maps.google.com/maps?f=d&source=s_d&saddr=&daddr=2401+S.+Stemmons+Freeway.+Suite1150%2C+Lewisville%2C+TX+75067&z=16&iwloc=A&z=auto
JK 신용교정,"3309 Dekalb Pike, E. Norriton, PA 19401",215) 740-2887,https://maps.google.com/maps?f=d&source=s_d&saddr=&daddr=3309+Dekalb+Pike%2C+E.+Norriton%2C+PA+19401&z=16&iwloc=A&z=auto
SJ Bager Construction,"8033 Plasant Run Rd. Alvorado, TX 76009",469) 223-9904,https://maps.google.com/maps?f=d&source=s_d&saddr=&daddr=8033+Plasant+Run+Rd.+Alvorado%2C+TX+76009&z=16&iwloc=A&z=auto
달라스 한국학교 (New Korean School of Dallas),,,https://www. .newksd.org
"Best Care Medical Clinic, PLLC (Plano)","2050 W. Spring Creek Pkwy. #208, Plano, TX 75023",469) 744-8459,https://maps.google.com/maps?f=d&source=s_d&saddr=&daddr=2050+W.+Spring+Creek+Pkwy.+%23208%2C+Plano%2C+TX+75023&z=16&iwloc=A&z=auto
Mac Karaoke,"2525 Royal Ln STE 200, Dallas, TX 75229",972-484-2089,https://maps.google.com/maps?f=d&source=s_d&saddr=&daddr=2525+Royal+Ln+STE+200%2C+Dallas%2C+TX+75229&z=16&iwloc=A&z=auto
김진구 세무사,"2534 Royal Ln. #213, Dallas, TX 75229",214) 554-3608,https://maps.google.com/maps?f=d&source=s_d&saddr=&daddr=2534+Royal+Ln.+%23213%2C+Dallas%2C+TX+75229&z=16&iwloc=A&z=auto
[email protected],"2534 Royal Ln. #213, Dallas, TX 75229",214) 554-3608,https://maps.google.com/maps?f=d&source=s_d&saddr=&daddr=2534+Royal+Ln.+%23213%2C+Dallas%2C+TX+75229&z=16&iwloc=A&z=auto
글로벌 하베스트교회,"1624 Valwood Pkwy, Carrollton, TX 75006",972) 395-1205,https://maps.google.com/maps?f=d&source=s_d&saddr=&daddr=1624+Valwood+Pkwy%2C+Carrollton%2C+TX+75006&z=16&iwloc=A&z=auto
쁘띠 헤어샵 (Petite Hair Salon),"2625 Old Denton Rd. #504, Carrollton, TX 75007",972) 323-2525,https://maps.google.com/maps?f=d&source=s_d&saddr=&daddr=2625+Old+Denton+Rd.+%23504%2C+Carrollton%2C+TX+75007&z=16&iwloc=A&z=auto
Easy Cleaners,"4201 E. Rancier Avenue #107, Killeen, TX 76543",254) 690-1391,https://maps.google.com/maps?f=d&source=s_d&saddr=&daddr=4201+E.+Rancier+Avenue+%23107%2C+Killeen%2C+TX+76543&z=16&iwloc=A&z=auto
업소록,2828 E Trinity Mills Rd. Sute 360 Carrollton TX 75006,301-335-9871 / 972) 446-6888 / 817-310-1429 / 713-459-3279 / 832) 467-4888 / 713) 461-1410 / 817) 428-2020 / 972) 506-2931 / 817) 823-8550 / 832) 382-7970 / 469) 939-7097 / 972) 243-8282 / 972) 620-1400,https://maps.google.com/maps?f=d&source=s_d&saddr=&daddr=2828+E+Trinity+Mills+Rd.+Sute+360+Carrollton+TX+75006&z=16&iwloc=A&z=auto
Stray Point 아트 아카데미,2828 E Trinity Mills Rd. Sute 360 Carrollton TX 75006,301-335-9871 / 972) 446-6888 / 817-310-1429 / 713-459-3279 / 832) 467-4888 / 713) 461-1410 / 817) 428-2020 / 972) 506-2931 / 817) 823-8550 / 832) 382-7970 / 469) 939-7097 / 972) 243-8282 / 972) 620-1400,https://maps.google.com/maps?f=d&source=s_d&saddr=&daddr=2828+E+Trinity+Mills+Rd.+Sute+360+Carrollton+TX+75006&z=16&iwloc=A&z=auto
Stray Point 아트 아카데미,2828 E Trinity Mills Rd. Sute 360 Carrollton TX 75006,301-335-9871,https://maps.google.com/maps?f=d&source=s_d&saddr=&daddr=2828+E+Trinity+Mills+Rd.+Sute+360+Carrollton+TX+75006&z=16&iwloc=A&z=auto
연세 클리닉 (YONSEI CLINIC),"1017 E. Trinity Mills Rd. #108, Carrollton, TX 75006",972) 446-6888,http://jinnyyoonmd.com
[email protected],"1017 E. Trinity Mills Rd. #108, Carrollton, TX 75006",972) 446-6888,http://jinnyyoonmd.com
Porsche (포르쉐),"1280 Texan Trail Grapevine, TX 76051",817-310-1429 / 713-459-3279,https://maps.google.com/maps?f=d&source=s_d&saddr=&daddr=1280+Texan+Trail+Grapevine%2C+TX+76051&z=16&iwloc=A&z=auto
porschegrapevine.com,"1280 Texan Trail Grapevine, TX 76051",817-310-1429 / 713-459-3279,https://maps.google.com/maps?f=d&source=s_d&saddr=&daddr=1280+Texan+Trail+Grapevine%2C+TX+76051&z=16&iwloc=A&z=auto
김예자 부동산,,832) 467-4888,
시세이도 Lee 보석,"9510 Long Point Rd. #P, Houston, TX 77055",713) 461-1410,https://maps.google.com/maps?f=d&source=s_d&saddr=&daddr=9510+Long+Point+Rd.+%23P%2C+Houston%2C+TX+77055&z=16&iwloc=A&z=auto
프리미어 아이케어 (Premier Eye Care),"5421 Basswood Blvd. #740, Fort Worth, TX 76137",817) 428-2020,http://www.premiereyecaregroup.com
"(Mon,Tue,Fri) 9:00am ~ 6:00pm, (Wed,Thu) 9:00am ~ 7:00pm, (Sat,Sun) By Appointment Only","5421 Basswood Blvd. #740, Fort Worth, TX 76137",817) 428-2020,http://www.premiereyecaregroup.com
Veritex Community Bank,"4300 N. Belt Line Road, Irving, TX 75038",972) 506-2931 / 817) 823-8550,https://veritexbank.com
[email protected],"4300 N. Belt Line Road, Irving, TX 75038",972) 506-2931 / 817) 823-8550,https://veritexbank.com
이연화 한국 전통무용단,"2002 Johanna #110, Houston, TX 77055",832) 382-7970,https://maps.google.com/maps?f=d&source=s_d&saddr=&daddr=2002+Johanna+%23110%2C+Houston%2C+TX+77055&z=16&iwloc=A&z=auto
올림피아 힐링 맛사지,"11441 N. Stemmons Fwy. #207, Dallas, TX 75229",469) 939-7097 / 972) 243-8282,https://maps.google.com/maps?f=d&source=s_d&saddr=&daddr=11441+N.+Stemmons+Fwy.+%23207%2C+Dallas%2C+TX+75229&z=16&iwloc=A&z=auto
Dreamy Custom Embroidery,"11526 Harry Hines Blvd. #111, Dallas, TX 75229",972) 620-1400,https://maps.google.com/maps?f=d&source=s_d&saddr=&daddr=11526+Harry+Hines+Blvd.+%23111%2C+Dallas%2C+TX+75229&z=16&iwloc=A&z=auto
mydreamy.com,"11526 Harry Hines Blvd. #111, Dallas, TX 75229",972) 620-1400,https://maps.google.com/maps?f=d&source=s_d&saddr=&daddr=11526+Harry+Hines+Blvd.+%23111%2C+Dallas%2C+TX+75229&z=16&iwloc=A&z=auto
업소록,"4709 West Parker Rd #490, Plano, TX 75093",972) 943-9500 / 972) 820-1067 / 972) 250-6285 / 469) 892-5978 / 512) 672-1000 / 214) 282-8888 / 409) 925-1032 / 214) 998-3232 / 714) 873-3738 / 972) 395-7135 / 254) 554-3332 / 972) 939-0900,https://www.c2educate.com/
C2 Education Center (Plano),"4709 West Parker Rd #490, Plano, TX 75093",972) 943-9500 / 972) 820-1067 / 972) 250-6285 / 469) 892-5978 / 512) 672-1000 / 214) 282-8888 / 409) 925-1032 / 214) 998-3232 / 714) 873-3738 / 972) 395-7135 / 254) 554-3332 / 972) 939-0900,https://www.c2educate.com/
C2 Education Center (Plano),"4709 West Parker Rd #490, Plano, TX 75093",972) 943-9500,https://www.c2educate.com/
[email protected],"4709 West Parker Rd #490, Plano, TX 75093",972) 943-9500,https://www.c2educate.com/
그레이스 건강마을,"2625 Old Denton Rd. #554, Carrollton, TX 75007",972) 820-1067,https://maps.google.com/maps?f=d&source=s_d&saddr=&daddr=2625+Old+Denton+Rd.+%23554%2C+Carrollton%2C+TX+75007&z=16&iwloc=A&z=auto
Lin's Tutoring,"18422 Bay Pines Lane, Dallas, TX 75287",972) 250-6285,https://maps.google.com/maps?f=d&source=s_d&saddr=&daddr=18422+Bay+Pines+Lane%2C+Dallas%2C+TX+75287&z=16&iwloc=A&z=auto
[email protected],"18422 Bay Pines Lane, Dallas, TX 75287",972) 250-6285,https://maps.google.com/maps?f=d&source=s_d&saddr=&daddr=18422+Bay+Pines+Lane%2C+Dallas%2C+TX+75287&z=16&iwloc=A&z=auto
Krazy Katsu,1060 W Frankford Rd Suite 205 Carrollton TX 75007,469) 892-5978,https://www.krazytasty.com
삼성 어스틴 반도체,"12100 Samsung Boulevard, Austin, TX 78754",512) 672-1000,https://maps.google.com/maps?f=d&source=s_d&saddr=&daddr=12100+Samsung+Boulevard%2C+Austin%2C+TX+78754&z=16&iwloc=A&z=auto
중앙 철공소,"2424 Joe Field Rd. #B, Dallas, TX 75229",214) 282-8888,https://maps.google.com/maps?f=d&source=s_d&saddr=&daddr=2424+Joe+Field+Rd.+%23B%2C+Dallas%2C+TX+75229&z=16&iwloc=A&z=auto
성운사,"1602 Cemetery Road, Santafe, TX 77517",409) 925-1032,https://maps.google.com/maps?f=d&source=s_d&saddr=&daddr=1602+Cemetery+Road%2C+Santafe%2C+TX+77517&z=16&iwloc=A&z=auto
최선생 수학,,214) 998-3232 / 714) 873-3738 / 972) 395-7135,
명성장로교회,"505 N. 8th Street, Killeen, TX 76541",254) 554-3332,http://brightcastlechurch.org
Vet Savers 동물병원,"1025 W. Hebron Pkwy. #137, Carrollton, TX 75010",972) 939-0900,http://www.vetsaverspethospital.com
"(Mon-Fri) 8:00am ~ 7:00pm, (Sat) 8:00am ~ 5:00pm, (Sun) 10:00am ~ 5:00pm","1025 W. Hebron Pkwy. #137, Carrollton, TX 75010",972) 939-0900,http://www.vetsaverspethospital.com
업소록,"2544 Joe Field Rd. #120, Dallas, TX 75229",972) 484-7844 / 214) 732-7682 / 713) 934-0056 / 254) 690-6275 / 214) 287-0904 / 972) 243-2475 / 972) 489-4774 / 972) 233-7788 / 972) 312-0570 / 480) 297-4126,http://www.sigmaimport.com
Sigma Star Import,"2544 Joe Field Rd. #120, Dallas, TX 75229",972) 484-7844 / 214) 732-7682 / 713) 934-0056 / 254) 690-6275 / 214) 287-0904 / 972) 243-2475 / 972) 489-4774 / 972) 233-7788 / 972) 312-0570 / 480) 297-4126,http://www.sigmaimport.com
Sigma Star Import,"2544 Joe Field Rd. #120, Dallas, TX 75229",972) 484-7844,http://www.sigmaimport.com
베스트 건축,"1820 Hillridge Drive, Flower Mound, TX 75028",214) 732-7682,https://maps.google.com/maps?f=d&source=s_d&saddr=&daddr=1820+Hillridge+Drive%2C+Flower+Mound%2C+TX+75028&z=16&iwloc=A&z=auto
[email protected],"1820 Hillridge Drive, Flower Mound, TX 75028",214) 732-7682,https://maps.google.com/maps?f=d&source=s_d&saddr=&daddr=1820+Hillridge+Drive%2C+Flower+Mound%2C+TX+75028&z=16&iwloc=A&z=auto
STX 서비스 아메리카,"4750 Windfern Road, Houston, TX 77041",713) 934-0056,https://maps.google.com/maps?f=d&source=s_d&saddr=&daddr=4750+Windfern+Road%2C+Houston%2C+TX+77041&z=16&iwloc=A&z=auto
Suns Cleaners #3,"905 Mountain Lion Cir. #800, Harker Heights, TX 76548",254) 690-6275,https://maps.google.com/maps?f=d&source=s_d&saddr=&daddr=905+Mountain+Lion+Cir.+%23800%2C+Harker+Heights%2C+TX+76548&z=16&iwloc=A&z=auto
영재 교육원,"1121 Kinwest Pkwy #150, Las Colinas, TX 75063",214) 287-0904,https://maps.google.com/maps?f=d&source=s_d&saddr=&daddr=1121+Kinwest+Pkwy+%23150%2C+Las+Colinas%2C+TX+75063&z=16&iwloc=A&z=auto
handbagshopping.com,"11536 Harry Hines Blvd. #106, Dallas, TX 75229",972) 243-2475,http://www.handbagshopping.com
강병일 뉴잉글랜드라이프,"5400 LBJ Fwy. #1100, Dallas, TX 75240",972) 489-4774,https://maps.google.com/maps?f=d&source=s_d&saddr=&daddr=5400+LBJ+Fwy.+%231100%2C+Dallas%2C+TX+75240&z=16&iwloc=A&z=auto
마크 제이콥스 이민변호사,"5050 Quorum Dr. #140, Dallas, TX 75254",972) 233-7788,https://maps.google.com/maps?f=d&source=s_d&saddr=&daddr=5050+Quorum+Dr.+%23140%2C+Dallas%2C+TX+75254&z=16&iwloc=A&z=auto
Patrick P Chen 치과,"4865 Hedgcoxe Rd. #200, Plano, TX 75024",972) 312-0570,http://www.chenortho.com
[email protected],"4865 Hedgcoxe Rd. #200, Plano, TX 75024",972) 312-0570,http://www.chenortho.com
달라스 인카운터교회,"1720 Keller Springs Road, Carrollton, TX 75006",480) 297-4126,https://maps.google.com/maps?f=d&source=s_d&saddr=&daddr=1720+Keller+Springs+Road%2C+Carrollton%2C+TX+75006&z=16&iwloc=A&z=auto
업소록,"2625 Old Denton Rd. #500-G, Carrollton, TX 75007",214) 228-5410 / 214) 482-0110 / 972.488.3137 / 877.292.5176 / 972) 691-1199 / 214) 557-0945 / 972) 241-9006 / 972) 247-4653 / 972) 820-2060 / 214) 680-2761 / 214) 207-9151 / 512) 821-3388,https://maps.google.com/maps?f=d&source=s_d&saddr=&daddr=2625+Old+Denton+Rd.+%23500-G%2C+Carrollton%2C+TX+75007&z=16&iwloc=A&z=auto
도영탁 부동산,"2625 Old Denton Rd. #500-G, Carrollton, TX 75007",214) 228-5410 / 214) 482-0110 / 972.488.3137 / 877.292.5176 / 972) 691-1199 / 214) 557-0945 / 972) 241-9006 / 972) 247-4653 / 972) 820-2060 / 214) 680-2761 / 214) 207-9151 / 512) 821-3388,https://maps.google.com/maps?f=d&source=s_d&saddr=&daddr=2625+Old+Denton+Rd.+%23500-G%2C+Carrollton%2C+TX+75007&z=16&iwloc=A&z=auto
도영탁 부동산,"2625 Old Denton Rd. #500-G, Carrollton, TX 75007",214) 228-5410 / 214) 482-0110,https://maps.google.com/maps?f=d&source=s_d&saddr=&daddr=2625+Old+Denton+Rd.+%23500-G%2C+Carrollton%2C+TX+75007&z=16&iwloc=A&z=auto
[email protected],"2625 Old Denton Rd. #500-G, Carrollton, TX 75007",214) 228-5410 / 214) 482-0110,https://maps.google.com/maps?f=d&source=s_d&saddr=&daddr=2625+Old+Denton+Rd.+%23500-G%2C+Carrollton%2C+TX+75007&z=16&iwloc=A&z=auto
Dr. Fish INC,"2148 Royal Ln #160 Dallas, TX 75229",972.488.3137 / 877.292.5176,https://maps.google.com/maps?f=d&source=s_d&saddr=&daddr=2148+Royal+Ln+%23160+Dallas%2C+TX+75229&z=16&iwloc=A&z=auto
Amerisuite DFW Airport,"2220 Grapevine Mill Circle W, Grapevine, TX 76051",972) 691-1199,https://maps.google.com/maps?f=d&source=s_d&saddr=&daddr=2220+Grapevine+Mill+Circle+W%2C+Grapevine%2C+TX+76051&z=16&iwloc=A&z=auto
SM 자동차 전문운송,,214) 557-0945,
산장가든 (San Jang Korean Restaurant),"11276 Harry HInes Boulevard, Dallas, TX 75229",972) 241-9006,https://maps.google.com/maps?f=d&source=s_d&saddr=&daddr=11276+Harry+HInes+Boulevard%2C+Dallas%2C+TX+75229&z=16&iwloc=A&z=auto
Foot Spa,"2501 N. Josey Ln. #111, Carrollton, TX 75007",972) 820-2060,https://maps.google.com/maps?f=d&source=s_d&saddr=&daddr=2501+N.+Josey+Ln.+%23111%2C+Carrollton%2C+TX+75007&z=16&iwloc=A&z=auto
윤유남 부동산,,214) 680-2761,
성영준 부동산,,214) 207-9151,
투게더 레스토랑 (Together Restaurant),"9200 N. Lamar Blvd. #101, Austin, TX 78753",512) 821-3388,https://maps.google.com/maps?f=d&source=s_d&saddr=&daddr=9200+N.+Lamar+Blvd.+%23101%2C+Austin%2C+TX+78753&z=16&iwloc=A&z=auto
업소록,"18217 Midway Road #108, Dallas, TX 75287",972) 662-2885 / 972) 888-9930 / 469-567-3632 / 469-567-3569 / 214) 770-0828 / 214) 532-0127 / 512) 797-0450 / 972) 323-8888 / 469-814-9637 / 214) 435-5577 / 817) 557-5042 / 469 367 5335,https://www.fujiyamadallas.com
후지야마 일식,"18217 Midway Road #108, Dallas, TX 75287",972) 662-2885 / 972) 888-9930 / 469-567-3632 / 469-567-3569 / 214) 770-0828 / 214) 532-0127 / 512) 797-0450 / 972) 323-8888 / 469-814-9637 / 214) 435-5577 / 817) 557-5042 / 469 367 5335,https://www.fujiyamadallas.com
후지야마 일식,"18217 Midway Road #108, Dallas, TX 75287",972) 662-2885,https://www.fujiyamadallas.com
로얄 웨스턴 (Royal Western Computer),"2801 Regal Rd. #105, Plano, TX 75075",972) 888-9930,https://www.royalwestern.com
카스 정비소(KARS Auto Shop),"11322 Kline Dr. Dallas, TX 75229",469-567-3632 / 469-567-3569,https://maps.google.com/maps?f=d&source=s_d&saddr=&daddr=11322+Kline+Dr.+Dallas%2C+TX+75229&z=16&iwloc=A&z=auto
[email protected],"11322 Kline Dr. Dallas, TX 75229",469-567-3632 / 469-567-3569,https://maps.google.com/maps?f=d&source=s_d&saddr=&daddr=11322+Kline+Dr.+Dallas%2C+TX+75229&z=16&iwloc=A&z=auto
제임스 조 부동산,"3600 Preston Rd. #100, Plano, TX 75034",214) 770-0828,https://www.jbcre.com
[email protected],"3600 Preston Rd. #100, Plano, TX 75034",214) 770-0828,https://www.jbcre.com
플라워 스토리,"11500 N. Stemmons Fwy #145 Dallas, TX 75229",214) 532-0127 / 512) 797-0450,https://maps.google.com/maps?f=d&source=s_d&saddr=&daddr=11500+N.+Stemmons+Fwy+%23145+Dallas%2C+TX+75229&z=16&iwloc=A&z=auto
China Factory,"2625 Old Denton Rd. #241, Carrollton, TX 75007",972) 323-8888,https://maps.google.com/maps?f=d&source=s_d&saddr=&daddr=2625+Old+Denton+Rd.+%23241%2C+Carrollton%2C+TX+75007&z=16&iwloc=A&z=auto
민스 헤어,"3420 K Ave #155 Plano, TX 75074",469-814-9637,https://maps.google.com/maps?f=d&source=s_d&saddr=&daddr=3420+K+Ave+%23155+Plano%2C+TX+75074&z=16&iwloc=A&z=auto
Cottonwood Medical Center,"4301 N. MacArthur Blvd., Irving, TX 75038",214) 435-5577,https://maps.google.com/maps?f=d&source=s_d&saddr=&daddr=4301+N.+MacArthur+Blvd.%2C+Irving%2C+TX+75038&z=16&iwloc=A&z=auto
한인은혜침례교회,"1701 E. Mayfield Road, Arlington, TX 76014",817) 557-5042,https://maps.google.com/maps?f=d&source=s_d&saddr=&daddr=1701+E.+Mayfield+Road%2C+Arlington%2C+TX+76014&z=16&iwloc=A&z=auto
만나 샤브(Manna Shabu) 2호점(플레이노),"111 W. Spring Creek Pkwy. #148, Plano, TX 75023",469 367 5335,https://maps.google.com/maps?f=d&source=s_d&saddr=&daddr=111+W.+Spring+Creek+Pkwy.+%23148%2C+Plano%2C+TX+75023&z=16&iwloc=A&z=auto
업소록,"2240 Royal Ln #303 Dallas, TX 75229 코마트 (아줌마 옆)",469-758-8744 / 972) 620-8600 / 512) 480-2211 / 713) 343-5636 / 405) 476-9191 / 972) 446-0576 / 972) 323-7991 / 713) 781-9899 / 972) 241-8880 / 972) 869-2631 / 214) 501-2559 / 214) 923-6274,https://maps.google.com/maps?f=d&source=s_d&saddr=&daddr=2240+Royal+Ln+%23303+Dallas%2C+TX+75229+%EC%BD%94%EB%A7%88%ED%8A%B8+%28%EC%95%84%EC%A4%8C%EB%A7%88+%EC%98%86%29&z=16&iwloc=A&z=auto
강피티,"2240 Royal Ln #303 Dallas, TX 75229 코마트 (아줌마 옆)",469-758-8744 / 972) 620-8600 / 512) 480-2211 / 713) 343-5636 / 405) 476-9191 / 972) 446-0576 / 972) 323-7991 / 713) 781-9899 / 972) 241-8880 / 972) 869-2631 / 214) 501-2559 / 214) 923-6274,https://maps.google.com/maps?f=d&source=s_d&saddr=&daddr=2240+Royal+Ln+%23303+Dallas%2C+TX+75229+%EC%BD%94%EB%A7%88%ED%8A%B8+%28%EC%95%84%EC%A4%8C%EB%A7%88+%EC%98%86%29&z=16&iwloc=A&z=auto
강피티,"2240 Royal Ln #303 Dallas, TX 75229 코마트 (아줌마 옆)",469-758-8744,https://maps.google.com/maps?f=d&source=s_d&saddr=&daddr=2240+Royal+Ln+%23303+Dallas%2C+TX+75229+%EC%BD%94%EB%A7%88%ED%8A%B8+%28%EC%95%84%EC%A4%8C%EB%A7%88+%EC%98%86%29&z=16&iwloc=A&z=auto
정동승 CPA (David D. Jeong Certified Public Accountant),"2560 Royal Ln. #204, Dallas, TX 75229",972) 620-8600,https://maps.google.com/maps?f=d&source=s_d&saddr=&daddr=2560+Royal+Ln.+%23204%2C+Dallas%2C+TX+75229&z=16&iwloc=A&z=auto
[email protected],"2560 Royal Ln. #204, Dallas, TX 75229",972) 620-8600,https://maps.google.com/maps?f=d&source=s_d&saddr=&daddr=2560+Royal+Ln.+%23204%2C+Dallas%2C+TX+75229&z=16&iwloc=A&z=auto
게이샤 스시,"616 E 6th Street, Austin, TX 78701",512) 480-2211,https://maps.google.com/maps?f=d&source=s_d&saddr=&daddr=616+E+6th+Street%2C+Austin%2C+TX+78701&z=16&iwloc=A&z=auto
지니 뷰티서플라이,"3920 Dunvale Road, Houston, TX 77063",713) 343-5636,https://maps.google.com/maps?f=d&source=s_d&saddr=&daddr=3920+Dunvale+Road%2C+Houston%2C+TX+77063&z=16&iwloc=A&z=auto
제일연합선교교회,"4001 Bryant Avenue, Oklahoma City, OK 73115",405) 476-9191,https://maps.google.com/maps?f=d&source=s_d&saddr=&daddr=4001+Bryant+Avenue%2C+Oklahoma+City%2C+OK+73115&z=16&iwloc=A&z=auto
City Night KTV & Cafe,"2528 Old Denton Rd., Carrollton, TX 75006",972) 446-0576 / 972) 323-7991,http://m.mainstreethub.com/citynightktv
"(Mon-Fri) 5:00pm ~ 2:00am, (Sat-Sun) 12:00pm ~ 2:00am","2528 Old Denton Rd., Carrollton, TX 75006",972) 446-0576 / 972) 323-7991,http://m.mainstreethub.com/citynightktv
조이 트레이딩,"7501 Harwin Dr. #107-A, Houston, TX 77036",713) 781-9899,https://maps.google.com/maps?f=d&source=s_d&saddr=&daddr=7501+Harwin+Dr.+%23107-A%2C+Houston%2C+TX+77036&z=16&iwloc=A&z=auto
Royal Foot,"2216 Royal Ln. #117, Dallas, TX 75229",972) 241-8880,https://maps.google.com/maps?f=d&source=s_d&saddr=&daddr=2216+Royal+Ln.+%23117%2C+Dallas%2C+TX+75229&z=16&iwloc=A&z=auto
Hackberry Creek,"1901 Royal Lane, Irving, TX 75063",972) 869-2631,http://www.hackberrycreekcc.com
"케이블 존 (K-able Zone, 플레이노 H마트 내)","3320 K Ave, suite #m104, Plano, TX 75074",214) 501-2559 / 214) 923-6274,https://maps.google.com/maps?f=d&source=s_d&saddr=&daddr=3320+K+Ave%2C+suite+%23m104%2C+Plano%2C+TX+75074&z=16&iwloc=A&z=auto
[email protected],"3320 K Ave, suite #m104, Plano, TX 75074",214) 501-2559 / 214) 923-6274,https://maps.google.com/maps?f=d&source=s_d&saddr=&daddr=3320+K+Ave%2C+suite+%23m104%2C+Plano%2C+TX+75074&z=16&iwloc=A&z=auto
업소록,"6210 Baseline Road, Little Rock, AR 72219",866) 282-8721 / 972) 484-6062 / 214) 351-1757 / 469) 579-6938 / 972) 986-2000 / 972) 492-1016 / 972) 986-5500 / 214) 334-4690 / 972) 323-9700 / 713) 385-2156 / 254.519.0888,https://maps.google.com/maps?f=d&source=s_d&saddr=&daddr=6210+Baseline+Road%2C+Little+Rock%2C+AR+72219&z=16&iwloc=A&z=auto
아메리칸 태권도협회,"6210 Baseline Road, Little Rock, AR 72219",866) 282-8721 / 972) 484-6062 / 214) 351-1757 / 469) 579-6938 / 972) 986-2000 / 972) 492-1016 / 972) 986-5500 / 214) 334-4690 / 972) 323-9700 / 713) 385-2156 / 254.519.0888,https://maps.google.com/maps?f=d&source=s_d&saddr=&daddr=6210+Baseline+Road%2C+Little+Rock%2C+AR+72219&z=16&iwloc=A&z=auto
아메리칸 태권도협회,"6210 Baseline Road, Little Rock, AR 72219",866) 282-8721,https://maps.google.com/maps?f=d&source=s_d&saddr=&daddr=6210+Baseline+Road%2C+Little+Rock%2C+AR+72219&z=16&iwloc=A&z=auto
한국 프라자 (Han Kook Plaza),"11410 Harry Hines Boulevard #D, Dallas, TX 75229",972) 484-6062,https://maps.google.com/maps?f=d&source=s_d&saddr=&daddr=11410+Harry+Hines+Boulevard+%23D%2C+Dallas%2C+TX+75229&z=16&iwloc=A&z=auto
황도기 CPA,"2639 Walnut Hill Ln #101, Dallas, TX 75229",214) 351-1757 / 469) 579-6938,https://maps.google.com/maps?f=d&source=s_d&saddr=&daddr=2639+Walnut+Hill+Ln+%23101%2C+Dallas%2C+TX+75229&z=16&iwloc=A&z=auto
[email protected],"2639 Walnut Hill Ln #101, Dallas, TX 75229",214) 351-1757 / 469) 579-6938,https://maps.google.com/maps?f=d&source=s_d&saddr=&daddr=2639+Walnut+Hill+Ln+%23101%2C+Dallas%2C+TX+75229&z=16&iwloc=A&z=auto
Shopper's Alley,"11422 Harry Hines Boulevard, Dallas, TX 75229",972) 986-2000,https://maps.google.com/maps?f=d&source=s_d&saddr=&daddr=11422+Harry+Hines+Boulevard%2C+Dallas%2C+TX+75229&z=16&iwloc=A&z=auto
You & I 헤어,"1921 E Hebron Pkwy., Carrollton, TX 75007",972) 492-1016,https://maps.google.com/maps?f=d&source=s_d&saddr=&daddr=1921+E+Hebron+Pkwy.%2C+Carrollton%2C+TX+75007&z=16&iwloc=A&z=auto
CJ 대한통운 (CJ Korea Express),"2727 W. Airport Freeway, Irving, TX 75062",972) 986-5500,https://www.keusa.com
김혜련-클레어 부동산,"5430 LBJ Fwy. #280, Dallas, TX 75240",214) 334-4690,http://www.clarerealtor.com
H마트 열린 문화센터,"2625 Old Denton Rd #200, Carrollton, TX 75007",972) 323-9700,https://maps.google.com/maps?f=d&source=s_d&saddr=&daddr=2625+Old+Denton+Rd+%23200%2C+Carrollton%2C+TX+75007&z=16&iwloc=A&z=auto
잔윤 부동산,"10001 Long Point Rd. #E, Houston, TX 77055",713) 385-2156,https://maps.google.com/maps?f=d&source=s_d&saddr=&daddr=10001+Long+Point+Rd.+%23E%2C+Houston%2C+TX+77055&z=16&iwloc=A&z=auto
OMART (킬린 오마트),"714 S. Fort Hood St. Killeen, TX 76541",254.519.0888,https://www.omartusa.com
월~토 9am-9pm / 일 10am-9pm,"714 S. Fort Hood St. Killeen, TX 76541",254.519.0888,https://www.omartusa.com
업소록,"11289 N. Stemmons Fwy., Dallas, TX 75229",214) 688-1464 / 469) 440-9659 / 972) 258-1551 / 972) 346-6353 / 281) 520-7038 / 281) 752-0700 / 713) 272-5651 / 713) 961-4104 / 469) 767-5065 / 800) 523-3273,https://maps.google.com/maps?f=d&source=s_d&saddr=&daddr=11289+N.+Stemmons+Fwy.%2C+Dallas%2C+TX+75229&z=16&iwloc=A&z=auto
사인 엑스포 (SignExpo),"11289 N. Stemmons Fwy., Dallas, TX 75229",214) 688-1464 / 469) 440-9659 / 972) 258-1551 / 972) 346-6353 / 281) 520-7038 / 281) 752-0700 / 713) 272-5651 / 713) 961-4104 / 469) 767-5065 / 800) 523-3273,https://maps.google.com/maps?f=d&source=s_d&saddr=&daddr=11289+N.+Stemmons+Fwy.%2C+Dallas%2C+TX+75229&z=16&iwloc=A&z=auto
사인 엑스포 (SignExpo),"11289 N. Stemmons Fwy., Dallas, TX 75229",214) 688-1464,https://maps.google.com/maps?f=d&source=s_d&saddr=&daddr=11289+N.+Stemmons+Fwy.%2C+Dallas%2C+TX+75229&z=16&iwloc=A&z=auto
signexpousa.com,"11289 N. Stemmons Fwy., Dallas, TX 75229",214) 688-1464,https://maps.google.com/maps?f=d&source=s_d&saddr=&daddr=11289+N.+Stemmons+Fwy.%2C+Dallas%2C+TX+75229&z=16&iwloc=A&z=auto
SYNCIS (이원의),"1400 Preston Rd. #400. Plano, TX 75093",469) 440-9659,http://www.syncis.com
Lisa's Alteration,"403 W. Rochelle Road, Irving, TX 75062",972) 258-1551,https://maps.google.com/maps?f=d&source=s_d&saddr=&daddr=403+W.+Rochelle+Road%2C+Irving%2C+TX+75062&z=16&iwloc=A&z=auto
Reading Ranch (Plano),"3115 West Parker Rd, Ste 210, Plano, TX 75023",972) 346-6353,https://maps.google.com/maps?f=d&source=s_d&saddr=&daddr=3115+West+Parker+Rd%2C+Ste+210%2C+Plano%2C+TX+75023&z=16&iwloc=A&z=auto
Bellaire Jewelry,"9889 Bellaire Blvd. #E-219B, Houston, TX 77036",281) 520-7038,https://maps.google.com/maps?f=d&source=s_d&saddr=&daddr=9889+Bellaire+Blvd.+%23E-219B%2C+Houston%2C+TX+77036&z=16&iwloc=A&z=auto
상록대학 (중앙장로교회),"14311 Park Row, Houston, TX 77084",281) 752-0700,https://maps.google.com/maps?f=d&source=s_d&saddr=&daddr=14311+Park+Row%2C+Houston%2C+TX+77084&z=16&iwloc=A&z=auto
이스트웨스트 은행 (롱포인트),"1027 Blalock Road, Houston, TX 77055",713) 272-5651,https://maps.google.com/maps?f=d&source=s_d&saddr=&daddr=1027+Blalock+Road%2C+Houston%2C+TX+77055&z=16&iwloc=A&z=auto
eastwestbank.com,"1027 Blalock Road, Houston, TX 77055",713) 272-5651,https://maps.google.com/maps?f=d&source=s_d&saddr=&daddr=1027+Blalock+Road%2C+Houston%2C+TX+77055&z=16&iwloc=A&z=auto
휴스턴 한국 교육원 (Houston Korean Education Center),"1990 Post Oak Blvd. #750, Houston, TX 77056",713) 961-4104,https://www.houkec.org
[email protected],"1990 Post Oak Blvd. #750, Houston, TX 77056",713) 961-4104,https://www.houkec.org
물박사,"3046 Forest Ln. #B, Dallas, TX 75234",469) 767-5065,https://maps.google.com/maps?f=d&source=s_d&saddr=&daddr=3046+Forest+Ln.+%23B%2C+Dallas%2C+TX+75234&z=16&iwloc=A&z=auto
유나이티드 항공 (국내예약),,800) 523-3273,
업소록,"1430 Enclave Parkway #150, Houston, TX 77077",281) 474-1429 / 972) 517-1297 / 972) 241-9665 / 469) 452-9765 / 713) 467-9117 / 832) 606-2567 / 214) 392-0083 / 832) 677-6464 / 979) 826-4001 / 214) 310-1402,https://maps.google.com/maps?f=d&source=s_d&saddr=&daddr=1430+Enclave+Parkway+%23150%2C+Houston%2C+TX+77077&z=16&iwloc=A&z=auto
SK 해운,"1430 Enclave Parkway #150, Houston, TX 77077",281) 474-1429 / 972) 517-1297 / 972) 241-9665 / 469) 452-9765 / 713) 467-9117 / 832) 606-2567 / 214) 392-0083 / 832) 677-6464 / 979) 826-4001 / 214) 310-1402,https://maps.google.com/maps?f=d&source=s_d&saddr=&daddr=1430+Enclave+Parkway+%23150%2C+Houston%2C+TX+77077&z=16&iwloc=A&z=auto
SK 해운,"1430 Enclave Parkway #150, Houston, TX 77077",281) 474-1429,https://maps.google.com/maps?f=d&source=s_d&saddr=&daddr=1430+Enclave+Parkway+%23150%2C+Houston%2C+TX+77077&z=16&iwloc=A&z=auto
강희정 치과,"280 Legacy Dr. #105, Plano, TX 75023",972) 517-1297,https://maps.google.com/maps?f=d&source=s_d&saddr=&daddr=280+Legacy+Dr.+%23105%2C+Plano%2C+TX+75023&z=16&iwloc=A&z=auto
Beauty Manufacturing Solutions Corp.,"1250 Freeport Pkwy., Coppell, TX 75019",972) 241-9665,https://www.beautymanufacture.com
색소폰 & 클라리넷,,469) 452-9765,
CCTV 2020,"10038 Long Point, Houston, TX 77055",713) 467-9117,https://maps.google.com/maps?f=d&source=s_d&saddr=&daddr=10038+Long+Point%2C+Houston%2C+TX+77055&z=16&iwloc=A&z=auto
휴스턴 축구협회,,832) 606-2567,
국술원 (리치먼드),"1125 Crab River, Richmond, TX 77469",832) 677-6464,https://maps.google.com/maps?f=d&source=s_d&saddr=&daddr=1125+Crab+River%2C+Richmond%2C+TX+77469&z=16&iwloc=A&z=auto
레전더리 옥 골프장,"43279 Urban Road, Hempstead, TX 77445",979) 826-4001,https://maps.google.com/maps?f=d&source=s_d&saddr=&daddr=43279+Urban+Road%2C+Hempstead%2C+TX+77445&z=16&iwloc=A&z=auto
Eastern Roofing 전문회사,"10909 Grissom Lane, Dallas, TX 75229",214) 310-1402,http://www.easterncorpus.com
업소록,https://www.wyndhamhotels.com/wyndham-garden/dallas-texas/wyndham-garden-dallas-north/overview?CID=LC:WY:20160927:RIO:Local,972) 243-3363 / 20160927 / 713) 449-3082 / 214) 564-8207 / 254) 681-2950 / 713) 692-1312 / 713) 269-5887 / 214.997.0033 / 214.771.6961 / 210.441.0047 / 210.317.1960 / 501) 247-5953 / 214) 395-2667,https://www.wyndhamhotels.com/wyndham-garden/dallas-texas/wyndham-garden-dallas-north/overview?CID=LC:WY:20160927:RIO:Local
Wyndham Garden,https://www.wyndhamhotels.com/wyndham-garden/dallas-texas/wyndham-garden-dallas-north/overview?CID=LC:WY:20160927:RIO:Local,972) 243-3363 / 20160927 / 713) 449-3082 / 214) 564-8207 / 254) 681-2950 / 713) 692-1312 / 713) 269-5887 / 214.997.0033 / 214.771.6961 / 210.441.0047 / 210.317.1960 / 501) 247-5953 / 214) 395-2667,https://www.wyndhamhotels.com/wyndham-garden/dallas-texas/wyndham-garden-dallas-north/overview?CID=LC:WY:20160927:RIO:Local
Wyndham Garden,https://www.wyndhamhotels.com/wyndham-garden/dallas-texas/wyndham-garden-dallas-north/overview?CID=LC:WY:20160927:RIO:Local,972) 243-3363 / 20160927,https://www.wyndhamhotels.com/wyndham-garden/dallas-texas/wyndham-garden-dallas-north/overview?CID=LC:WY:20160927:RIO:Local
아빠와 딸,"1302 Blalock Road, Houston, TX 77055",713) 449-3082,https://maps.google.com/maps?f=d&source=s_d&saddr=&daddr=1302+Blalock+Road%2C+Houston%2C+TX+77055&z=16&iwloc=A&z=auto
선린상업고등학교,,214) 564-8207,
킬린 한인회,,254) 681-2950,
최치시 심장내과,"5990 Airline Dr. #110, Houston, TX 77076",713) 692-1312,https://maps.google.com/maps?f=d&source=s_d&saddr=&daddr=5990+Airline+Dr.+%23110%2C+Houston%2C+TX+77076&z=16&iwloc=A&z=auto
김선재 치료 마사지 (Registered Massage Therapist),"1200 Blalock Rd. #104, Houston, TX 77055",713) 269-5887,https://maps.google.com/maps?f=d&source=s_d&saddr=&daddr=1200+Blalock+Rd.+%23104%2C+Houston%2C+TX+77055&z=16&iwloc=A&z=auto
Simplex (심플렉스),"1901 Royal Ln Ste. 100, Dallas, TX 75229",214.997.0033 / 214.771.6961,https://www.gosimplex.com
[email protected],"1901 Royal Ln Ste. 100, Dallas, TX 75229",214.997.0033 / 214.771.6961,https://www.gosimplex.com
Jones Korean Dance Group (조행자 무용단),,210.441.0047 / 210.317.1960,
사랑의 교회,"8201 Frenchman's, Little Rock, AR 72209",501) 247-5953,http://lovingchurch.net
고려통운,,214) 395-2667,
업소록,"1225 N Josey Ln. Carrollton, TX 75006",214 770 8226 / 972-469-3100 / 901-292-0884 / 972) 484-5862 / 855) 893-6763 / 469) 998-4700 / 972) 492-5000 / 214) 625-9094 / 325) 829-2167 / 214) 361-4200 / 469) 855-3122 / 469) 231-6152 / 972) 922-7571,https://www.dkbts.org
I Man 건축,"1225 N Josey Ln. Carrollton, TX 75006",214 770 8226 / 972-469-3100 / 901-292-0884 / 972) 484-5862 / 855) 893-6763 / 469) 998-4700 / 972) 492-5000 / 214) 625-9094 / 325) 829-2167 / 214) 361-4200 / 469) 855-3122 / 469) 231-6152 / 972) 922-7571,https://www.dkbts.org
I Man 건축,,214 770 8226,
달라스침례신학교(Dallas Baptist Theological Seminary),"1225 N Josey Ln. Carrollton, TX 75006",972-469-3100 / 901-292-0884,https://www.dkbts.org
[email protected],"1225 N Josey Ln. Carrollton, TX 75006",972-469-3100 / 901-292-0884,https://www.dkbts.org
Angel's Tee & More,"11363 Denton Dr. #212, Dallas, TX 75229",972) 484-5862,https://maps.google.com/maps?f=d&source=s_d&saddr=&daddr=11363+Denton+Dr.+%23212%2C+Dallas%2C+TX+75229&z=16&iwloc=A&z=auto
폭스바겐 VOLKSWAGEN (Clay Cooley Volkswagen Richardson),"300 N. Central Expy., Richardson, TX 75080",855) 893-6763 / 469) 998-4700,http://www.claycooleyvwrichardson.com
(Mon-Sat) 9:00am ~ 9:00pm,"300 N. Central Expy., Richardson, TX 75080",855) 893-6763 / 469) 998-4700,http://www.claycooleyvwrichardson.com
Dr. Siri 산부인과,"4325 N. Josey Ln. Plaza 3 #111, Carrollton, TX 75010",972) 492-5000,https://maps.google.com/maps?f=d&source=s_d&saddr=&daddr=4325+N.+Josey+Ln.+Plaza+3+%23111%2C+Carrollton%2C+TX+75010&z=16&iwloc=A&z=auto
CUBIT 건축,"1530 TX-121 Bus Lewisville, TX 75067",214) 625-9094,https://www.cubitconstruction.com
[email protected],"1530 TX-121 Bus Lewisville, TX 75067",214) 625-9094,https://www.cubitconstruction.com
국술원 (애블린),"2401 S. 7th, Abilene, TX 79605",325) 829-2167,https://maps.google.com/maps?f=d&source=s_d&saddr=&daddr=2401+S.+7th%2C+Abilene%2C+TX+79605&z=16&iwloc=A&z=auto
Pro TV 전자,"343 Medallion Center, Dallas, TX 75214",214) 361-4200,https://maps.google.com/maps?f=d&source=s_d&saddr=&daddr=343+Medallion+Center%2C+Dallas%2C+TX+75214&z=16&iwloc=A&z=auto
캐런 리 부동산,"10300 N. Central Exwy. #220, Dallas, TX 75231",469) 855-3122,https://maps.google.com/maps?f=d&source=s_d&saddr=&daddr=10300+N.+Central+Exwy.+%23220%2C+Dallas%2C+TX+75231&z=16&iwloc=A&z=auto
영 클리닉 달라스,"2216 Royal Ln. #113, Dallas, TX 75229",469) 231-6152 / 972) 922-7571,https://maps.google.com/maps?f=d&source=s_d&saddr=&daddr=2216+Royal+Ln.+%23113%2C+Dallas%2C+TX+75229&z=16&iwloc=A&z=auto
[email protected],"2216 Royal Ln. #113, Dallas, TX 75229",469) 231-6152 / 972) 922-7571,https://maps.google.com/maps?f=d&source=s_d&saddr=&daddr=2216+Royal+Ln.+%23113%2C+Dallas%2C+TX+75229&z=16&iwloc=A&z=auto
업소록,"11445 Emerald St. #112, Dallas, TX 75229",972) 241-5911 / 469-902-4291 / 469-855-4430 / 972) 484-5583 / 972-820-6118 / 972.685.7309 / 254) 526-3065 / 972.241.8646 / 469) 767-8282 / 972) 620-0201 / 972) 484-4364 / 713) 827-8808,https://maps.google.com/maps?f=d&source=s_d&saddr=&daddr=11445+Emerald+St.+%23112%2C+Dallas%2C+TX+75229&z=16&iwloc=A&z=auto
서윤교 CPA,"11445 Emerald St. #112, Dallas, TX 75229",972) 241-5911 / 469-902-4291 / 469-855-4430 / 972) 484-5583 / 972-820-6118 / 972.685.7309 / 254) 526-3065 / 972.241.8646 / 469) 767-8282 / 972) 620-0201 / 972) 484-4364 / 713) 827-8808,https://maps.google.com/maps?f=d&source=s_d&saddr=&daddr=11445+Emerald+St.+%23112%2C+Dallas%2C+TX+75229&z=16&iwloc=A&z=auto
서윤교 CPA,"11445 Emerald St. #112, Dallas, TX 75229",972) 241-5911,https://maps.google.com/maps?f=d&source=s_d&saddr=&daddr=11445+Emerald+St.+%23112%2C+Dallas%2C+TX+75229&z=16&iwloc=A&z=auto
[email protected],"11445 Emerald St. #112, Dallas, TX 75229",972) 241-5911,https://maps.google.com/maps?f=d&source=s_d&saddr=&daddr=11445+Emerald+St.+%23112%2C+Dallas%2C+TX+75229&z=16&iwloc=A&z=auto
부동산 형제들 (텍사스 레가시),"3044 Old Denton Rd, Suite 310 Carrollton, TX 75007",469-902-4291 / 469-855-4430,https://www.txlegacyrealty.com
[email protected],"3044 Old Denton Rd, Suite 310 Carrollton, TX 75007",469-902-4291 / 469-855-4430,https://www.txlegacyrealty.com
채연원 Company,"2828 Forest Ln. #1107, Dallas, TX 75234",972) 484-5583,https://maps.google.com/maps?f=d&source=s_d&saddr=&daddr=2828+Forest+Ln.+%231107%2C+Dallas%2C+TX+75234&z=16&iwloc=A&z=auto
"(Mon-Sat) 10:00am ~ 08:00pm, (Sun) Appointment Only",LA Hair (LA 헤어),972-820-6118,https://maps.google.com/maps?f=d&source=s_d&saddr=&daddr=2540+Old+Denton+Rd.+%23307+Carrollton%2C+TX+TX+75006&z=16&iwloc=A&z=auto
Chivago Chicken & Beer (치바고 치킨&비어),"2558 Royal Ln. Dallas, TX 75229",972.685.7309,https://maps.google.com/maps?f=d&source=s_d&saddr=&daddr=2558+Royal+Ln.+Dallas%2C+TX+75229&z=16&iwloc=A&z=auto
chivagochicken.com,"2558 Royal Ln. Dallas, TX 75229",972.685.7309,https://maps.google.com/maps?f=d&source=s_d&saddr=&daddr=2558+Royal+Ln.+Dallas%2C+TX+75229&z=16&iwloc=A&z=auto
고바우 식당 (Koba Woo Restaurant),"332 E. Avenue, Killeen, TX 76541",254) 526-3065,https://maps.google.com/maps?f=d&source=s_d&saddr=&daddr=332+E.+Avenue%2C+Killeen%2C+TX+76541&z=16&iwloc=A&z=auto
MAMA's (마마스),"2610 Royal Ln Dallas, TX 75229",972.241.8646,https://maps.google.com/maps?f=d&source=s_d&saddr=&daddr=2610+Royal+Ln+Dallas%2C+TX+75229&z=16&iwloc=A&z=auto
김장호 부동산,,469) 767-8282,
[email protected],,469) 767-8282,
오토라인 (Auto Line),"11481 Hway hines Blvd, Dallas, TX 75229",972) 620-0201 / 972) 484-4364,https://www.facebook.com/autolinedallas/?ref=page_internal
"(Mon-Fri) 8:30am ~ 7:30pm, (Sat) 8:30am ~ 3:00pm","11481 Hway hines Blvd, Dallas, TX 75229",972) 620-0201 / 972) 484-4364,https://www.facebook.com/autolinedallas/?ref=page_internal
독도횟집,"10017 Long Point Road, Houston, TX 77055",713) 827-8808,https://maps.google.com/maps?f=d&source=s_d&saddr=&daddr=10017+Long+Point+Road%2C+Houston%2C+TX+77055&z=16&iwloc=A&z=auto
업소록,"6701 Harwin Dr. #111, Houston, TX 77036",713) 952-0744 / 214) 820-0111 / 281) 316-0333 / 972) 530-5550 / 713) 680-1200 / 972) 272-6795 / 972) 243-5273 / 214) 609-0667 / 817) 379-2270 / 214) 545-3050,https://maps.google.com/maps?f=d&source=s_d&saddr=&daddr=6701+Harwin+Dr.+%23111%2C+Houston%2C+TX+77036&z=16&iwloc=A&z=auto
탱고 패션,"6701 Harwin Dr. #111, Houston, TX 77036",713) 952-0744 / 214) 820-0111 / 281) 316-0333 / 972) 530-5550 / 713) 680-1200 / 972) 272-6795 / 972) 243-5273 / 214) 609-0667 / 817) 379-2270 / 214) 545-3050,https://maps.google.com/maps?f=d&source=s_d&saddr=&daddr=6701+Harwin+Dr.+%23111%2C+Houston%2C+TX+77036&z=16&iwloc=A&z=auto
탱고 패션,"6701 Harwin Dr. #111, Houston, TX 77036",713) 952-0744,https://maps.google.com/maps?f=d&source=s_d&saddr=&daddr=6701+Harwin+Dr.+%23111%2C+Houston%2C+TX+77036&z=16&iwloc=A&z=auto
베일러 메디칼 센터 (Baylor Medical Center),"3500 Gaston Avenue, Dallas, TX 75246",214) 820-0111,http://www.bhcs.com
최정호 안과,"3141 FM 528 #324, Houston, TX 77546",281) 316-0333,https://maps.google.com/maps?f=d&source=s_d&saddr=&daddr=3141+FM+528+%23324%2C+Houston%2C+TX+77546&z=16&iwloc=A&z=auto
Stella S. Kwang. M.D.,,972) 530-5550,
유재홍 부동산,"10301 Northwest Frwy 2nd floor, Houston, TX 77024",713) 680-1200,https://maps.google.com/maps?f=d&source=s_d&saddr=&daddr=10301+Northwest+Frwy+2nd+floor%2C+Houston%2C+TX+77024&z=16&iwloc=A&z=auto
JC 자동차 바디샵,"2905 Forest Lane, Garland, TX 75042",972) 272-6795,https://maps.google.com/maps?f=d&source=s_d&saddr=&daddr=2905+Forest+Lane%2C+Garland%2C+TX+75042&z=16&iwloc=A&z=auto
"U.B.M (United Building Maintenance, INC.)","11102 Ables Lane, Dallas, TX 75229",972) 243-5273,https://www.ubmhq.com
[email protected],"11102 Ables Lane, Dallas, TX 75229",972) 243-5273,https://www.ubmhq.com
OSSTEM (임플란트),"3030 LBJ Fwy. #1690, Dallas, TX 75234",214) 609-0667,https://maps.google.com/maps?f=d&source=s_d&saddr=&daddr=3030+LBJ+Fwy.+%231690%2C+Dallas%2C+TX+75234&z=16&iwloc=A&z=auto
Paul's 바디 & 정비,"5940 Kroger Dr. #108, Fort Worth, TX 76248",817) 379-2270,https://maps.google.com/maps?f=d&source=s_d&saddr=&daddr=5940+Kroger+Dr.+%23108%2C+Fort+Worth%2C+TX+76248&z=16&iwloc=A&z=auto
엘리스 힐리 법률사무소 (Elise Healy + Associates Pllc),"900 Jackson St. #150, Dallas, TX 75202",214) 545-3050,https://www.ehealylaw.com
업소록,600 Braiarwood Ct. Coppell TX 75019,214) 714-4272 / 214) 383-0989 / 713) 465-6400 / 713) 827-2899 / 972) 790-5055 / 972) 989-5676 / 214-258-5242 / 201-615-8242 / 817) 729-1003 / 972) 459-5828 / 214) 281.7871,https://maps.google.com/maps?f=d&source=s_d&saddr=&daddr=600+Braiarwood+Ct.+Coppell+TX+75019&z=16&iwloc=A&z=auto
Lee's Floor,600 Braiarwood Ct. Coppell TX 75019,214) 714-4272 / 214) 383-0989 / 713) 465-6400 / 713) 827-2899 / 972) 790-5055 / 972) 989-5676 / 214-258-5242 / 201-615-8242 / 817) 729-1003 / 972) 459-5828 / 214) 281.7871,https://maps.google.com/maps?f=d&source=s_d&saddr=&daddr=600+Braiarwood+Ct.+Coppell+TX+75019&z=16&iwloc=A&z=auto
Lee's Floor,600 Braiarwood Ct. Coppell TX 75019,214) 714-4272,https://maps.google.com/maps?f=d&source=s_d&saddr=&daddr=600+Braiarwood+Ct.+Coppell+TX+75019&z=16&iwloc=A&z=auto
Nosoo Hibachi & Sushi,"604 West Bethany Dr. #107, Allen, TX 75013",214) 383-0989,https://maps.google.com/maps?f=d&source=s_d&saddr=&daddr=604+West+Bethany+Dr.+%23107%2C+Allen%2C+TX+75013&z=16&iwloc=A&z=auto
코리아하우스,"10078 Long Point Road, Houston, TX 77055",713) 465-6400,https://maps.google.com/maps?f=d&source=s_d&saddr=&daddr=10078+Long+Point+Road%2C+Houston%2C+TX+77055&z=16&iwloc=A&z=auto
Pho 후이,"2420 Gessner Dr. #D, Houston, TX 77080",713) 827-2899,https://maps.google.com/maps?f=d&source=s_d&saddr=&daddr=2420+Gessner+Dr.+%23D%2C+Houston%2C+TX+77080&z=16&iwloc=A&z=auto
General Dentistry,"2204 W. Shady Grove Road, Irving, TX 75060",972) 790-5055,https://maps.google.com/maps?f=d&source=s_d&saddr=&daddr=2204+W.+Shady+Grove+Road%2C+Irving%2C+TX+75060&z=16&iwloc=A&z=auto
International Plaza,"11363 Denton Drive, Dallas, TX 75229",972) 989-5676,https://maps.google.com/maps?f=d&source=s_d&saddr=&daddr=11363+Denton+Drive%2C+Dallas%2C+TX+75229&z=16&iwloc=A&z=auto
KT 한의원,"4222 Trinity Mills Rd, Suite 255 Dallas, TX 75287",214-258-5242 / 201-615-8242,https://maps.google.com/maps?f=d&source=s_d&saddr=&daddr=4222+Trinity+Mills+Rd%2C+Suite+255+Dallas%2C+TX+75287&z=16&iwloc=A&z=auto
[email protected],"4222 Trinity Mills Rd, Suite 255 Dallas, TX 75287",214-258-5242 / 201-615-8242,https://maps.google.com/maps?f=d&source=s_d&saddr=&daddr=4222+Trinity+Mills+Rd%2C+Suite+255+Dallas%2C+TX+75287&z=16&iwloc=A&z=auto
임마누엘 장로교회,"1424 Cavenber Drive, Hurst, TX 76053",817) 729-1003,http://www.dfwchurch.com/xe/
DJ Flower & Gift,"533 State Hwy. 121 #B-3, Lewisville, TX 75067",972) 459-5828,https://www.djflowers.biz
"(Mon-Fri) 9:00am ~ 6:00pm, (Sat) 10:00am ~ 3:00pm","533 State Hwy. 121 #B-3, Lewisville, TX 75067",972) 459-5828,https://www.djflowers.biz
마이크로 버블 샤워기(Micro Bubble Shower),,214) 281.7871,
권혁헌 CPA / 회계법인,"2681 MacArthur Blvd #207 Lewisville, TX 75067",972) 242-2100 / 214) 994-9110 / 713) 856-0788 / 469) 429-2422 / 214) 916-1046 / 214) 706-9890 / 903) 523-5105 / 972) 679-6097 / 469) 335-4637 / 972) 394-9486 / 972-972-0069 / 469) 396-2980,https://maps.google.com/maps?f=d&source=s_d&saddr=&daddr=2681+MacArthur+Blvd+%23207+Lewisville%2C+TX+75067&z=16&iwloc=A&z=auto
권혁헌 CPA / 회계법인,"2681 MacArthur Blvd #207 Lewisville, TX 75067",972) 242-2100,https://maps.google.com/maps?f=d&source=s_d&saddr=&daddr=2681+MacArthur+Blvd+%23207+Lewisville%2C+TX+75067&z=16&iwloc=A&z=auto
[email protected],"2681 MacArthur Blvd #207 Lewisville, TX 75067",972) 242-2100,https://maps.google.com/maps?f=d&source=s_d&saddr=&daddr=2681+MacArthur+Blvd+%23207+Lewisville%2C+TX+75067&z=16&iwloc=A&z=auto
Lash Holic,"700 Alma Rd. #51, Plano, TX 75075",214) 994-9110,https://maps.google.com/maps?f=d&source=s_d&saddr=&daddr=700+Alma+Rd.+%2351%2C+Plano%2C+TX+75075&z=16&iwloc=A&z=auto
E Star 부페 (290),"17440 Northwest Freeway, Houston, TX 77040",713) 856-0788,https://maps.google.com/maps?f=d&source=s_d&saddr=&daddr=17440+Northwest+Freeway%2C+Houston%2C+TX+77040&z=16&iwloc=A&z=auto
아메리칸 제일은행 (Plano),"1912 K Avenue, Plano, TX 75074",469) 429-2422,https://afnb.com
"(Mon-Thu) 9:00am ~ 5:00pm, (Fri) 9:00am ~ 5:30pm, (Sat) 9:00am ~ 1:00pm","1912 K Avenue, Plano, TX 75074",469) 429-2422,https://afnb.com
J.K Photography,,214) 916-1046,http://www.joshuakphoto.com
[email protected],,214) 916-1046,http://www.joshuakphoto.com
Rock Creek,"21400 Farm to Market Rd 901, Gordonville, TX 76245",214) 706-9890 / 903) 523-5105,https://maps.google.com/maps?f=d&source=s_d&saddr=&daddr=21400+Farm+to+Market+Rd+901%2C+Gordonville%2C+TX+76245&z=16&iwloc=A&z=auto
rockcreekontexoma.com,"21400 Farm to Market Rd 901, Gordonville, TX 76245",214) 706-9890 / 903) 523-5105,https://maps.google.com/maps?f=d&source=s_d&saddr=&daddr=21400+Farm+to+Market+Rd+901%2C+Gordonville%2C+TX+76245&z=16&iwloc=A&z=auto
현대 HYUNDAI (Bob Stallings Hyundai),"39444 LBJ Freeway S, Dallas, TX 75232",972) 679-6097 / 469) 335-4637,https://www.mydallashyundai.com
(Mon-Sat) 9:00am ~ 8:00pm,"39444 LBJ Freeway S, Dallas, TX 75232",972) 679-6097 / 469) 335-4637,https://www.mydallashyundai.com
Skin Nature Esthetic (스킨 네이처 에스테틱),"1060 W. Frankford Rd. #104 Carrollton, TX 75007",972) 394-9486,https://www.facebook.com/skinnatureesthetic
"(Mon-Sat) 10:00am ~ 6:00pm, (Sun) Appointment only","1060 W. Frankford Rd. #104 Carrollton, TX 75007",972) 394-9486,https://www.facebook.com/skinnatureesthetic
Clara Beauty 클라라 뷰티,2145 N Josey Ln STE 104 Carrollton TX 75006,972-972-0069,WWW.Claraibrow.com
달라스 한국학교 (New Korean School of Dallas) 플레이노 캠퍼스,"3201 W.15th St., Plano, TX 75075",469) 396-2980,https://www.newksd.org
[email protected],"3201 W.15th St., Plano, TX 75075",469) 396-2980,https://www.newksd.org
업소록,"11441 N Stemmons Fwy STE #101 Dallas, TX 75229",469) 744-8414 / 469) 249-2765 / 469.389.0013 / 972) 242-9402 / 972) 608-2688 / 713) 781-5575 / 512.420.0499 / 972-365-2644 / 972) 954-2356 / 281) 448-7965,https://maps.google.com/maps?f=d&source=s_d&saddr=&daddr=11441+N+Stemmons+Fwy+STE+%23101+Dallas%2C+TX+75229&z=16&iwloc=A&z=auto
서울당구장,"11441 N Stemmons Fwy STE #101 Dallas, TX 75229",469) 744-8414 / 469) 249-2765 / 469.389.0013 / 972) 242-9402 / 972) 608-2688 / 713) 781-5575 / 512.420.0499 / 972-365-2644 / 972) 954-2356 / 281) 448-7965,https://maps.google.com/maps?f=d&source=s_d&saddr=&daddr=11441+N+Stemmons+Fwy+STE+%23101+Dallas%2C+TX+75229&z=16&iwloc=A&z=auto
서울당구장,"11441 N Stemmons Fwy STE #101 Dallas, TX 75229",469) 744-8414,https://maps.google.com/maps?f=d&source=s_d&saddr=&daddr=11441+N+Stemmons+Fwy+STE+%23101+Dallas%2C+TX+75229&z=16&iwloc=A&z=auto
은혜로운 한의원 (달라스),"2603 Oak Lawn Ave #205, Dallas, TX 75219",469) 249-2765,https://www.gracefulacupuncture.com
Greenway 그린웨이 융자,,469.389.0013,WWW.GreenwayHomeLoans.com
Cosmetic World (Carrollton),"2625 Old Denton Rd. #212, Carrollton, TX 75007",972) 242-9402,https://maps.google.com/maps?f=d&source=s_d&saddr=&daddr=2625+Old+Denton+Rd.+%23212%2C+Carrollton%2C+TX+75007&z=16&iwloc=A&z=auto
Frank C. Lieu. M. D.,"3100 Midway Road #168, Plano, TX 75093",972) 608-2688,https://maps.google.com/maps?f=d&source=s_d&saddr=&daddr=3100+Midway+Road+%23168%2C+Plano%2C+TX+75093&z=16&iwloc=A&z=auto
VN 프린팅,"3910 Stoney Brook Drive, Houston, TX 77063",713) 781-5575,https://maps.google.com/maps?f=d&source=s_d&saddr=&daddr=3910+Stoney+Brook+Drive%2C+Houston%2C+TX+77063&z=16&iwloc=A&z=auto
Mom's Taste (반찬천국),"6613 Airport Blvd. Austin, TX 78752",512.420.0499,https://www.austinbanchan.com
(Mon~Sat) 10am-8pm,"6613 Airport Blvd. Austin, TX 78752",512.420.0499,https://www.austinbanchan.com
DL 설계 & 건축,,972-365-2644,https://www.dlarchitecturedesign.com
[email protected],,972-365-2644,https://www.dlarchitecturedesign.com
루민종합병원 Lumin Care (Murphy),"601 West FM 544, Suite #111, Murphy, TX 75094",972) 954-2356,http://lumincare.luminhealth.com
"(Mon-Fri) 8:00am ~ 6:00pm, (Sat) 9:00am ~ 3:00pm","601 West FM 544, Suite #111, Murphy, TX 75094",972) 954-2356,http://lumincare.luminhealth.com
아세아 번역사 (로버트 리),"6014 Lawn Lane, Houston, TX 77088",281) 448-7965,https://maps.google.com/maps?f=d&source=s_d&saddr=&daddr=6014+Lawn+Lane%2C+Houston%2C+TX+77088&z=16&iwloc=A&z=auto
업소록,"2405 S Stemmons Fwy. #300, Lewisville, TX 75067",469-444-3232 / 469.688.9737 / 713) 935-9696 / 972) 484-5757 / 832) 808-3959 / 512) 407-9000 / 469) 867-6742 / 972) 243-0507 / 972) 243-1888 / 817-845-7668 / 682-551-5163 / 713) 643-3170,https://maps.google.com/maps?f=d&source=s_d&saddr=&daddr=2405+S+Stemmons+Fwy.+%23300%2C+Lewisville%2C+TX+75067&z=16&iwloc=A&z=auto
만나 바베큐(Manna BBQ) 루이스빌 시온점,"2405 S Stemmons Fwy. #300, Lewisville, TX 75067",469-444-3232 / 469.688.9737 / 713) 935-9696 / 972) 484-5757 / 832) 808-3959 / 512) 407-9000 / 469) 867-6742 / 972) 243-0507 / 972) 243-1888 / 817-845-7668 / 682-551-5163 / 713) 643-3170,https://maps.google.com/maps?f=d&source=s_d&saddr=&daddr=2405+S+Stemmons+Fwy.+%23300%2C+Lewisville%2C+TX+75067&z=16&iwloc=A&z=auto
만나 바베큐(Manna BBQ) 루이스빌 시온점,"2405 S Stemmons Fwy. #300, Lewisville, TX 75067",469-444-3232,https://maps.google.com/maps?f=d&source=s_d&saddr=&daddr=2405+S+Stemmons+Fwy.+%23300%2C+Lewisville%2C+TX+75067&z=16&iwloc=A&z=auto
달라스 한인 상공회 GDKACC,"2254 Royal Lane #200, Dallas,TX 75229",469.688.9737,https://www.koreanchamber.org
[email protected],"2254 Royal Lane #200, Dallas,TX 75229",469.688.9737,https://www.koreanchamber.org
서울가든 (휴스턴),"9446 Long Point Road, Houston, TX 77055",713) 935-9696,https://maps.google.com/maps?f=d&source=s_d&saddr=&daddr=9446+Long+Point+Road%2C+Houston%2C+TX+77055&z=16&iwloc=A&z=auto
Rainbow Trading Co,"10700 Harry Hines Blvd., Dallas, TX 75220",972) 484-5757,http://www.rainbowwholesale.com
휴스턴 늘푸른교회,"1106 Witte Road, Houston,TX 77055",832) 808-3959,https://www.houstonchurchsbc.com
houstonevergreenchurch@ gmail.com,"1106 Witte Road, Houston,TX 77055",832) 808-3959,https://www.houstonchurchsbc.com
하나비 스시바,"2525 W. Anderson Ln. Bldg 3 #120, Austin, TX 78757",512) 407-9000,https://maps.google.com/maps?f=d&source=s_d&saddr=&daddr=2525+W.+Anderson+Ln.+Bldg+3+%23120%2C+Austin%2C+TX+78757&z=16&iwloc=A&z=auto
박윤정 비올라 개인교습,,469) 867-6742,
베지가든 (Goji Cafe),"2330 Royal Ln. #900, Dallas, TX 75229",972) 243-0507 / 972) 243-1888,https://maps.google.com/maps?f=d&source=s_d&saddr=&daddr=2330+Royal+Ln.+%23900%2C+Dallas%2C+TX+75229&z=16&iwloc=A&z=auto
(Wed-Mon) 11:30am ~ 8:00pm,"2330 Royal Ln. #900, Dallas, TX 75229",972) 243-0507 / 972) 243-1888,https://maps.google.com/maps?f=d&source=s_d&saddr=&daddr=2330+Royal+Ln.+%23900%2C+Dallas%2C+TX+75229&z=16&iwloc=A&z=auto
그랜드 럭스홀 (Grand Luxe Hall),"2640 Old Denton Rd #200 Carrollton, TX 75007",817-845-7668 / 682-551-5163,https://www.grandluxehall.com
[email protected],"2640 Old Denton Rd #200 Carrollton, TX 75007",817-845-7668 / 682-551-5163,https://www.grandluxehall.com
캐피탈 플라스틱,"10355 Harwin Drive, Houston, TX 77036",713) 643-3170,https://maps.google.com/maps?f=d&source=s_d&saddr=&daddr=10355+Harwin+Drive%2C+Houston%2C+TX+77036&z=16&iwloc=A&z=auto
업소록,"1268 N Eastern Street, Moore, OK 73160",469) 238 9322 / 832-798-5799 / 405) 473-0909 / 972) 241-8131 / 972) 488-2583 / 972) 238-1127 / 214.597.5135 / 405) 474-2433 / 832) 577-4656 / 931) 551-4281,https://maps.google.com/maps?f=d&source=s_d&saddr=&daddr=3660+Wilshire+Blvd+Suite+320%2CLos+Angeles%2C+CA+90010&z=16&iwloc=A&z=auto
캐롤라인 대학 (Caroline University of U.S.A),"1268 N Eastern Street, Moore, OK 73160",469) 238 9322 / 832-798-5799 / 405) 473-0909 / 972) 241-8131 / 972) 488-2583 / 972) 238-1127 / 214.597.5135 / 405) 474-2433 / 832) 577-4656 / 931) 551-4281,https://maps.google.com/maps?f=d&source=s_d&saddr=&daddr=3660+Wilshire+Blvd+Suite+320%2CLos+Angeles%2C+CA+90010&z=16&iwloc=A&z=auto
캐롤라인 대학 (Caroline University of U.S.A),,469) 238 9322,https://maps.google.com/maps?f=d&source=s_d&saddr=&daddr=3660+Wilshire+Blvd+Suite+320%2CLos+Angeles%2C+CA+90010&z=16&iwloc=A&z=auto
[email protected],,469) 238 9322,https://maps.google.com/maps?f=d&source=s_d&saddr=&daddr=3660+Wilshire+Blvd+Suite+320%2CLos+Angeles%2C+CA+90010&z=16&iwloc=A&z=auto
K-ONE 건축,,832-798-5799,
서울 미용실,"1268 N Eastern Street, Moore, OK 73160",405) 473-0909,https://maps.google.com/maps?f=d&source=s_d&saddr=&daddr=1268+N+Eastern+Street%2C+Moore%2C+OK+73160&z=16&iwloc=A&z=auto
"M.B.M (Member's Building Maintenance, LTD)","11363 Denton Dr. #127, Dallas, TX 75229",972) 241-8131,https://www.membersltd.com
[email protected],"11363 Denton Dr. #127, Dallas, TX 75229",972) 241-8131,https://www.membersltd.com
Cleaners of America,"12000 Ford Rd. Suite A 409 Farmers Branch, TX 75234",972) 488-2583,http://www.cleanersofamerica.com
빛내리 교회,"1301 Abrams Road, Richardson, TX 75081",972) 238-1127,https://www.binnerri.org
[email protected],"1301 Abrams Road, Richardson, TX 75081",972) 238-1127,https://www.binnerri.org
연세대학교 북텍사스 동문회,,214.597.5135,
[email protected],,214.597.5135,
오클라호마 골프회,,405) 474-2433,
숙명여자대학교,,832) 577-4656,
천종산삼,,931) 551-4281,
삼성 C&T,"2050 W. Sam Houston Pkwy S. #1720, Houston, TX 77042",713) 554-7970,https://maps.google.com/maps?f=d&source=s_d&saddr=&daddr=2050+W.+Sam+Houston+Pkwy+S.+%231720%2C+Houston%2C+TX+77042&z=16&iwloc=A&z=auto
세이 스마일 치과 (Say Smile Dental),"5350 Independence Pkwy. #140, Frisco, TX 75035",972) 525-4900,https://www.saysmiledental.com
[email protected],"5350 Independence Pkwy. #140, Frisco, TX 75035",972) 525-4900,https://www.saysmiledental.com
장일현 변호사,"314 E.Highland Mall Blvd. #406. Austin, TX 78752",512.323.2333,https://www.jangattorney.com
김치 (Kimchi Stylish Korean Kitchen),"2625 Old Denton Rd. #320, Carrollton, TX 75007",972) 242-9242,https://www.facebook.com/KimchiDallas/
[email protected],"2625 Old Denton Rd. #320, Carrollton, TX 75007",972) 242-9242,https://www.facebook.com/KimchiDallas/
이대감네 K BBQ & SHABU,"11425 Goodnight Ln. Dallas, TX 75229",214-258-5442,https://maps.google.com/maps?f=d&source=s_d&saddr=&daddr=11425+Goodnight+Ln.+Dallas%2C+TX+75229&z=16&iwloc=A&z=auto
C Rolls Sushi,"18101 Preston Rd #300, Dallas, TX 75252",972) 447-4900,https://maps.google.com/maps?f=d&source=s_d&saddr=&daddr=18101+Preston+Rd+%23300%2C+Dallas%2C+TX+75252&z=16&iwloc=A&z=auto
Sushi Ichiban,"12101 Greenville Ave. #106, Dallas, TX 75243",972) 437-9514,https://maps.google.com/maps?f=d&source=s_d&saddr=&daddr=12101+Greenville+Ave.+%23106%2C+Dallas%2C+TX+75243&z=16&iwloc=A&z=auto
토탈 디스플레이 백화점,"7130 Harwin Drive, Houston, TX 77036",713) 266-2211,https://maps.google.com/maps?f=d&source=s_d&saddr=&daddr=7130+Harwin+Drive%2C+Houston%2C+TX+77036&z=16&iwloc=A&z=auto
Grey Rock Golf Club,"7401 Highway 45, Austin, TX 78739",512) 288-4297,http://www.greyrockgolfclub.com
아큐라 ACURA (Goodson Acura of Dallas),"40801 Lemon Ave, Dallas, TX 75219",972) 554-0505,http://www.goodsonacura.com/?utm_source=GMB%20listing&utm_medium=organic&utm_campaign=GMB%20organic
"(Mon-Fri) 7:00am ~ 7:00pm, (Sat) 8:00am ~ 6:00pm","40801 Lemon Ave, Dallas, TX 75219",972) 554-0505,http://www.goodsonacura.com/?utm_source=GMB%20listing&utm_medium=organic&utm_campaign=GMB%20organic
업소록,"1231 E. Pioneer Pkwy. #101, Arlington, TX 76010",817) 462-1022 / 972) 790-1344 / 214) 350-8608 / 713) 339-4472 / 713) 988-5201 / 214) 770-5190 / 972-315-1222 / 972-885-3477 / 469.235.8041 / 972) 247-2922 / 713) 201-4100,https://www.novadentals.com
노바덴탈 (Nova Dental),"1231 E. Pioneer Pkwy. #101, Arlington, TX 76010",817) 462-1022 / 972) 790-1344 / 214) 350-8608 / 713) 339-4472 / 713) 988-5201 / 214) 770-5190 / 972-315-1222 / 972-885-3477 / 469.235.8041 / 972) 247-2922 / 713) 201-4100,https://www.novadentals.com
노바덴탈 (Nova Dental),"1231 E. Pioneer Pkwy. #101, Arlington, TX 76010",817) 462-1022,https://www.novadentals.com
[email protected],"1231 E. Pioneer Pkwy. #101, Arlington, TX 76010",817) 462-1022,https://www.novadentals.com
이 종합의료원,"1335 N. Beltline Rd. #13, Irving, TX 75061",972) 790-1344,https://maps.google.com/maps?f=d&source=s_d&saddr=&daddr=1335+N.+Beltline+Rd.+%2313%2C+Irving%2C+TX+75061&z=16&iwloc=A&z=auto
권 덴탈,,214) 350-8608,
한미 인권 연구소 휴스턴 지회,,713) 339-4472,
구세군 다민족교회,"7920 Cook Road, Houston, TX 77072",713) 988-5201,https://maps.google.com/maps?f=d&source=s_d&saddr=&daddr=7920+Cook+Road%2C+Houston%2C+TX+77072&z=16&iwloc=A&z=auto
달라스 한인 경제인 협회 (Dallas Korean Trade Association),"11500 Stemmons Fwy. #144, Dallas, TX 75229",214) 770-5190,https://www.dktatexas.com/
[email protected],"11500 Stemmons Fwy. #144, Dallas, TX 75229",214) 770-5190,https://www.dktatexas.com/
All American Flooring,"4490 Alpha Rd. #100 Dallas, TX 75244",972-315-1222 / 972-885-3477,https://www.allamericanflooring.net
Mon - Fri: 10am - 7pm/ Sat: 10am - 6pm/ Sun: 12pm - 4pm,"4490 Alpha Rd. #100 Dallas, TX 75244",972-315-1222 / 972-885-3477,https://www.allamericanflooring.net
북부중앙 문화교실,"4649 S. Colony Blvd. The Colony, TX 75056",469.235.8041,https://maps.google.com/maps?f=d&source=s_d&saddr=&daddr=4649+S.+Colony+Blvd.+The+Colony%2C+TX+75056&z=16&iwloc=A&z=auto
4호점 모짜르트 코마트 내 (Mozart Bakery),"2240 Royal Ln #306, Dallas, TX 75229",972) 247-2922,https://maps.google.com/maps?f=d&source=s_d&saddr=&daddr=2240+Royal+Ln+%23306%2C+Dallas%2C+TX+75229&z=16&iwloc=A&z=auto
케리어 에어컨,"2001 White Street, Houston, TX 77007",713) 201-4100,https://maps.google.com/maps?f=d&source=s_d&saddr=&daddr=2001+White+Street%2C+Houston%2C+TX+77007&z=16&iwloc=A&z=auto
업소록,"11407 Emerald St. #107, Dallas, TX 75229",972) 243-2558 / 972) 315-2345 / 972) 914-4552 / 469) 522-7373 / 512) 419-1400 / 361) 985-2262 / 972) 242-1248 / 469-850-1212 / 972) 323-7989 / 214) 350-9171 / 214) 692-0900,https://maps.google.com/maps?f=d&source=s_d&saddr=&daddr=11407+Emerald+St.+%23107%2C+Dallas%2C+TX+75229&z=16&iwloc=A&z=auto
고모네 (Gomone Korean Restaurant),"11407 Emerald St. #107, Dallas, TX 75229",972) 243-2558 / 972) 315-2345 / 972) 914-4552 / 469) 522-7373 / 512) 419-1400 / 361) 985-2262 / 972) 242-1248 / 469-850-1212 / 972) 323-7989 / 214) 350-9171 / 214) 692-0900,https://maps.google.com/maps?f=d&source=s_d&saddr=&daddr=11407+Emerald+St.+%23107%2C+Dallas%2C+TX+75229&z=16&iwloc=A&z=auto
고모네 (Gomone Korean Restaurant),"11407 Emerald St. #107, Dallas, TX 75229",972) 243-2558,https://maps.google.com/maps?f=d&source=s_d&saddr=&daddr=11407+Emerald+St.+%23107%2C+Dallas%2C+TX+75229&z=16&iwloc=A&z=auto
에델바이스치과 (Edelweiss Dental Implant Center),"897 N MacArthur Blvd #100, Coppell, TX 75019",972) 315-2345 / 972) 914-4552,http://www.edimplant.com/
"(Mon-Fri) 9:00am ~ 6:00pm, (Tue) 10:00am ~ 7:00pm, (Sat) Appoinment Only","897 N MacArthur Blvd #100, Coppell, TX 75019",972) 315-2345 / 972) 914-4552,http://www.edimplant.com/
헤어월드 (Hair World Salon),"2216 Royal Ln. #111, Dallas, TX 75229",469) 522-7373,https://maps.google.com/maps?f=d&source=s_d&saddr=&daddr=2216+Royal+Ln.+%23111%2C+Dallas%2C+TX+75229&z=16&iwloc=A&z=auto
어스틴 골프회,,512) 419-1400,
한인 침례교회,"5106 Curdtis Clark, Corpus Christi, TX 78411",361) 985-2262,https://ko-kr.facebook.com/cckbc/
맛객,,972) 242-1248,https://maps.google.com/maps?f=d&source=s_d&saddr=&daddr=2625+Old+Denton+Rd+%23540%2C+Carrollton&z=16&iwloc=A&z=auto
The Goddard School (Castle Hills) (더 가덜드 스쿨),https://www.goddardschool.com/dallas-fort-worth/lewisville-fm-2281-tx,469-850-1212,https://www.goddardschool.com/dallas-fort-worth/lewisville-fm-2281-tx
(Mon-Fri): 6:30AM-6:30PM,https://www.goddardschool.com/dallas-fort-worth/lewisville-fm-2281-tx,469-850-1212,https://www.goddardschool.com/dallas-fort-worth/lewisville-fm-2281-tx
엄마사랑선식,"2625 Old Denton Rd. #238, Carrollton, TX 75007",972) 323-7989,https://www.youtube.com/watch?v=4oBcko-TKh8
재규어 JAGUAR (Overseas Motors),"2425 W. Northwest Highway, Dallas, TX 75220",214) 350-9171,https://maps.google.com/maps?f=d&source=s_d&saddr=&daddr=2425+W.+Northwest+Highway%2C+Dallas%2C+TX+75220&z=16&iwloc=A&z=auto
Ann Nguyen State Farm,"11613 N. Central Expy. #310, Dallas, TX 75234",214) 692-0900,http://www.agentann.com
[email protected],"11613 N. Central Expy. #310, Dallas, TX 75234",214) 692-0900,http://www.agentann.com
업소록,"9889 Harwin Dr. #410, Houston, TX 77036",469) 337-2920 / 713) 952-6233 / 214-577-0567 / 713) 395-5373 / 972) 395-0191 / 281) 679-1323 / 972) 895-7805 / 61-43 186 / 817) 731-4848 / 512.557.8671 / 972) 512-0126,https://maps.google.com/maps?f=d&source=s_d&saddr=&daddr=9889+Harwin+Dr.+%23410%2C+Houston%2C+TX+77036&z=16&iwloc=A&z=auto
아름다운교회,"9889 Harwin Dr. #410, Houston, TX 77036",469) 337-2920 / 713) 952-6233 / 214-577-0567 / 713) 395-5373 / 972) 395-0191 / 281) 679-1323 / 972) 895-7805 / 61-43 186 / 817) 731-4848 / 512.557.8671 / 972) 512-0126,https://maps.google.com/maps?f=d&source=s_d&saddr=&daddr=9889+Harwin+Dr.+%23410%2C+Houston%2C+TX+77036&z=16&iwloc=A&z=auto
아름다운교회,,469) 337-2920,
JLT 트레이딩,"9889 Harwin Dr. #410, Houston, TX 77036",713) 952-6233,https://maps.google.com/maps?f=d&source=s_d&saddr=&daddr=9889+Harwin+Dr.+%23410%2C+Houston%2C+TX+77036&z=16&iwloc=A&z=auto
Bright Realty,"2520 King Arthur Blvd. #200 Lewisville, TX 75056",214-577-0567,https://maps.google.com/maps?f=d&source=s_d&saddr=&daddr=2520+King+Arthur+Blvd.+%23200+Lewisville%2C+TX+75056&z=16&iwloc=A&z=auto
Texpo Energy,"7660 Woodway Dr. #471A, Houston, TX 77063",713) 395-5373,https://maps.google.com/maps?f=d&source=s_d&saddr=&daddr=7660+Woodway+Dr.+%23471A%2C+Houston%2C+TX+77063&z=16&iwloc=A&z=auto
달라스 소망 장로교회,"1265 E. Hebron Pky, Carrollton, TX 75001",972) 395-0191,https://maps.google.com/maps?f=d&source=s_d&saddr=&daddr=1265+E.+Hebron+Pky%2C+Carrollton%2C+TX+75001&z=16&iwloc=A&z=auto
[email protected],"1265 E. Hebron Pky, Carrollton, TX 75001",972) 395-0191,https://maps.google.com/maps?f=d&source=s_d&saddr=&daddr=1265+E.+Hebron+Pky%2C+Carrollton%2C+TX+75001&z=16&iwloc=A&z=auto
대우조선,"950 Threadneedle #270, Houston, TX 77079",281) 679-1323,https://maps.google.com/maps?f=d&source=s_d&saddr=&daddr=950+Threadneedle+%23270%2C+Houston%2C+TX+77079&z=16&iwloc=A&z=auto
QM Advance,,972) 895-7805 / 61-43 186,https://maps.google.com/maps?f=d&source=s_d&saddr=&daddr=61-43+186th+Street+Fresh+Meadows%2C+NY+11365&z=16&iwloc=A&z=auto
[email protected],,972) 895-7805 / 61-43 186,https://maps.google.com/maps?f=d&source=s_d&saddr=&daddr=61-43+186th+Street+Fresh+Meadows%2C+NY+11365&z=16&iwloc=A&z=auto
"정승기 척추신경, 침술전문의","4255 Bryant Irving Rd. #108, Fort Worth, TX 76019",817) 731-4848,https://maps.google.com/maps?f=d&source=s_d&saddr=&daddr=4255+Bryant+Irving+Rd.+%23108%2C+Fort+Worth%2C+TX+76019&z=16&iwloc=A&z=auto
현대종합건설 (어스틴),,512.557.8671,https://www.Hyundaigc.com
[email protected],,512.557.8671,https://www.Hyundaigc.com
카페베네 (CafféBene),"1016 W. Tinity Mills Rd #100, Carrollton, TX 75006",972) 512-0126,http://www.caffebeneusa.com
[email protected],"1016 W. Tinity Mills Rd #100, Carrollton, TX 75006",972) 512-0126,http://www.caffebeneusa.com
업소록,"6400 W. Plano Parkway, #112 Plano, TX 75093",214.600.2703 / 214) 315-4912 / 214) 315-5039 / 214) 987-0104 / 214) 282-3107 / 972) 276-5779 / 214) 799-6926 / 972) 302-1118 / 972) 243-7912 / 214.215.4447 / 972) 394-0300 / 972) 608-0900 / 214-493-7777,https://www.caerylee.ebby.com
캐리 부동산 (Caery Lee),"6400 W. Plano Parkway, #112 Plano, TX 75093",214.600.2703 / 214) 315-4912 / 214) 315-5039 / 214) 987-0104 / 214) 282-3107 / 972) 276-5779 / 214) 799-6926 / 972) 302-1118 / 972) 243-7912 / 214.215.4447 / 972) 394-0300 / 972) 608-0900 / 214-493-7777,https://www.caerylee.ebby.com
캐리 부동산 (Caery Lee),"6400 W. Plano Parkway, #112 Plano, TX 75093",214.600.2703,https://www.caerylee.ebby.com
[email protected],"6400 W. Plano Parkway, #112 Plano, TX 75093",214.600.2703,https://www.caerylee.ebby.com
콜처치 선교회 (Mission Of Call Church Service),"2560 Royal Lane, Dallas, TX 75229",214) 315-4912 / 214) 315-5039,https://maps.google.com/maps?f=d&source=s_d&saddr=&daddr=2560+Royal+Lane%2C+Dallas%2C+TX+75229&z=16&iwloc=A&z=auto
Lucy's Tailor,"6025 Royal Ln. #6015, Dallas, TX 75230",214) 987-0104,https://maps.google.com/maps?f=d&source=s_d&saddr=&daddr=6025+Royal+Ln.+%236015%2C+Dallas%2C+TX+75230&z=16&iwloc=A&z=auto
Reikyu Sushi & Bar,"5321 E. mockingbird Ln. #200, Dallas, TX 75206",214) 282-3107,https://maps.google.com/maps?f=d&source=s_d&saddr=&daddr=5321+E.+mockingbird+Ln.+%23200%2C+Dallas%2C+TX+75206&z=16&iwloc=A&z=auto
S&C 바디 종합정비,"4409 Forest Lane, Garland, TX 75042",972) 276-5779 / 214) 799-6926,https://www.SnCAutoBody.com
[email protected],"4409 Forest Lane, Garland, TX 75042",972) 276-5779 / 214) 799-6926,https://www.SnCAutoBody.com
이정민 CPA,"1901 Royal Ln. #100, Dallas, TX 75234",972) 302-1118,https://maps.google.com/maps?f=d&source=s_d&saddr=&daddr=1901+Royal+Ln.+%23100%2C+Dallas%2C+TX+75234&z=16&iwloc=A&z=auto
[email protected],"1901 Royal Ln. #100, Dallas, TX 75234",972) 302-1118,https://maps.google.com/maps?f=d&source=s_d&saddr=&daddr=1901+Royal+Ln.+%23100%2C+Dallas%2C+TX+75234&z=16&iwloc=A&z=auto
Joy World Trading,"11500 Harry Hines Blvd. #118, Dallas, TX 75229",972) 243-7912,https://maps.google.com/maps?f=d&source=s_d&saddr=&daddr=11500+Harry+Hines+Blvd.+%23118%2C+Dallas%2C+TX+75229&z=16&iwloc=A&z=auto
북텍사스 서울대학교 동창회,,214.215.4447,
Dr. Wei Zhang 산부인과,"3108 Midway Rd. #100, Plano, TX 75093",972) 394-0300 / 972) 608-0900,http://weizhangmd.com
베스트 안경,"2625 Old Denton Rd #458, Carrollton, TX 75007",214-493-7777,https://maps.google.com/maps?f=d&source=s_d&saddr=&daddr=2625+Old+Denton+Rd+%23458%2C+Carrollton%2C+TX+75007&z=16&iwloc=A&z=auto
업소록,"11431 Ferrell Dr. #206, Farmers Branch, TX 75234",501-249-6321 / 214) 217-4676 / 214-352-0582 / 972) 462-0291 / 972) 348-3433 / 888) 671-5535 / 214) 469-4123 / 559-259-7115 / 713) 301-2020 / 972) 458-7387 / 972-245-1183,http://www.joonbeauty.com
MB tech and communication,"11431 Ferrell Dr. #206, Farmers Branch, TX 75234",501-249-6321 / 214) 217-4676 / 214-352-0582 / 972) 462-0291 / 972) 348-3433 / 888) 671-5535 / 214) 469-4123 / 559-259-7115 / 713) 301-2020 / 972) 458-7387 / 972-245-1183,http://www.joonbeauty.com
MB tech and communication,,501-249-6321,
Joon Beauty Line,"11431 Ferrell Dr. #206, Farmers Branch, TX 75234",214) 217-4676,http://www.joonbeauty.com
ALI 어학원(American Learning Institute),"2639 Walnut Hill Ln. #230, Dallas, TX 75229",214-352-0582,https://maps.google.com/maps?f=d&source=s_d&saddr=&daddr=2639+Walnut+Hill+Ln.+%23230%2C+Dallas%2C+TX+75229&z=16&iwloc=A&z=auto
[email protected],"2639 Walnut Hill Ln. #230, Dallas, TX 75229",214-352-0582,https://maps.google.com/maps?f=d&source=s_d&saddr=&daddr=2639+Walnut+Hill+Ln.+%23230%2C+Dallas%2C+TX+75229&z=16&iwloc=A&z=auto
평화 교회,"302 Hastings, Irving, TX 75062",972) 462-0291,https://maps.google.com/maps?f=d&source=s_d&saddr=&daddr=302+Hastings%2C+Irving%2C+TX+75062&z=16&iwloc=A&z=auto
아메리칸 제일은행 (Dallas),"2630 Royal Lane, Dallas, TX 75229",972) 348-3433,http://www.afnb.com
"(Mon-Thu) 9:00am ~ 5:00pm, (Fri) 9:00am ~ 5:30pm, (Sat) 9:00am ~ 1:00pm","2630 Royal Lane, Dallas, TX 75229",972) 348-3433,http://www.afnb.com
장원석 유틸리티 (Chang Won Seok Utility),,888) 671-5535 / 214) 469-4123,
[email protected],,888) 671-5535 / 214) 469-4123,
Heesue Realty Group,"1910 Pacific Ave. Suite 16300, Dallas, TX 75201",559-259-7115,https://maps.google.com/maps?f=d&source=s_d&saddr=&daddr=1910+Pacific+Ave.+Suite+16300%2C+Dallas%2C+TX+75201&z=16&iwloc=A&z=auto
[email protected],"1910 Pacific Ave. Suite 16300, Dallas, TX 75201",559-259-7115,https://maps.google.com/maps?f=d&source=s_d&saddr=&daddr=1910+Pacific+Ave.+Suite+16300%2C+Dallas%2C+TX+75201&z=16&iwloc=A&z=auto
한인 에너지석유기술협회,,713) 301-2020,
밴필드 동물병원,"16821 N. Coit Road, Dallas, TX 75248",972) 458-7387,http://www.banfield.com
"(Mon-Sat) 9:00am ~ 7:00pm, (Sun) 10:00am ~ 5:00pm","16821 N. Coit Road, Dallas, TX 75248",972) 458-7387,http://www.banfield.com
Eleven30 Pizza & Sports,"1130 W Trinity Mills Rd. Carrollton, TX 75028",972-245-1183,https://maps.google.com/maps?f=d&source=s_d&saddr=&daddr=1130+W+Trinity+Mills+Rd.+Carrollton%2C+TX+75028&z=16&iwloc=A&z=auto
업소록,"2016 Herrison Lane, Lewisville, TX 75056",817) 913-8431 / 972) 955-7475 / 972) 809-6248 / 214) 389-7060 / 214) 625-9094 / 214) 340-4167 / 512) 282-2150 / 469 -951-1271 / 214) 352-8885,http://www.stevekoartstudio.com
스티브고 아트 스튜디오 (STEVE KO ART STUDIO),"2016 Herrison Lane, Lewisville, TX 75056",817) 913-8431 / 972) 955-7475 / 972) 809-6248 / 214) 389-7060 / 214) 625-9094 / 214) 340-4167 / 512) 282-2150 / 469 -951-1271 / 214) 352-8885,http://www.stevekoartstudio.com
스티브고 아트 스튜디오 (STEVE KO ART STUDIO),"2016 Herrison Lane, Lewisville, TX 75056",817) 913-8431,http://www.stevekoartstudio.com
[email protected],"2016 Herrison Lane, Lewisville, TX 75056",817) 913-8431,http://www.stevekoartstudio.com
DFW KR Pistol Shooting Club,,,https://maps.google.com/maps?f=d&source=s_d&saddr=&daddr=www.dfwkrpistolshootingclub.com+%2F+%2C+www.facebook.com%2FKRPISTOL%2F&z=16&iwloc=A&z=auto
[email protected],,,https://maps.google.com/maps?f=d&source=s_d&saddr=&daddr=www.dfwkrpistolshootingclub.com+%2F+%2C+www.facebook.com%2FKRPISTOL%2F&z=16&iwloc=A&z=auto
퍼머라이프 건강냄비,"3916 Morning Dove, Carrollton, TX 75007",972) 955-7475,https://maps.google.com/maps?f=d&source=s_d&saddr=&daddr=3916+Morning+Dove%2C+Carrollton%2C+TX+75007&z=16&iwloc=A&z=auto
달라스 성산장로교회,,972) 809-6248,
Ravi's Import,"11029 Harry Hines Blvd. Building A, Dallas, TX 75229",214) 389-7060,http://www.shopravis.com
"JKIM Interior Design, Inc","13912 Trinity Blvd., Fort Worth, TX 76040",214) 625-9094,https://maps.google.com/maps?f=d&source=s_d&saddr=&daddr=13912+Trinity+Blvd.%2C+Fort+Worth%2C+TX+76040&z=16&iwloc=A&z=auto
Ice Box Beverage,"6410 Skillman Street, Dallas, TX 75231",214) 340-4167,https://maps.google.com/maps?f=d&source=s_d&saddr=&daddr=6410+Skillman+Street%2C+Dallas%2C+TX+75231&z=16&iwloc=A&z=auto
Onion Creek Country Club,"2510 Onion Creek Parkway, Austin, TX 78747",512) 282-2150,http://www.onioncreekclub.com
Cleaners Machinery Service,"4275 Legacy Drive, Frisco, TX 75034",469 -951-1271,https://maps.google.com/maps?f=d&source=s_d&saddr=&daddr=4275+Legacy+Drive%2C+Frisco%2C+TX+75034&z=16&iwloc=A&z=auto
단오 종합보험 (TWFG Insurance Service),"405 State Hwy. 121 Byp #A-115, Lewisville, TX 75067",214) 352-8885,https://maps.google.com/maps?f=d&source=s_d&saddr=&daddr=405+State+Hwy.+121+Byp+%23A-115%2C+Lewisville%2C+TX+75067&z=16&iwloc=A&z=auto
업소록,"281 Lyndsie Drive, Coppell, TX 75019",214) 488-8844 / 713) 973-6060 / 972) 869-4300 / 210) 599-0119 / 972) 242-4505 / 214) 228-2206 / 214) 699-7644 / 214) 590-8000 / 214) 727-6576 / 713) 984-2066,https://maps.google.com/maps?f=d&source=s_d&saddr=&daddr=281+Lyndsie+Drive%2C+Coppell%2C+TX+75019&z=16&iwloc=A&z=auto
김영희 부동산,"281 Lyndsie Drive, Coppell, TX 75019",214) 488-8844 / 713) 973-6060 / 972) 869-4300 / 210) 599-0119 / 972) 242-4505 / 214) 228-2206 / 214) 699-7644 / 214) 590-8000 / 214) 727-6576 / 713) 984-2066,https://maps.google.com/maps?f=d&source=s_d&saddr=&daddr=281+Lyndsie+Drive%2C+Coppell%2C+TX+75019&z=16&iwloc=A&z=auto
김영희 부동산,"281 Lyndsie Drive, Coppell, TX 75019",214) 488-8844,https://maps.google.com/maps?f=d&source=s_d&saddr=&daddr=281+Lyndsie+Drive%2C+Coppell%2C+TX+75019&z=16&iwloc=A&z=auto
K-비디오,"10011-K Long Point Road, Houston, TX 77055",713) 973-6060,https://maps.google.com/maps?f=d&source=s_d&saddr=&daddr=10011-K+Long+Point+Road%2C+Houston%2C+TX+77055&z=16&iwloc=A&z=auto
Omni Dallas Hotel,"1590 LBJ Freeway, Dallas, TX 75234",972) 869-4300,https://www.omnihotels.com/hotels/dallas-park-west
Sunrise Center,"6017 Rittiman Plaza, San Antonio, TX 78218",210) 599-0119,https://maps.google.com/maps?f=d&source=s_d&saddr=&daddr=6017+Rittiman+Plaza%2C+San+Antonio%2C+TX+78218&z=16&iwloc=A&z=auto
베벌리 치과 (Beverly Dental),"2138 N Josey Ln #104, Carrollton, TX 75006",972) 242-4505,https://www.beverlydentalcenter.com
[email protected],"2138 N Josey Ln #104, Carrollton, TX 75006",972) 242-4505,https://www.beverlydentalcenter.com
달라스 참빛교회,"1405 Katy Drive, Irving, TX 75061",214) 228-2206,https://maps.google.com/maps?f=d&source=s_d&saddr=&daddr=1405+Katy+Drive%2C+Irving%2C+TX+75061&z=16&iwloc=A&z=auto
[email protected],"1405 Katy Drive, Irving, TX 75061",214) 228-2206,https://maps.google.com/maps?f=d&source=s_d&saddr=&daddr=1405+Katy+Drive%2C+Irving%2C+TX+75061&z=16&iwloc=A&z=auto
코스모스 태양전기 (KOSMOS SOLAR),"1223 Corporate Dr E f, Arlington, TX 76006",214) 699-7644,http://kosmossolar.com
[email protected],"1223 Corporate Dr E f, Arlington, TX 76006",214) 699-7644,http://kosmossolar.com
파크랜드 병원 (Parkland Hospital Dallas County Medical District),"5201 Harry Hines Boulevard, Dallas, TX 75235",214) 590-8000,http://www.parklandhospital.com
베트남참전유공전우회 달라스회,,214) 727-6576,
휴스턴 한인회,"1809 Hollister Road, Houston, TX 77080",713) 984-2066,https://www.kaah.org
업소록,"9306-D N. Lamar Boulevard, Austin, TX 78753",512) 837-2700 / 713) 789-1520 / 682) 559-9281 / 832) 335-3005 / 915) 562-0311 / 940) 435-8157 / 972-245-1888 / 713) 777-3838 / 713) 467-8868 / 972) 406-4989 / 214) 998-8861,https://maps.google.com/maps?f=d&source=s_d&saddr=&daddr=9306-D+N.+Lamar+Boulevard%2C+Austin%2C+TX+78753&z=16&iwloc=A&z=auto
노쓰 후난,"9306-D N. Lamar Boulevard, Austin, TX 78753",512) 837-2700 / 713) 789-1520 / 682) 559-9281 / 832) 335-3005 / 915) 562-0311 / 940) 435-8157 / 972-245-1888 / 713) 777-3838 / 713) 467-8868 / 972) 406-4989 / 214) 998-8861,https://maps.google.com/maps?f=d&source=s_d&saddr=&daddr=9306-D+N.+Lamar+Boulevard%2C+Austin%2C+TX+78753&z=16&iwloc=A&z=auto
노쓰 후난,"9306-D N. Lamar Boulevard, Austin, TX 78753",512) 837-2700,https://maps.google.com/maps?f=d&source=s_d&saddr=&daddr=9306-D+N.+Lamar+Boulevard%2C+Austin%2C+TX+78753&z=16&iwloc=A&z=auto
외국어대학교,,713) 789-1520,
포트워스 한국 노인회,,682) 559-9281,
GLPI,"3880 Greenhouse Rd. #215, Houston, TX 77084",832) 335-3005,https://maps.google.com/maps?f=d&source=s_d&saddr=&daddr=3880+Greenhouse+Rd.+%23215%2C+Houston%2C+TX+77084&z=16&iwloc=A&z=auto
갈비식당,"5718 Dyer Street, El Paso, TX 79904",915) 562-0311,https://maps.google.com/maps?f=d&source=s_d&saddr=&daddr=5718+Dyer+Street%2C+El+Paso%2C+TX+79904&z=16&iwloc=A&z=auto
아루카 아카데미 (Arukaho Organization),"150 S. Denton Tap Road. #117, Coppell, TX 75019",940) 435-8157,http://www.arukaho.com
[email protected],"150 S. Denton Tap Road. #117, Coppell, TX 75019",940) 435-8157,http://www.arukaho.com
"신선 설렁탕, 칼국수 (SHINSUN Korean Restaurant)","2640 Old Denton Rd. #120, Carrollton, TX 75007",972-245-1888,https://maps.google.com/maps?f=d&source=s_d&saddr=&daddr=2640+Old+Denton+Rd.+%23120%2C+Carrollton%2C+TX+75007&z=16&iwloc=A&z=auto
골든뱅크,"9315 Bellaire Blvd., Houston, TX 77036",713) 777-3838,https://maps.google.com/maps?f=d&source=s_d&saddr=&daddr=9315+Bellaire+Blvd.%2C+Houston%2C+TX+77036&z=16&iwloc=A&z=auto
미래통신 (99랜치 마켓내),"1005 Blalock Rd., #M, Houston, TX 77055",713) 467-8868,https://maps.google.com/maps?f=d&source=s_d&saddr=&daddr=1005+Blalock+Rd.%2C+%23M%2C+Houston%2C+TX+77055&z=16&iwloc=A&z=auto
한아름 건강마을(길림성 녹용),"4060 SH 121 #178, Carrollton, TX 75010",972) 406-4989 / 214) 998-8861,https://maps.google.com/maps?f=d&source=s_d&saddr=&daddr=4060+SH+121+%23178%2C+Carrollton%2C+TX+75010&z=16&iwloc=A&z=auto
업소록,"4350 River Oaks Blvd, Fort Worth, TX 76114",949) 331-4969 / 713) 780-9253 / 972) 998-4411 / 713) 935-0502 / 281) 495-8999 / 972) 512-3839 / 915) 751-9191 / 940) 443-1111 / 469) 831-5106 / 469) 250-1313,https://maps.google.com/maps?f=d&source=s_d&saddr=&daddr=4350+River+Oaks+Blvd%2C+Fort+Worth%2C+TX+76114&z=16&iwloc=A&z=auto
포트워스 제일장로교회,"4350 River Oaks Blvd, Fort Worth, TX 76114",949) 331-4969 / 713) 780-9253 / 972) 998-4411 / 713) 935-0502 / 281) 495-8999 / 972) 512-3839 / 915) 751-9191 / 940) 443-1111 / 469) 831-5106 / 469) 250-1313,https://maps.google.com/maps?f=d&source=s_d&saddr=&daddr=4350+River+Oaks+Blvd%2C+Fort+Worth%2C+TX+76114&z=16&iwloc=A&z=auto
포트워스 제일장로교회,"4350 River Oaks Blvd, Fort Worth, TX 76114",949) 331-4969,https://maps.google.com/maps?f=d&source=s_d&saddr=&daddr=4350+River+Oaks+Blvd%2C+Fort+Worth%2C+TX+76114&z=16&iwloc=A&z=auto
[email protected],"4350 River Oaks Blvd, Fort Worth, TX 76114",949) 331-4969,https://maps.google.com/maps?f=d&source=s_d&saddr=&daddr=4350+River+Oaks+Blvd%2C+Fort+Worth%2C+TX+76114&z=16&iwloc=A&z=auto
유 에스 스포츠 웨어,"6701 Harwin Dr. #101, Houston, TX 77036",713) 780-9253,https://maps.google.com/maps?f=d&source=s_d&saddr=&daddr=6701+Harwin+Dr.+%23101%2C+Houston%2C+TX+77036&z=16&iwloc=A&z=auto
한미 건축,"1100 Raiford Rd. #6102, Carrollton, TX 75007",972) 998-4411,https://maps.google.com/maps?f=d&source=s_d&saddr=&daddr=1100+Raiford+Rd.+%236102%2C+Carrollton%2C+TX+75007&z=16&iwloc=A&z=auto
따봉 미용실,"9857 Long Point, Houston, TX 77055",713) 935-0502,https://maps.google.com/maps?f=d&source=s_d&saddr=&daddr=9857+Long+Point%2C+Houston%2C+TX+77055&z=16&iwloc=A&z=auto
텔레트론 (휴스턴),"10796 Bellaire Blvd. #A, Houston, TX 77072",281) 495-8999,https://maps.google.com/maps?f=d&source=s_d&saddr=&daddr=10796+Bellaire+Blvd.+%23A%2C+Houston%2C+TX+77072&z=16&iwloc=A&z=auto
David Christian School,"2400 N. Josey Lane, Carrollton, TX 75006",972) 512-3839,https://maps.google.com/maps?f=d&source=s_d&saddr=&daddr=2400+N.+Josey+Lane%2C+Carrollton%2C+TX+75006&z=16&iwloc=A&z=auto
순복음 엘파소교회,"5318 Harlon Drive, El Paso, TX 79924",915) 751-9191,http://www.epfgtv.com
황금농장 (GOLD FARM),"11649 King View St. Thackerville, OK 73459",940) 443-1111,https://maps.google.com/maps?f=d&source=s_d&saddr=&daddr=11649+King+View+St.+Thackerville%2C+OK+73459&z=16&iwloc=A&z=auto
Mienio Hair Salon,"11055 Dennis Rd. #2, Dallas, TX 75229",469) 831-5106,https://maps.google.com/maps?f=d&source=s_d&saddr=&daddr=11055+Dennis+Rd.+%232%2C+Dallas%2C+TX+75229&z=16&iwloc=A&z=auto
스튜어드 종합보험,"1920 Sunny Side Dr. Little Elm, TX 75068",469) 250-1313,http://www.StewardGood.com
[email protected],"1920 Sunny Side Dr. Little Elm, TX 75068",469) 250-1313,http://www.StewardGood.com
업소록,"9486 Long Point Road, Houston, TX 77055",713) 461-1857 / 214) 299-0455 / 469) 785-9021 / 512) 323-9822 / 972) 668-4653 / 972) 488-9117 / 972) 416-5658 / 713) 984-0508 / 214) 587-5143 / 713) 691-0715,https://maps.google.com/maps?f=d&source=s_d&saddr=&daddr=9486+Long+Point+Road%2C+Houston%2C+TX+77055&z=16&iwloc=A&z=auto
코끼리만두,"9486 Long Point Road, Houston, TX 77055",713) 461-1857 / 214) 299-0455 / 469) 785-9021 / 512) 323-9822 / 972) 668-4653 / 972) 488-9117 / 972) 416-5658 / 713) 984-0508 / 214) 587-5143 / 713) 691-0715,https://maps.google.com/maps?f=d&source=s_d&saddr=&daddr=9486+Long+Point+Road%2C+Houston%2C+TX+77055&z=16&iwloc=A&z=auto
코끼리만두,"9486 Long Point Road, Houston, TX 77055",713) 461-1857,https://maps.google.com/maps?f=d&source=s_d&saddr=&daddr=9486+Long+Point+Road%2C+Houston%2C+TX+77055&z=16&iwloc=A&z=auto
한미 통역번역 서비스,"2625 Old Denton Rd. #438, Carrollton, TX 75007",214) 299-0455,https://maps.google.com/maps?f=d&source=s_d&saddr=&daddr=2625+Old+Denton+Rd.+%23438%2C+Carrollton%2C+TX+75007&z=16&iwloc=A&z=auto
에벤에셀 기도원,"260 Van Zandt County Rd. #1717, Grand Saline, TX 75140",469) 785-9021,https://maps.google.com/maps?f=d&source=s_d&saddr=&daddr=260+Van+Zandt+County+Rd.+%231717%2C+Grand+Saline%2C+TX+75140&z=16&iwloc=A&z=auto
어스틴 가라오케,"6808 N. Lamar Boulevard, Austin, TX 78757",512) 323-9822,https://maps.google.com/maps?f=d&source=s_d&saddr=&daddr=6808+N.+Lamar+Boulevard%2C+Austin%2C+TX+78757&z=16&iwloc=A&z=auto
The Trails of Frisco,"10411 Teel Parkway, Frisco, TX 75034",972) 668-4653,http://www.thetrailsoffriscogc.com
Smart Merchant Solutions,"2240 Royal Ln. #213, Dallas, TX 75229",972) 488-9117,https://maps.google.com/maps?f=d&source=s_d&saddr=&daddr=2240+Royal+Ln.+%23213%2C+Dallas%2C+TX+75229&z=16&iwloc=A&z=auto
핑핑 한의원,"2840 Keller Spring Rd #1201, Carrollton, TX 75006",972) 416-5658,https://maps.google.com/maps?f=d&source=s_d&saddr=&daddr=2840+Keller+Spring+Rd+%231201%2C+Carrollton%2C+TX+75006&z=16&iwloc=A&z=auto
김스 한의원,"10001-L Long Point Rd., Houston, TX 77055",713) 984-0508,https://maps.google.com/maps?f=d&source=s_d&saddr=&daddr=10001-L+Long+Point+Rd.%2C+Houston%2C+TX+77055&z=16&iwloc=A&z=auto
Danny 냉동*에어컨,"2540 Glenda Ln. #124, Dallas, TX 75229",214) 587-5143,https://maps.google.com/maps?f=d&source=s_d&saddr=&daddr=2540+Glenda+Ln.+%23124%2C+Dallas%2C+TX+75229&z=16&iwloc=A&z=auto
이용덕 소아과,"150 W. Parker Rd. #205, Houston, TX 77076",713) 691-0715,https://maps.google.com/maps?f=d&source=s_d&saddr=&daddr=150+W.+Parker+Rd.+%23205%2C+Houston%2C+TX+77076&z=16&iwloc=A&z=auto
업소록,"11900 Wickchester Lane, Houston, TX 77043",281) 531-6402 / 972) 790-5055 / 512) 472-3161 / 469) 867-4478 / 469) 626-8919 / 972-242-5556 / 214) 998-8640 / 972) 693-8577 / 972-242-2241 / 254) 698-1855,https://maps.google.com/maps?f=d&source=s_d&saddr=&daddr=11900+Wickchester+Lane%2C+Houston%2C+TX+77043&z=16&iwloc=A&z=auto
이글할로우,"11900 Wickchester Lane, Houston, TX 77043",281) 531-6402 / 972) 790-5055 / 512) 472-3161 / 469) 867-4478 / 469) 626-8919 / 972-242-5556 / 214) 998-8640 / 972) 693-8577 / 972-242-2241 / 254) 698-1855,https://maps.google.com/maps?f=d&source=s_d&saddr=&daddr=11900+Wickchester+Lane%2C+Houston%2C+TX+77043&z=16&iwloc=A&z=auto
이글할로우,"11900 Wickchester Lane, Houston, TX 77043",281) 531-6402,https://maps.google.com/maps?f=d&source=s_d&saddr=&daddr=11900+Wickchester+Lane%2C+Houston%2C+TX+77043&z=16&iwloc=A&z=auto
어린이 치과,"2204 W. Shady Grove Road, Irving, TX 75060",972) 790-5055,https://maps.google.com/maps?f=d&source=s_d&saddr=&daddr=2204+W.+Shady+Grove+Road%2C+Irving%2C+TX+75060&z=16&iwloc=A&z=auto
김연웅 가정의학 병원,"3200 Red River St. #210, Austin, TX 78705",512) 472-3161,https://maps.google.com/maps?f=d&source=s_d&saddr=&daddr=3200+Red+River+St.+%23210%2C+Austin%2C+TX+78705&z=16&iwloc=A&z=auto
Greg Construction,"1404 Melody Lane, Carrollton, TX 75006",469) 867-4478,https://maps.google.com/maps?f=d&source=s_d&saddr=&daddr=1404+Melody+Lane%2C+Carrollton%2C+TX+75006&z=16&iwloc=A&z=auto
[email protected],국제인증 필라테스 자격증 교육센타(Pilates Foundation of Texas),469) 626-8919,https://maps.google.com/maps?f=d&source=s_d&saddr=&daddr=5151+Headquarters+Dr.+Suite+180%2C+Plano+TX+75024&z=16&iwloc=A&z=auto
[email protected],"5151 Headquarters Dr. Suite 180, Plano TX 75024",469) 626-8919,https://maps.google.com/maps?f=d&source=s_d&saddr=&daddr=5151+Headquarters+Dr.+Suite+180%2C+Plano+TX+75024&z=16&iwloc=A&z=auto
유진호 골프 스튜디오,"2625 Old Denton Rd. #404, Carrollton, TX 75007",972-242-5556,http://www.yoogolfstudio.com
Light Story,"1901 Royal Ln. #100, Dallas, TX 75234",214) 998-8640,https://maps.google.com/maps?f=d&source=s_d&saddr=&daddr=1901+Royal+Ln.+%23100%2C+Dallas%2C+TX+75234&z=16&iwloc=A&z=auto
그루터기 교회,,972) 693-8577,https://www.holyseedchurch.org
로렌 권 변호사,"2701 Old Denton Rd. #280, Carrollton, TX 75007",972-242-2241,https://maps.google.com/maps?f=d&source=s_d&saddr=&daddr=2701+Old+Denton+Rd.+%23280%2C+Carrollton%2C+TX+75007&z=16&iwloc=A&z=auto
[email protected],"2701 Old Denton Rd. #280, Carrollton, TX 75007",972-242-2241,https://maps.google.com/maps?f=d&source=s_d&saddr=&daddr=2701+Old+Denton+Rd.+%23280%2C+Carrollton%2C+TX+75007&z=16&iwloc=A&z=auto
임마누엘 기도원,"514 Big Valley Lane, Belton, TX 76513",254) 698-1855,https://maps.google.com/maps?f=d&source=s_d&saddr=&daddr=514+Big+Valley+Lane%2C+Belton%2C+TX+76513&z=16&iwloc=A&z=auto
업소록,"9660 Hillcroft #230, Houston, TX 77096",800) 883-8044 / 713) 302-5647 / 512) 551-2737 / 214) 265-8808 / 972) 241-6862 / 972) 805-2788 / 940) 279-5012 / 972) 488-0955 / 972) 809-3728 / 214) 725-6456 / 214) 351-6636,https://maps.google.com/maps?f=d&source=s_d&saddr=&daddr=9660+Hillcroft+%23230%2C+Houston%2C+TX+77096&z=16&iwloc=A&z=auto
시어스 패스트 Prevention,"9660 Hillcroft #230, Houston, TX 77096",800) 883-8044 / 713) 302-5647 / 512) 551-2737 / 214) 265-8808 / 972) 241-6862 / 972) 805-2788 / 940) 279-5012 / 972) 488-0955 / 972) 809-3728 / 214) 725-6456 / 214) 351-6636,https://maps.google.com/maps?f=d&source=s_d&saddr=&daddr=9660+Hillcroft+%23230%2C+Houston%2C+TX+77096&z=16&iwloc=A&z=auto
시어스 패스트 Prevention,,800) 883-8044,
이승기 현대종합보험,"9660 Hillcroft #230, Houston, TX 77096",713) 302-5647,https://maps.google.com/maps?f=d&source=s_d&saddr=&daddr=9660+Hillcroft+%23230%2C+Houston%2C+TX+77096&z=16&iwloc=A&z=auto
삼성 이사 화물,"9813 Spanish Wells Drive, Austin, TX 78717",512) 551-2737,https://maps.google.com/maps?f=d&source=s_d&saddr=&daddr=9813+Spanish+Wells+Drive%2C+Austin%2C+TX+78717&z=16&iwloc=A&z=auto
Jumbo Super Buffet,"8139 Park Lane, Dallas, TX 75231",214) 265-8808,https://maps.google.com/maps?f=d&source=s_d&saddr=&daddr=8139+Park+Lane%2C+Dallas%2C+TX+75231&z=16&iwloc=A&z=auto
아시안 시민권자 협의회,,972) 241-6862,
Pinnacle Dental,"6313 Preston Rd. #100, Plano, TX 75024",972) 805-2788,http://www.pinnacledds.com
[email protected],"6313 Preston Rd. #100, Plano, TX 75024",972) 805-2788,http://www.pinnacledds.com
프라임 케어 (Primecare Chiropractic & Physical Therapy),"8668 John Hickman Pkwy Ste 302, Frisco, TX 75034",940) 279-5012,https://maps.google.com/maps?f=d&source=s_d&saddr=&daddr=8668+John+Hickman+Pkwy+Ste+302%2C+Frisco%2C+TX+75034&z=16&iwloc=A&z=auto
(주) 한미 (왕식품),"2533 Royal Ln. #510, Dallas, TX 75229",972) 488-0955,https://maps.google.com/maps?f=d&source=s_d&saddr=&daddr=2533+Royal+Ln.+%23510%2C+Dallas%2C+TX+75229&z=16&iwloc=A&z=auto
참 조은 부동산,,972) 809-3728,
[email protected],,972) 809-3728,
Collora Piano,"1451 Wicliff Ave., Dallas, TX 75207",214) 725-6456 / 214) 351-6636,https://www.collorapiano.com
[email protected],"1451 Wicliff Ave., Dallas, TX 75207",214) 725-6456 / 214) 351-6636,https://www.collorapiano.com
업소록,"4450 Alpha Road, Farmers Branch, TX 75244",972-726-8888 / 214) 352-2651 / 713) 824-4223 / 972) 241-9998 / 972) 488-9694 / 972) 446-0555 / 214) 778-2748 / 469) 662-7811 / 972) 484-2850 / 972) 998-5824 / 469.713.3343,http://www.fabricanddecor.com
Fabric & Decor,"4450 Alpha Road, Farmers Branch, TX 75244",972-726-8888 / 214) 352-2651 / 713) 824-4223 / 972) 241-9998 / 972) 488-9694 / 972) 446-0555 / 214) 778-2748 / 469) 662-7811 / 972) 484-2850 / 972) 998-5824 / 469.713.3343,http://www.fabricanddecor.com
Fabric & Decor,"4450 Alpha Road, Farmers Branch, TX 75244",972-726-8888,http://www.fabricanddecor.com
Mon -Sat: 10am - 6pm,"4450 Alpha Road, Farmers Branch, TX 75244",972-726-8888,http://www.fabricanddecor.com
컨티넨탈 리커 (Continental Liquor),"10840 Harry Hines Boulevard, Dallas, TX 75220",214) 352-2651,https://maps.google.com/maps?f=d&source=s_d&saddr=&daddr=10840+Harry+Hines+Boulevard%2C+Dallas%2C+TX+75220&z=16&iwloc=A&z=auto
황호준 합동법률사무소,"9999 Bellaire Blvd. #360, Houston, TX 77036",713) 824-4223,https://maps.google.com/maps?f=d&source=s_d&saddr=&daddr=9999+Bellaire+Blvd.+%23360%2C+Houston%2C+TX+77036&z=16&iwloc=A&z=auto
Montana West Inc.,"2965 Congressman Lane, Dallas, TX 75220",972) 241-9998,http://www.montanawestusa.com
Encore Apparel Inc,"2527 Royal Ln. #105, Dallas, TX 75229",972) 488-9694,https://maps.google.com/maps?f=d&source=s_d&saddr=&daddr=2527+Royal+Ln.+%23105%2C+Dallas%2C+TX+75229&z=16&iwloc=A&z=auto
프리마디바 스킨클리닉 (Prima Diva Skincare),"2625 Old Denton Rd. #450, Carrollton, TX 75007",972) 446-0555,https://www.primadivaskincare.com
[email protected],"2625 Old Denton Rd. #450, Carrollton, TX 75007",972) 446-0555,https://www.primadivaskincare.com
비 엠 더블유 BMW (Classic BMW of Plano),"6800 Dallas Parkway Plano, TX 75024",214) 778-2748 / 469) 662-7811,https://www.classicbmw.com
[email protected],"6800 Dallas Parkway Plano, TX 75024",214) 778-2748 / 469) 662-7811,https://www.classicbmw.com
Impression Kids,"11818 Harry Hines Blvd. #224, Dallas, TX 75234",972) 484-2850,https://maps.google.com/maps?f=d&source=s_d&saddr=&daddr=11818+Harry+Hines+Blvd.+%23224%2C+Dallas%2C+TX+75234&z=16&iwloc=A&z=auto
JDX Blinds & Curtains (Plano H-Mart),"3320 K. Ave, Plano, TX 75074",972) 998-5824,http://www.jdxblind.com
OTA Healthmate 헬스 메이트,"2405 S. Stemmons Fwy, Lewisville, TX 75067",469.713.3343,https://maps.google.com/maps?f=d&source=s_d&saddr=&daddr=2405+S.+Stemmons+Fwy%2C+Lewisville%2C+TX+75067&z=16&iwloc=A&z=auto
업소록,"13465 Inwood Rd. #100, Dallas, TX 75244",972) 620-3474 / 832) 620-5326 / 214) 909-5199 / 214) 718-7749 / 214) 770-8070 / 713) 541-9500 / 972) 849-2323 / 469) 417-8087 / 713) 988-5500 / 469) 774-1688 / 972) 771-0301,http://www.hibashi.com
Hibashi (TeppanGrill Sush&Bar),"13465 Inwood Rd. #100, Dallas, TX 75244",972) 620-3474 / 832) 620-5326 / 214) 909-5199 / 214) 718-7749 / 214) 770-8070 / 713) 541-9500 / 972) 849-2323 / 469) 417-8087 / 713) 988-5500 / 469) 774-1688 / 972) 771-0301,http://www.hibashi.com
Hibashi (TeppanGrill Sush&Bar),"13465 Inwood Rd. #100, Dallas, TX 75244",972) 620-3474,http://www.hibashi.com
굿데이 에어컨,"9411 Hudson Bend, Houston, TX 77095",832) 620-5326,https://maps.google.com/maps?f=d&source=s_d&saddr=&daddr=9411+Hudson+Bend%2C+Houston%2C+TX+77095&z=16&iwloc=A&z=auto
비너스 (Venus Med Spa),"702 S. Denton Tap Rd. #130, Coppell, TX 75019",214) 909-5199,https://maps.google.com/maps?f=d&source=s_d&saddr=&daddr=702+S.+Denton+Tap+Rd.+%23130%2C+Coppell%2C+TX+75019&z=16&iwloc=A&z=auto
퍼시픽 에어컨,"613 Johnson Drive, Coppell, TX 75019",214) 718-7749,https://maps.google.com/maps?f=d&source=s_d&saddr=&daddr=613+Johnson+Drive%2C+Coppell%2C+TX+75019&z=16&iwloc=A&z=auto
SUNFINITY,"3010 LBJ Fwy, #100 Dallas TX 75234",214) 770-8070,https://www.sunfinity.com
[email protected],"3010 LBJ Fwy, #100 Dallas TX 75234",214) 770-8070,https://www.sunfinity.com
양경희융자,"7001 Corporate Dr. #101, Houston, TX 77036",713) 541-9500,https://maps.google.com/maps?f=d&source=s_d&saddr=&daddr=7001+Corporate+Dr.+%23101%2C+Houston%2C+TX+77036&z=16&iwloc=A&z=auto
일오삼 감사패 (Laser & Sandcarving Co.),"1705 Elizabeth Dr. Carrollton, TX 75007",972) 849-2323 / 469) 417-8087,https://maps.google.com/maps?f=d&source=s_d&saddr=&daddr=1705+Elizabeth+Dr.+Carrollton%2C+TX+75007&z=16&iwloc=A&z=auto
[email protected],"1705 Elizabeth Dr. Carrollton, TX 75007",972) 849-2323 / 469) 417-8087,https://maps.google.com/maps?f=d&source=s_d&saddr=&daddr=1705+Elizabeth+Dr.+Carrollton%2C+TX+75007&z=16&iwloc=A&z=auto
온타임 무빙,"16802 Barker Springs #650, Houston, TX 77084",713) 988-5500,https://maps.google.com/maps?f=d&source=s_d&saddr=&daddr=16802+Barker+Springs+%23650%2C+Houston%2C+TX+77084&z=16&iwloc=A&z=auto
Chiese Medicine Wellness Center of America,"4105 W. Spirng Creek Pkwy. #608, Plano, TX 75024",469) 774-1688,http://cmo2.co.nf
[email protected],"4105 W. Spirng Creek Pkwy. #608, Plano, TX 75024",469) 774-1688,http://cmo2.co.nf
Rockwall Golf & Athletic Club,"2600 Champions Dr, Rockwall, TX 75087",972) 771-0301,https://maps.google.com/maps?f=d&source=s_d&saddr=&daddr=2600+Champions+Dr%2C+Rockwall%2C+TX+75087&z=16&iwloc=A&z=auto
rgactx.com,"2600 Champions Dr, Rockwall, TX 75087",972) 771-0301,https://maps.google.com/maps?f=d&source=s_d&saddr=&daddr=2600+Champions+Dr%2C+Rockwall%2C+TX+75087&z=16&iwloc=A&z=auto
업소록,"4490 Alpha Rd #100, Farmers Branch, TX 75244",972) 661-3290 / 972) 446-1500 / 254) 432-1140 / 281) 398-8885 / 713) 782-8336 / 972) 571-6325 / 972) 422-8178 / 408) 722-0414 / 630) 632-7116 / 254) 698-4110,http://allamericanflooring.net
"All American Flooring, Inc (Farmers Branch)","4490 Alpha Rd #100, Farmers Branch, TX 75244",972) 661-3290 / 972) 446-1500 / 254) 432-1140 / 281) 398-8885 / 713) 782-8336 / 972) 571-6325 / 972) 422-8178 / 408) 722-0414 / 630) 632-7116 / 254) 698-4110,http://allamericanflooring.net
"All American Flooring, Inc (Farmers Branch)","4490 Alpha Rd #100, Farmers Branch, TX 75244",972) 661-3290,http://allamericanflooring.net
이용각 CPA (YoungGak Lee CPA),"2625 N. Josey Ln. #340, Carrollton, TX 75007",972) 446-1500,https://maps.google.com/maps?f=d&source=s_d&saddr=&daddr=2625+N.+Josey+Ln.+%23340%2C+Carrollton%2C+TX+75007&z=16&iwloc=A&z=auto
[email protected],"2625 N. Josey Ln. #340, Carrollton, TX 75007",972) 446-1500,https://maps.google.com/maps?f=d&source=s_d&saddr=&daddr=2625+N.+Josey+Ln.+%23340%2C+Carrollton%2C+TX+75007&z=16&iwloc=A&z=auto
센텍스 선샤인 부동산,"4002 Watercrest Dr. #200, Killeen, TX 76549",254) 432-1140,https://maps.google.com/maps?f=d&source=s_d&saddr=&daddr=4002+Watercrest+Dr.+%23200%2C+Killeen%2C+TX+76549&z=16&iwloc=A&z=auto
Atami 스시,"549 S. Mason Road, Katy, TX 77450",281) 398-8885,https://maps.google.com/maps?f=d&source=s_d&saddr=&daddr=549+S.+Mason+Road%2C+Katy%2C+TX+77450&z=16&iwloc=A&z=auto
프린트 킹,"2616 Biarhurst Drive, Houston, TX 77057",713) 782-8336,https://maps.google.com/maps?f=d&source=s_d&saddr=&daddr=2616+Biarhurst+Drive%2C+Houston%2C+TX+77057&z=16&iwloc=A&z=auto
성악그룹 지도,,972) 571-6325,
글로벌 선교교회,"2700 N. Dallas Parkway, Plano, TX 75093",972) 422-8178,https://maps.google.com/maps?f=d&source=s_d&saddr=&daddr=2700+N.+Dallas+Parkway%2C+Plano%2C+TX+75093&z=16&iwloc=A&z=auto
Appliances4less,"3218 E Belt Line Rd. 534, Farmers Branch TX 75234",408) 722-0414,https://maps.google.com/maps?f=d&source=s_d&saddr=&daddr=3218+E+Belt+Line+Rd.+534%2C+Farmers+Branch+TX+75234&z=16&iwloc=A&z=auto
DFW 제칠일안식일 예수 재림교회,"1000 W. Pipeline Road, Hurst, TX 76053",630) 632-7116,http://www.dfwksda.com/index.php?amp;mid=s31&l=en&mid=index
성 정하상 바오로 천주교회,"1000 E. FM 2410, Harker Heights, TX 76548",254) 698-4110,https://maps.google.com/maps?f=d&source=s_d&saddr=&daddr=1000+E.+FM+2410%2C+Harker+Heights%2C+TX+76548&z=16&iwloc=A&z=auto
업소록,"6000 SE 15th St., Midwest City, OK 73110",405) 732-1506 / 469) 877-8771 / 972.245.9191 / 214.874.5186 / 713) 932-1010 / 713) 385-2160 / 214) 584-7076 / 713) 365-0555 / 832) 877-0988 / 817) 703-4322 / 501) 945-4087,https://maps.google.com/maps?f=d&source=s_d&saddr=&daddr=6000+SE+15th+St.%2C+Midwest+City%2C+OK+73110&z=16&iwloc=A&z=auto
코마트 식품점,"6000 SE 15th St., Midwest City, OK 73110",405) 732-1506 / 469) 877-8771 / 972.245.9191 / 214.874.5186 / 713) 932-1010 / 713) 385-2160 / 214) 584-7076 / 713) 365-0555 / 832) 877-0988 / 817) 703-4322 / 501) 945-4087,https://maps.google.com/maps?f=d&source=s_d&saddr=&daddr=6000+SE+15th+St.%2C+Midwest+City%2C+OK+73110&z=16&iwloc=A&z=auto
코마트 식품점,"6000 SE 15th St., Midwest City, OK 73110",405) 732-1506,https://maps.google.com/maps?f=d&source=s_d&saddr=&daddr=6000+SE+15th+St.%2C+Midwest+City%2C+OK+73110&z=16&iwloc=A&z=auto
피카소 일렌트릭,,469) 877-8771,
성시 교회,"1444 Halsey Way, Carrollton, TX 75007",972.245.9191 / 214.874.5186,https://maps.google.com/maps?f=d&source=s_d&saddr=&daddr=1444+Halsey+Way%2C+Carrollton%2C+TX+75007&z=16&iwloc=A&z=auto
이용환 내과,"8591 Long Point Rd. #R, Houston, TX 77055",713) 932-1010,https://maps.google.com/maps?f=d&source=s_d&saddr=&daddr=8591+Long+Point+Rd.+%23R%2C+Houston%2C+TX+77055&z=16&iwloc=A&z=auto
윤성은 (잔윤) 부동산,"10001 Long Point Road, Houston, TX 77055",713) 385-2160,https://maps.google.com/maps?f=d&source=s_d&saddr=&daddr=10001+Long+Point+Road%2C+Houston%2C+TX+77055&z=16&iwloc=A&z=auto
론스타 유학,"2428 Via Bonita, Carrollton, TX 75006",214) 584-7076,https://www.lonestaryuhak.com
조성호 방어운전 (CHO'S DEFENSIVE SCHOOL),"1240 Blalock Rd. #115, Houston, TX 77055",713) 365-0555,https://maps.google.com/maps?f=d&source=s_d&saddr=&daddr=1240+Blalock+Rd.+%23115%2C+Houston%2C+TX+77055&z=16&iwloc=A&z=auto
OMC 종합보험,,832) 877-0988,
세계비전교회,"4008 S. Greenview Drive, Irving, TX 75062",817) 703-4322,https://maps.google.com/maps?f=d&source=s_d&saddr=&daddr=4008+S.+Greenview+Drive%2C+Irving%2C+TX+75062&z=16&iwloc=A&z=auto
위그스 뷰티플러스,"4134 E. McCain Boulevard, North Little Rock, AR 72117",501) 945-4087,https://maps.google.com/maps?f=d&source=s_d&saddr=&daddr=4134+E.+McCain+Boulevard%2C+North+Little+Rock%2C+AR+72117&z=16&iwloc=A&z=auto
업소록,"7016 Twin Ponds Dr., Plano, TX 75074",254.466.7801 / 972.897.3760 / 214) 646-2545 / 469-818-7710 / 214) 353-5033 / 469) 939-7877 / 737-232-0582 / 972) 943-5923 / 972) 867-6666 / 972) 488-8468 / 713) 932-1234 / 469.464.2296 / 214.681.9688 / 214.278.4359,https://maps.google.com/maps?f=d&source=s_d&saddr=&daddr=7016+Twin+Ponds+Dr.%2C+Plano%2C+TX+75074&z=16&iwloc=A&z=auto
코크란 변호사,"7016 Twin Ponds Dr., Plano, TX 75074",254.466.7801 / 972.897.3760 / 214) 646-2545 / 469-818-7710 / 214) 353-5033 / 469) 939-7877 / 737-232-0582 / 972) 943-5923 / 972) 867-6666 / 972) 488-8468 / 713) 932-1234 / 469.464.2296 / 214.681.9688 / 214.278.4359,https://maps.google.com/maps?f=d&source=s_d&saddr=&daddr=7016+Twin+Ponds+Dr.%2C+Plano%2C+TX+75074&z=16&iwloc=A&z=auto
코크란 변호사,"7016 Twin Ponds Dr., Plano, TX 75074",254.466.7801 / 972.897.3760,https://maps.google.com/maps?f=d&source=s_d&saddr=&daddr=7016+Twin+Ponds+Dr.%2C+Plano%2C+TX+75074&z=16&iwloc=A&z=auto
[email protected],"7016 Twin Ponds Dr., Plano, TX 75074",254.466.7801 / 972.897.3760,https://maps.google.com/maps?f=d&source=s_d&saddr=&daddr=7016+Twin+Ponds+Dr.%2C+Plano%2C+TX+75074&z=16&iwloc=A&z=auto
심현근 변호사,"2670 Lake Vista Dr., Suite 205, Lewisville, Texas 75067",214) 646-2545,http://www.spblawfirm.com
GOXO (고엑스오),2700 old denton Td #106 Carrollton TX 75007,469-818-7710,https://maps.google.com/maps?f=d&source=s_d&saddr=&daddr=2700+old+denton+Td+%23106+Carrollton+TX+75007&z=16&iwloc=A&z=auto
비 엠 더블유 BMW (BMW of Dallas),"6200 Lemmon Ave., Dallas, TX 75209",214) 353-5033 / 469) 939-7877,https://www.bmwofdallas.com
"(Mon-Fri) 9:00am ~ 8:00pm, (Sat) 9:00am ~ 6:00pm","6200 Lemmon Ave., Dallas, TX 75209",214) 353-5033 / 469) 939-7877,https://www.bmwofdallas.com
일월 마스크 (KOTex),,737-232-0582,https://www.95maskmall.com
Cosmetic World (Plano 2),"3320 K. Ave #312, Plano, TX 75074",972) 943-5923,https://maps.google.com/maps?f=d&source=s_d&saddr=&daddr=3320+K.+Ave+%23312%2C+Plano%2C+TX+75074&z=16&iwloc=A&z=auto
Glen Eagles Country Club,"5401 West Park Blvd., Plano, TX 75093",972) 867-6666,https://maps.google.com/maps?f=d&source=s_d&saddr=&daddr=5401+West+Park+Blvd.%2C+Plano%2C+TX+75093&z=16&iwloc=A&z=auto
clubcorp.com,"5401 West Park Blvd., Plano, TX 75093",972) 867-6666,https://maps.google.com/maps?f=d&source=s_d&saddr=&daddr=5401+West+Park+Blvd.%2C+Plano%2C+TX+75093&z=16&iwloc=A&z=auto
에이스 틴팅 & 글래스,"2341 Royal Lane, Dallas, TX 75229",972) 488-8468,https://maps.google.com/maps?f=d&source=s_d&saddr=&daddr=2341+Royal+Lane%2C+Dallas%2C+TX+75229&z=16&iwloc=A&z=auto
Gold & Silver,"9774 Katy Frwy. #350, Houston, TX 77055",713) 932-1234,https://maps.google.com/maps?f=d&source=s_d&saddr=&daddr=9774+Katy+Frwy.+%23350%2C+Houston%2C+TX+77055&z=16&iwloc=A&z=auto
코너스톤 홈 헬스 서비스,"2201 Midway Rd, Ste.112, Carrollton, TX 75006",469.464.2296 / 214.681.9688 / 214.278.4359,https://maps.google.com/maps?f=d&source=s_d&saddr=&daddr=2201+Midway+Rd%2C+Ste.112%2C+Carrollton%2C+TX+75006&z=16&iwloc=A&z=auto
[email protected],"2201 Midway Rd, Ste.112, Carrollton, TX 75006",469.464.2296 / 214.681.9688 / 214.278.4359,https://maps.google.com/maps?f=d&source=s_d&saddr=&daddr=2201+Midway+Rd%2C+Ste.112%2C+Carrollton%2C+TX+75006&z=16&iwloc=A&z=auto
업소록,"435 W. George Bush Hwy. #200, Richardson, TX 75080",972) 699-7778 / 972) 406-2800 / 469-994-1919 / 361) 857-5425 / 214) 631-2222 / 281) 378-1600 / 972) 488-2583 / 972) 869-0551 / 972-809-3728 / 469) 803-9277 / 972) 820-6118,http://www.premier-dentistry.com
Premier Dental,"435 W. George Bush Hwy. #200, Richardson, TX 75080",972) 699-7778 / 972) 406-2800 / 469-994-1919 / 361) 857-5425 / 214) 631-2222 / 281) 378-1600 / 972) 488-2583 / 972) 869-0551 / 972-809-3728 / 469) 803-9277 / 972) 820-6118,http://www.premier-dentistry.com
[email protected],"435 W. George Bush Hwy. #200, Richardson, TX 75080",972) 699-7778,http://www.premier-dentistry.com
코리안저널,"2828 Forest Ln. #2325, Dallas, TX 75234",972) 406-2800,https://www.dallaskj.com
Sun Shine Salon,2501 N Josey Ln. Carrollton TX 75006 #117,469-994-1919,https://maps.google.com/maps?f=d&source=s_d&saddr=&daddr=2501+N+Josey+Ln.+Carrollton+TX+75006+%23117&z=16&iwloc=A&z=auto
킥스 태권도,"4730 Schanen Boulevard, Corpus Christi, TX 78413",361) 857-5425,https://maps.google.com/maps?f=d&source=s_d&saddr=&daddr=4730+Schanen+Boulevard%2C+Corpus+Christi%2C+TX+78413&z=16&iwloc=A&z=auto
Renaissance Hotel,"2222 N. Stemmons Freeway, Dallas, TX 75207",214) 631-2222,https://www.marriott.com/dalbr
삼성 반도체,"20445 SH 249 #190, Houston, TX 77070",281) 378-1600,https://maps.google.com/maps?f=d&source=s_d&saddr=&daddr=20445+SH+249+%23190%2C+Houston%2C+TX+77070&z=16&iwloc=A&z=auto
Hitec LED,"1894 Royal Ln. #107, Dallas, TX 75229",972) 488-2583 / 972) 869-0551,https://maps.google.com/maps?f=d&source=s_d&saddr=&daddr=1894+Royal+Ln.+%23107%2C+Dallas%2C+TX+75229&z=16&iwloc=A&z=auto
(Mon-Fri) 9:00am ~ 6:00pm,"1894 Royal Ln. #107, Dallas, TX 75229",972) 488-2583 / 972) 869-0551,https://maps.google.com/maps?f=d&source=s_d&saddr=&daddr=1894+Royal+Ln.+%23107%2C+Dallas%2C+TX+75229&z=16&iwloc=A&z=auto
Prime Maintenance & Painting,"3316 Robin Road, Plano, TX 75075",972-809-3728,https://maps.google.com/maps?f=d&source=s_d&saddr=&daddr=3316+Robin+Road%2C+Plano%2C+TX+75075&z=16&iwloc=A&z=auto
Hong's Fire Inspection,"15650 Wrangler Drive, Frisco, TX 75035",469) 803-9277,https://maps.google.com/maps?f=d&source=s_d&saddr=&daddr=15650+Wrangler+Drive%2C+Frisco%2C+TX+75035&z=16&iwloc=A&z=auto
업소록,"11055 Harry Hines Blvd. #A, Dallas, TX 75229",469) 855-0158 / 972) 243-4009 / 972) 406-0499 / 832) 483-7979 / 972) 242-3111 / 972) 401-0008 / 972) 233-6871 / 512) 238-1300 / 713) 457-3333 / 214) 803-8281,https://maps.google.com/maps?f=d&source=s_d&saddr=&daddr=11055+Harry+Hines+Blvd.+%23A%2C+Dallas%2C+TX+75229&z=16&iwloc=A&z=auto
"피아노, 바이올린 레슨","11055 Harry Hines Blvd. #A, Dallas, TX 75229",469) 855-0158 / 972) 243-4009 / 972) 406-0499 / 832) 483-7979 / 972) 242-3111 / 972) 401-0008 / 972) 233-6871 / 512) 238-1300 / 713) 457-3333 / 214) 803-8281,https://maps.google.com/maps?f=d&source=s_d&saddr=&daddr=11055+Harry+Hines+Blvd.+%23A%2C+Dallas%2C+TX+75229&z=16&iwloc=A&z=auto
"피아노, 바이올린 레슨",,469) 855-0158,
달라스 오토 바디,"11055 Harry Hines Blvd. #A, Dallas, TX 75229",972) 243-4009,https://maps.google.com/maps?f=d&source=s_d&saddr=&daddr=11055+Harry+Hines+Blvd.+%23A%2C+Dallas%2C+TX+75229&z=16&iwloc=A&z=auto
김정숙 Sun 부동산,"7200 N. Stemmons Fwy. #1110, Dallas, TX 75247",972) 406-0499,https://maps.google.com/maps?f=d&source=s_d&saddr=&daddr=7200+N.+Stemmons+Fwy.+%231110%2C+Dallas%2C+TX+75247&z=16&iwloc=A&z=auto
목요 수채화반,"1414 Longhorn Drive, Houston, TX 77080",832) 483-7979,https://maps.google.com/maps?f=d&source=s_d&saddr=&daddr=1414+Longhorn+Drive%2C+Houston%2C+TX+77080&z=16&iwloc=A&z=auto
장충동 왕 족발 (Jang Choong Dong),"2625 Old Denton Rd. #342, Carrollton, TX 75007",972) 242-3111,https://maps.google.com/maps?f=d&source=s_d&saddr=&daddr=2625+Old+Denton+Rd.+%23342%2C+Carrollton%2C+TX+75007&z=16&iwloc=A&z=auto
EYECARE 20/20,"7750 N. MacArthur Blvd. #180, Irving, TX 75063",972) 401-0008,https://maps.google.com/maps?f=d&source=s_d&saddr=&daddr=7750+N.+MacArthur+Blvd.+%23180%2C+Irving%2C+TX+75063&z=16&iwloc=A&z=auto
Freed's Furniture - Dallas,"4355 Lyndon B Johnson Fwy, Dallas, TX 75244",972) 233-6871,https://maps.google.com/maps?f=d&source=s_d&saddr=&daddr=4355+Lyndon+B+Johnson+Fwy%2C+Dallas%2C+TX+75244&z=16&iwloc=A&z=auto
freeds.net,"4355 Lyndon B Johnson Fwy, Dallas, TX 75244",972) 233-6871,https://maps.google.com/maps?f=d&source=s_d&saddr=&daddr=4355+Lyndon+B+Johnson+Fwy%2C+Dallas%2C+TX+75244&z=16&iwloc=A&z=auto
PH 자동차정비소,"1212 Round Rock Avenue, Round Rock, TX 78681",512) 238-1300,https://maps.google.com/maps?f=d&source=s_d&saddr=&daddr=1212+Round+Rock+Avenue%2C+Round+Rock%2C+TX+78681&z=16&iwloc=A&z=auto
Ho Phan Ha DDS (치아교정),"9127 Katy Freeway #200, Houston, TX 77024",713) 457-3333,https://maps.google.com/maps?f=d&source=s_d&saddr=&daddr=9127+Katy+Freeway+%23200%2C+Houston%2C+TX+77024&z=16&iwloc=A&z=auto
이지렌트카 (Easy Rent a Car),"11054 Shady Trail Suite 301, Dallas, TX 75229",214) 803-8281,https://maps.google.com/maps?f=d&source=s_d&saddr=&daddr=11054+Shady+Trail+Suite+301%2C+Dallas%2C+TX+75229&z=16&iwloc=A&z=auto
[email protected],"11054 Shady Trail Suite 301, Dallas, TX 75229",214) 803-8281,https://maps.google.com/maps?f=d&source=s_d&saddr=&daddr=11054+Shady+Trail+Suite+301%2C+Dallas%2C+TX+75229&z=16&iwloc=A&z=auto
업소록,"10250 Hammerly Blvd., Houston, TX 77043",713) 365-0300 / 972) 446-7733 / 512.453.6393 / 682.404.2004 / 512.545.2664 / 972) 243-9444 / 281) 872-1115 / 210) 378-9807 / 214.676.2287 / 214.334.2885 / 972) 620-1927 / 972) 590-3141 / 972) 395-7586 / 972) 395-7131 / 214) 909-7630,https://maps.google.com/maps?f=d&source=s_d&saddr=&daddr=10250+Hammerly+Blvd.%2C+Houston%2C+TX+77043&z=16&iwloc=A&z=auto
Tri Star,"10250 Hammerly Blvd., Houston, TX 77043",713) 365-0300 / 972) 446-7733 / 512.453.6393 / 682.404.2004 / 512.545.2664 / 972) 243-9444 / 281) 872-1115 / 210) 378-9807 / 214.676.2287 / 214.334.2885 / 972) 620-1927 / 972) 590-3141 / 972) 395-7586 / 972) 395-7131 / 214) 909-7630,https://maps.google.com/maps?f=d&source=s_d&saddr=&daddr=10250+Hammerly+Blvd.%2C+Houston%2C+TX+77043&z=16&iwloc=A&z=auto
Tri Star,"10250 Hammerly Blvd., Houston, TX 77043",713) 365-0300,https://maps.google.com/maps?f=d&source=s_d&saddr=&daddr=10250+Hammerly+Blvd.%2C+Houston%2C+TX+77043&z=16&iwloc=A&z=auto
토탈 치과 (Total Dental Care),"1017 E. Trinity Mills Rd. #102, Carrollton, TX 75006",972) 446-7733,https://totaldentalcaretx.wixsite.com/total-dental-care
[email protected],"1017 E. Trinity Mills Rd. #102, Carrollton, TX 75006",972) 446-7733,https://totaldentalcaretx.wixsite.com/total-dental-care
신한 연방 세무사 Tax & Business Services,"6901 N. Lamar Blvd. Suite 104, Austin, TX 78752",512.453.6393 / 682.404.2004 / 512.545.2664,https://maps.google.com/maps?f=d&source=s_d&saddr=&daddr=6901+N.+Lamar+Blvd.+Suite+104%2C+Austin%2C+TX+78752&z=16&iwloc=A&z=auto
플라자 헤어살롱,"2560 Royal Ln. #116, Dallas, TX 75229",972) 243-9444,https://maps.google.com/maps?f=d&source=s_d&saddr=&daddr=2560+Royal+Ln.+%23116%2C+Dallas%2C+TX+75229&z=16&iwloc=A&z=auto
아시아나가든,"379 Greens Road, Houston, TX 77060",281) 872-1115,https://maps.google.com/maps?f=d&source=s_d&saddr=&daddr=379+Greens+Road%2C+Houston%2C+TX+77060&z=16&iwloc=A&z=auto
순복음 사랑의 교회,"7150 Stahl Road, San Antonio, TX 78247",210) 378-9807,http://fgsarang.onmam.com
텍사스 한국 어머니회,"1017 Erie St., Carrollton, TX 75006 (제자침례교회)",214.676.2287 / 214.334.2885,https://maps.google.com/maps?f=d&source=s_d&saddr=&daddr=1017+Erie+St.%2C+Carrollton%2C+TX+75006+%28%EC%A0%9C%EC%9E%90%EC%B9%A8%EB%A1%80%EA%B5%90%ED%9A%8C%29&z=16&iwloc=A&z=auto
한미은행 달라스 (Hanmi Bank),"2592 Royal Lane Dallas, TX 75229",972) 620-1927 / 972) 590-3141,https://www.hanmi.com
"(Mon-Fri) 9:00am ~ 5:00pm, (Sat) 9:00am ~ 12:00pm","2592 Royal Lane Dallas, TX 75229",972) 620-1927 / 972) 590-3141,https://www.hanmi.com
이종화 수술안과,"1948 E. Hebron Pkwy. #200, Carrollton, TX 75007",972) 395-7586 / 972) 395-7131,http://www.dallaseyeclinic.com
"(Mon,Wed,Thu) 8:30am ~ 5:00pm, (Tue) 8:00am ~ 5:00pm, (Fri) 8:00am ~ 12:30pm","1948 E. Hebron Pkwy. #200, Carrollton, TX 75007",972) 395-7586 / 972) 395-7131,http://www.dallaseyeclinic.com
작은자교회,"11412 Newkirk Street, Dallas, TX 75229",214) 909-7630,https://maps.google.com/maps?f=d&source=s_d&saddr=&daddr=11412+Newkirk+Street%2C+Dallas%2C+TX+75229&z=16&iwloc=A&z=auto
업소록,"1415 Murray Bay, Houston, TX 77080",713) 463-8870 / 214-250-1234 / 972) 439-4765 / 972) 323-4927 / 281) 897-9144 / 9274 1960 / 972) 488-8028 / 713) 984-2255 / 281) 859-9888 / 281) 299-8375 / 405) 799-6314,https://maps.google.com/maps?f=d&source=s_d&saddr=&daddr=1415+Murray+Bay%2C+Houston%2C+TX+77080&z=16&iwloc=A&z=auto
함흥면옥,"1415 Murray Bay, Houston, TX 77080",713) 463-8870 / 214-250-1234 / 972) 439-4765 / 972) 323-4927 / 281) 897-9144 / 9274 1960 / 972) 488-8028 / 713) 984-2255 / 281) 859-9888 / 281) 299-8375 / 405) 799-6314,https://maps.google.com/maps?f=d&source=s_d&saddr=&daddr=1415+Murray+Bay%2C+Houston%2C+TX+77080&z=16&iwloc=A&z=auto
함흥면옥,"1415 Murray Bay, Houston, TX 77080",713) 463-8870,https://maps.google.com/maps?f=d&source=s_d&saddr=&daddr=1415+Murray+Bay%2C+Houston%2C+TX+77080&z=16&iwloc=A&z=auto
K Star (케이스타) 건축,"11500 N Stemmons Fwy, Dallas, TX 75229",214-250-1234,https://maps.google.com/maps?f=d&source=s_d&saddr=&daddr=11500+N+Stemmons+Fwy%2C+Dallas%2C+TX+75229&z=16&iwloc=A&z=auto
은혜로운 한의원 (맥키니),"175 Ridge Rd. Suite 300 McKinney, TX 75070",972) 439-4765,http://www.gracefulacupuncture.com
에덴 란제리,"2625 Old Denton Rd. #230, Carrollton, TX 75007",972) 323-4927,https://maps.google.com/maps?f=d&source=s_d&saddr=&daddr=2625+Old+Denton+Rd.+%23230%2C+Carrollton%2C+TX+75007&z=16&iwloc=A&z=auto
스마트 TV·VCR 수리,"9274 1960 Road, W. Houston, TX 77070",281) 897-9144 / 9274 1960,https://maps.google.com/maps?f=d&source=s_d&saddr=&daddr=9274+1960+Road%2C+W.+Houston%2C+TX+77070&z=16&iwloc=A&z=auto
Promise Total Services,"1878 Royal Ln #300, Dallas, TX 75229",972) 488-8028,https://www.promisesvc.com
[email protected],"1878 Royal Ln #300, Dallas, TX 75229",972) 488-8028,https://www.promisesvc.com
유 한의원,"1035 Blalock Rd., Houston, TX 77055",713) 984-2255,https://maps.google.com/maps?f=d&source=s_d&saddr=&daddr=1035+Blalock+Rd.%2C+Houston%2C+TX+77055&z=16&iwloc=A&z=auto
jditems.com,"JD Item TX, Inc.",281) 859-9888,https://maps.google.com/maps?f=d&source=s_d&saddr=&daddr=4055+Hwy+6+N.+%23105%2C+Houston%2C+TX+77084&z=16&iwloc=A&z=auto
jditems.com,"4055 Hwy 6 N. #105, Houston, TX 77084",281) 859-9888,https://maps.google.com/maps?f=d&source=s_d&saddr=&daddr=4055+Hwy+6+N.+%23105%2C+Houston%2C+TX+77084&z=16&iwloc=A&z=auto
현대 상선,"15634 Jacintoport Blvd #100, Houston, TX 77015",281) 299-8375,https://maps.google.com/maps?f=d&source=s_d&saddr=&daddr=15634+Jacintoport+Blvd+%23100%2C+Houston%2C+TX+77015&z=16&iwloc=A&z=auto
오클라호마 체육회,,405) 799-6314,
업소록,"6 Lake Drive, Round Rock, TX 78605",512) 670-1413 / 972) 807-2085 / 972) 885-9393 / 469) 420-9400 / 917) 496-3739 / 972) 247-4282 / 469) 569-2585 / 214) 293-2056 / 972) 242-4042 / 713) 329-9242 / 214) 871-5065,https://maps.google.com/maps?f=d&source=s_d&saddr=&daddr=6+Lake+Drive%2C+Round+Rock%2C+TX+78605&z=16&iwloc=A&z=auto
임마누엘 어스틴교회,"6 Lake Drive, Round Rock, TX 78605",512) 670-1413 / 972) 807-2085 / 972) 885-9393 / 469) 420-9400 / 917) 496-3739 / 972) 247-4282 / 469) 569-2585 / 214) 293-2056 / 972) 242-4042 / 713) 329-9242 / 214) 871-5065,https://maps.google.com/maps?f=d&source=s_d&saddr=&daddr=6+Lake+Drive%2C+Round+Rock%2C+TX+78605&z=16&iwloc=A&z=auto
임마누엘 어스틴교회,"6 Lake Drive, Round Rock, TX 78605",512) 670-1413,https://maps.google.com/maps?f=d&source=s_d&saddr=&daddr=6+Lake+Drive%2C+Round+Rock%2C+TX+78605&z=16&iwloc=A&z=auto
Country 종합정비,"11425 Denton Drvie, Dallas, TX 75229",972) 807-2085,https://maps.google.com/maps?f=d&source=s_d&saddr=&daddr=11425+Denton+Drvie%2C+Dallas%2C+TX+75229&z=16&iwloc=A&z=auto
Eye Level (ENopi 학원) 알렌,"1314 W. McDermott Dr #150, Allen, TX 75013",972) 885-9393,https://www.myeyelevel.com
[email protected],"1314 W. McDermott Dr #150, Allen, TX 75013",972) 885-9393,https://www.myeyelevel.com
오픈뱅크 (Open Bank),"11494 Luna Rd. #101, Dallas, TX 75234",469) 420-9400,https://www.myopenbank.com
(Mon–Fri) 9:00am ~ 5:00pm,"11494 Luna Rd. #101, Dallas, TX 75234",469) 420-9400,https://www.myopenbank.com
영락 한글학교,"850 Lexington Dr. Plano,Tx 75075",917) 496-3739,https://www.dallasyoung.org
선한목자장로교회,"13001 Veronica Road, Farmers Branch, TX 75234",972) 247-4282,https://maps.google.com/maps?f=d&source=s_d&saddr=&daddr=13001+Veronica+Road%2C+Farmers+Branch%2C+TX+75234&z=16&iwloc=A&z=auto
인성 내츄럴,"2534 Royal Ln. #203, Dallas, TX 75229",469) 569-2585 / 214) 293-2056,https://maps.google.com/maps?f=d&source=s_d&saddr=&daddr=2534+Royal+Ln.+%23203%2C+Dallas%2C+TX+75229&z=16&iwloc=A&z=auto
Sue (구두),"2625 Old Denton Rd. #226, Carrollton, TX 75007",972) 242-4042,https://maps.google.com/maps?f=d&source=s_d&saddr=&daddr=2625+Old+Denton+Rd.+%23226%2C+Carrollton%2C+TX+75007&z=16&iwloc=A&z=auto
Pho 사이공,"2553-A Gessner Road, Houston, TX 77080",713) 329-9242,https://maps.google.com/maps?f=d&source=s_d&saddr=&daddr=2553-A+Gessner+Road%2C+Houston%2C+TX+77080&z=16&iwloc=A&z=auto
Dallas Area Agency of Aging,,214) 871-5065,
업소록,"818 Tangle Ridge Drive, Grand Prairie, TX 75052",972) 299-6837 / 718) 578-3911 / 404) 587-1504 / 512) 465-2754 / 972) 243-1133 / 972) 484-8969 / 972) 810-0345 / 713) 973-6060 / 972) 459-7731 / 214) 566-9082 / 833) 830-9599 / 469) 878-0691,http://www.tangleridge.com
Tangle Ridge,"818 Tangle Ridge Drive, Grand Prairie, TX 75052",972) 299-6837 / 718) 578-3911 / 404) 587-1504 / 512) 465-2754 / 972) 243-1133 / 972) 484-8969 / 972) 810-0345 / 713) 973-6060 / 972) 459-7731 / 214) 566-9082 / 833) 830-9599 / 469) 878-0691,http://www.tangleridge.com
Tangle Ridge,"818 Tangle Ridge Drive, Grand Prairie, TX 75052",972) 299-6837,http://www.tangleridge.com
대호모피,"2240 Royal Ln. Dallas, TX 75229",718) 578-3911 / 404) 587-1504,https://maps.google.com/maps?f=d&source=s_d&saddr=&daddr=2240+Royal+Ln.+Dallas%2C+TX+75229&z=16&iwloc=A&z=auto
미소한국식당,"2400 S. Interstate 35 #150, Round Rock, TX 78681",512) 465-2754,https://maps.google.com/maps?f=d&source=s_d&saddr=&daddr=2400+S.+Interstate+35+%23150%2C+Round+Rock%2C+TX+78681&z=16&iwloc=A&z=auto
전병찬 변호사,"3010 LBJ Fwy #1570, Dallas, TX 75234",972) 243-1133,https://maps.google.com/maps?f=d&source=s_d&saddr=&daddr=3010+LBJ+Fwy+%231570%2C+Dallas%2C+TX+75234&z=16&iwloc=A&z=auto
H&K 가구 (H&K Furniture Mart),"11055 Harry Hines Blvd. #B, Dallas, TX 75229",972) 484-8969,https://maps.google.com/maps?f=d&source=s_d&saddr=&daddr=11055+Harry+Hines+Blvd.+%23B%2C+Dallas%2C+TX+75229&z=16&iwloc=A&z=auto
찌짐 (Zzizim Korean Pancake),"2625 Old Denton Rd ste 586, Carrollton, TX 75007",972) 810-0345,https://maps.google.com/maps?f=d&source=s_d&saddr=&daddr=2625+Old+Denton+Rd+ste+586%2C+Carrollton%2C+TX+75007&z=16&iwloc=A&z=auto
아쿠아퓨라 USA,"10011 Long Point Road, Houston, TX 77055",713) 973-6060,https://maps.google.com/maps?f=d&source=s_d&saddr=&daddr=10011+Long+Point+Road%2C+Houston%2C+TX+77055&z=16&iwloc=A&z=auto
헤어포커스 (Hair Focus),"533 State Hwy 121 Byp. #B4, Lewisville, TX 75067",972) 459-7731,https://maps.google.com/maps?f=d&source=s_d&saddr=&daddr=533+State+Hwy+121+Byp.+%23B4%2C+Lewisville%2C+TX+75067&z=16&iwloc=A&z=auto
아이비 뉴트리드랍스(NUTRI DROPS),"1908 Royal Ln Ste 600, Dallas, TX 75229",214) 566-9082 / 833) 830-9599,https://www.ivnutridrops.com
(Mon-Fri) 9am ~ 5pm,"1908 Royal Ln Ste 600, Dallas, TX 75229",214) 566-9082 / 833) 830-9599,https://www.ivnutridrops.com
다사랑 교회,"2633 Royal Lane #202, Dallas, TX 75229",469) 878-0691,http://www.lovingall.org
업소록,"145 Ridgegate Drive, Garland, TX 75040",972) 863-0680 / 713.992.2064 / 713.732.6868 / 972) 365-5547 / 512) 554-4820 / 713) 789-6323 / 214) 280-4405 / 972) 258-0250 / 972) 247-4600 / 972) 242-0919 / 972.940.4766,http://www.amcdfwair.com
북텍사스 한인 간호사협회,"145 Ridgegate Drive, Garland, TX 75040",972) 863-0680 / 713.992.2064 / 713.732.6868 / 972) 365-5547 / 512) 554-4820 / 713) 789-6323 / 214) 280-4405 / 972) 258-0250 / 972) 247-4600 / 972) 242-0919 / 972.940.4766,http://www.amcdfwair.com
북텍사스 한인 간호사협회,,972) 863-0680,
굿핸디맨 (어스틴),,713.992.2064 / 713.732.6868,
[email protected],,713.992.2064 / 713.732.6868,
Allson Mechanical LLC,"145 Ridgegate Drive, Garland, TX 75040",972) 365-5547,http://www.amcdfwair.com
어스틴 한인펠로우쉽교회,,512) 554-4820,
패션 플라자,"7501 Harwin Dr. #E 105, Houston, TX 77036",713) 789-6323,https://maps.google.com/maps?f=d&source=s_d&saddr=&daddr=7501+Harwin+Dr.+%23E+105%2C+Houston%2C+TX+77036&z=16&iwloc=A&z=auto
로얄건강백화점,"2245 Royal Ln. #103, Dallas, TX 75229",214) 280-4405,http://www.royalhealthdept.com
[email protected],"2245 Royal Ln. #103, Dallas, TX 75229",214) 280-4405,http://www.royalhealthdept.com
Hanasho,"2938 N. Beltline Road, Irving, TX 75062",972) 258-0250,http://www.hanashojapaneserestaurant.com
심현근 CPA,"3010 Lyndon B. Johnson Fwy. #130, Dallas, TX 75234",972) 247-4600,https://maps.google.com/maps?f=d&source=s_d&saddr=&daddr=3010+Lyndon+B.+Johnson+Fwy.+%23130%2C+Dallas%2C+TX+75234&z=16&iwloc=A&z=auto
Snow City,"2540 Old Denton Rd., Suite #130, Carrollton, TX 75006",972) 242-0919,https://maps.google.com/maps?f=d&source=s_d&saddr=&daddr=2540+Old+Denton+Rd.%2C+Suite+%23130%2C+Carrollton%2C+TX+75006&z=16&iwloc=A&z=auto
Oh K-Dog & Egg Toast (시온마켓 지점),"2405 S. Stemmons Fwy, Lewisville, TX 75067 (시온마켓 푸드코트)",972.940.4766,https://maps.google.com/maps?f=d&source=s_d&saddr=&daddr=2405+S.+Stemmons+Fwy%2C+Lewisville%2C+TX+75067+%28%EC%8B%9C%EC%98%A8%EB%A7%88%EC%BC%93+%ED%91%B8%EB%93%9C%EC%BD%94%ED%8A%B8%29&z=16&iwloc=A&z=auto
업소록,"6529 W. Plano Pkwy. #C, Plano, TX 75093",972) 608-5249 / 214) 488-8255 / 713) 206-8233 / 214) 320-8989 / 972) 438-4300 / 682.320.3019 / 972) 462-7010 / 469) 231-6114 / 214) 451-7700 / 214) 731-1166 / 254) 628-9088,https://maps.google.com/maps?f=d&source=s_d&saddr=&daddr=6529+W.+Plano+Pkwy.+%23C%2C+Plano%2C+TX+75093&z=16&iwloc=A&z=auto
구몬학원 이정순 교수 (KUMON),"6529 W. Plano Pkwy. #C, Plano, TX 75093",972) 608-5249 / 214) 488-8255 / 713) 206-8233 / 214) 320-8989 / 972) 438-4300 / 682.320.3019 / 972) 462-7010 / 469) 231-6114 / 214) 451-7700 / 214) 731-1166 / 254) 628-9088,https://maps.google.com/maps?f=d&source=s_d&saddr=&daddr=6529+W.+Plano+Pkwy.+%23C%2C+Plano%2C+TX+75093&z=16&iwloc=A&z=auto
구몬학원 이정순 교수 (KUMON),"6529 W. Plano Pkwy. #C, Plano, TX 75093",972) 608-5249,https://maps.google.com/maps?f=d&source=s_d&saddr=&daddr=6529+W.+Plano+Pkwy.+%23C%2C+Plano%2C+TX+75093&z=16&iwloc=A&z=auto
아멘 애드 (Amen Ad),"517 Creek Court, Lewisville, TX 75067",214) 488-8255,http://www.amenad.com
[email protected],"517 Creek Court, Lewisville, TX 75067",214) 488-8255,http://www.amenad.com
리스 건축,,713) 206-8233,
WOW Furniture,"10410 Garland Rd, Dallas, TX 75218",214) 320-8989,https://maps.google.com/maps?f=d&source=s_d&saddr=&daddr=10410+Garland+Rd%2C+Dallas%2C+TX+75218&z=16&iwloc=A&z=auto
wowfurnituremart.com,"10410 Garland Rd, Dallas, TX 75218",214) 320-8989,https://maps.google.com/maps?f=d&source=s_d&saddr=&daddr=10410+Garland+Rd%2C+Dallas%2C+TX+75218&z=16&iwloc=A&z=auto
니산 NISSAN (Bankston Nissan of Irving),"1500 E. Airport Freeway, Irving, TX 75062",972) 438-4300,http://www.irvingnissan.com
(Mon-Sat) 9:00am ~ 9:00pm,"1500 E. Airport Freeway, Irving, TX 75062",972) 438-4300,http://www.irvingnissan.com
포토 센스(Photo Sense) / 시온마켓,"2405 S. Stemmons Fwy, Lewisville, TX 75067",682.320.3019,https://maps.google.com/maps?f=d&source=s_d&saddr=&daddr=2405+S.+Stemmons+Fwy%2C+Lewisville%2C+TX+75067&z=16&iwloc=A&z=auto
기독교 이민봉사센터 (Siloam Christian Center),"517 East Sandy Lake Road, Coppell, TX 75019",972) 462-7010 / 469) 231-6114,https://maps.google.com/maps?f=d&source=s_d&saddr=&daddr=517+East+Sandy+Lake+Road%2C+Coppell%2C+TX+75019&z=16&iwloc=A&z=auto
[email protected],"517 East Sandy Lake Road, Coppell, TX 75019",972) 462-7010 / 469) 231-6114,https://maps.google.com/maps?f=d&source=s_d&saddr=&daddr=517+East+Sandy+Lake+Road%2C+Coppell%2C+TX+75019&z=16&iwloc=A&z=auto
뉴스킨 화장품 (Ms. 김),"1100 Trinity Mills #4017, Carrollton, TX 75006",214) 451-7700,https://maps.google.com/maps?f=d&source=s_d&saddr=&daddr=1100+Trinity+Mills+%234017%2C+Carrollton%2C+TX+75006&z=16&iwloc=A&z=auto
메디칼 클리닉,,214) 731-1166,
웨어 하우스 퍼니처 (Warehouse Furniture),"1104 E Veterans Memorial Blvd, Killeen, TX 76541",254) 628-9088,https://maps.google.com/maps?f=d&source=s_d&saddr=&daddr=1104+E+Veterans+Memorial+Blvd%2C+Killeen%2C+TX+76541&z=16&iwloc=A&z=auto
업소록,"19500 State Highway 249 #260, Houston, TX 77070",281) 955-5840 / 281) 259-6333 / 972) 551-9499 / 469) 569-5051 / 214) 663-9541 / 972) 855-0677 / 214) 522-2700 / 512) 420-8773 / 281) 579-1561 / 972) 951-1277 / 817) 261-5585,https://maps.google.com/maps?f=d&source=s_d&saddr=&daddr=19500+State+Highway+249+%23260%2C+Houston%2C+TX+77070&z=16&iwloc=A&z=auto
LG Philips LCD,"19500 State Highway 249 #260, Houston, TX 77070",281) 955-5840 / 281) 259-6333 / 972) 551-9499 / 469) 569-5051 / 214) 663-9541 / 972) 855-0677 / 214) 522-2700 / 512) 420-8773 / 281) 579-1561 / 972) 951-1277 / 817) 261-5585,https://maps.google.com/maps?f=d&source=s_d&saddr=&daddr=19500+State+Highway+249+%23260%2C+Houston%2C+TX+77070&z=16&iwloc=A&z=auto
LG Philips LCD,"19500 State Highway 249 #260, Houston, TX 77070",281) 955-5840,https://maps.google.com/maps?f=d&source=s_d&saddr=&daddr=19500+State+Highway+249+%23260%2C+Houston%2C+TX+77070&z=16&iwloc=A&z=auto
국술원 (맥놀리아2),"32215 Tamina Road, Magnolia, TX 77354",281) 259-6333,https://maps.google.com/maps?f=d&source=s_d&saddr=&daddr=32215+Tamina+Road%2C+Magnolia%2C+TX+77354&z=16&iwloc=A&z=auto
FixTronics,"1908 E. Beltline Road, Carrollton, TX 75006",972) 551-9499,https://maps.google.com/maps?f=d&source=s_d&saddr=&daddr=1908+E.+Beltline+Road%2C+Carrollton%2C+TX+75006&z=16&iwloc=A&z=auto
Herbalife (허벌라이프),,469) 569-5051 / 214) 663-9541,
[email protected],,469) 569-5051 / 214) 663-9541,
DFW Satellite (새미 리),,972) 855-0677,
김보람 내과 (Rachel Park),"4101 Lomo Alto Drive, Dallas, TX 75219",214) 522-2700,https://methodistfamilycare.com/location/methodist-family-health-center-highland-park/
"(Mon) 9:00am ~ 6:00pm, (Tue-Fri) 7:00am ~ 4:00pm","4101 Lomo Alto Drive, Dallas, TX 75219",214) 522-2700,https://methodistfamilycare.com/location/methodist-family-health-center-highland-park/
김스헤어살롱,"8417-B Hathaway Drive, Austin, TX 78757",512) 420-8773,https://maps.google.com/maps?f=d&source=s_d&saddr=&daddr=8417-B+Hathaway+Drive%2C+Austin%2C+TX+78757&z=16&iwloc=A&z=auto
서진한의원,"20701 Kingsland Blvd., #111, Katy, TX 77450",281) 579-1561,https://maps.google.com/maps?f=d&source=s_d&saddr=&daddr=20701+Kingsland+Blvd.%2C+%23111%2C+Katy%2C+TX+77450&z=16&iwloc=A&z=auto
Texpo Energy,,972) 951-1277,http://www.texpoenergy.com
아메리칸 제일은행 (Arlington),"2200 New York Avenue, Arlington, TX 76010",817) 261-5585,https://afnb.com
"(Mon-Thu) 9:00am ~ 5:00pm, (Fri) 9:00am ~ 5:30pm, (Sat) 9:00am ~ 1:00pm","2200 New York Avenue, Arlington, TX 76010",817) 261-5585,https://afnb.com
업소록,Green Energy Texas Tech Inc,972) 243-2752 / 214) 564-8207 / 972) 485-7203 / 972) 247-1788 / 972) 726-8888 / 214) 350-2583 / 469.647.1397 / 972) 517-8889 / 713) 464-9300 / 214) 577-1028 / 512) 796-5264 / 972) 484-0114 / 855) 826-4636,https://maps.google.com/maps?f=d&source=s_d&saddr=&daddr=11441+N+Stemmons+Fwy+%23119%2C+Dallas%2C+TX+75229&z=16&iwloc=A&z=auto
gettled.com,Green Energy Texas Tech Inc,972) 243-2752 / 214) 564-8207 / 972) 485-7203 / 972) 247-1788 / 972) 726-8888 / 214) 350-2583 / 469.647.1397 / 972) 517-8889 / 713) 464-9300 / 214) 577-1028 / 512) 796-5264 / 972) 484-0114 / 855) 826-4636,https://maps.google.com/maps?f=d&source=s_d&saddr=&daddr=11441+N+Stemmons+Fwy+%23119%2C+Dallas%2C+TX+75229&z=16&iwloc=A&z=auto
gettled.com,Green Energy Texas Tech Inc,972) 243-2752 / 214) 564-8207,https://maps.google.com/maps?f=d&source=s_d&saddr=&daddr=11441+N+Stemmons+Fwy+%23119%2C+Dallas%2C+TX+75229&z=16&iwloc=A&z=auto
gettled.com,"11441 N Stemmons Fwy #119, Dallas, TX 75229",972) 243-2752 / 214) 564-8207,https://maps.google.com/maps?f=d&source=s_d&saddr=&daddr=11441+N+Stemmons+Fwy+%23119%2C+Dallas%2C+TX+75229&z=16&iwloc=A&z=auto
한미은행 갈랜드 (Hanmi Bank),"4555 W. Walnut Street, Garland, TX 75042",972) 485-7203,https://www.hanmi.com
"(Mon-Fri) 9:00am ~ 5:00pm, (Sat) 9:00am ~ 12:00pm","4555 W. Walnut Street, Garland, TX 75042",972) 485-7203,https://www.hanmi.com
노아뱅크 (Noa Bank),"11445 Emerald St. #111, Dallas, TX 75229",972) 247-1788,http://www.noabank.com/ko/홈/
[email protected],"11445 Emerald St. #111, Dallas, TX 75229",972) 247-1788,http://www.noabank.com/ko/홈/
Best Fabric,"10850 Harry Hines Blvd, Dallas, TX 75220",972) 726-8888 / 214) 350-2583,http://www.ibestfabric.com
[email protected],"10850 Harry Hines Blvd, Dallas, TX 75220",972) 726-8888 / 214) 350-2583,http://www.ibestfabric.com
북미주 기독실업인회 (KCBMC),,469.647.1397,https://www.kcbmc.net
소공동 순두부 플레이노 (Plano Sokongdong Tofu),"240 Legacy Dr. #308H, Plano, TX 75023",972) 517-8889,https://maps.google.com/maps?f=d&source=s_d&saddr=&daddr=240+Legacy+Dr.+%23308H%2C+Plano%2C+TX+75023&z=16&iwloc=A&z=auto
아모레 화장품,"1400 Blalock #H, Houston, TX 77055",713) 464-9300,https://maps.google.com/maps?f=d&source=s_d&saddr=&daddr=1400+Blalock+%23H%2C+Houston%2C+TX+77055&z=16&iwloc=A&z=auto
레가시 크레딧 리페어 & 융자,"1000 E Beltline Rd. Carrollton, TX 75006",214) 577-1028,https://maps.google.com/maps?f=d&source=s_d&saddr=&daddr=1000+E+Beltline+Rd.+Carrollton%2C+TX+75006&z=16&iwloc=A&z=auto
[email protected],"1000 E Beltline Rd. Carrollton, TX 75006",214) 577-1028,https://maps.google.com/maps?f=d&source=s_d&saddr=&daddr=1000+E+Beltline+Rd.+Carrollton%2C+TX+75006&z=16&iwloc=A&z=auto
강태원 부동산,"100 Anderson Lane, Austin, TX 78752",512) 796-5264,https://maps.google.com/maps?f=d&source=s_d&saddr=&daddr=100+Anderson+Lane%2C+Austin%2C+TX+78752&z=16&iwloc=A&z=auto
TBOplay (구 앤티비),"2000 Royal Ln. #200, Dallas, TX 75229",972) 484-0114 / 855) 826-4636,https://maps.google.com/maps?f=d&source=s_d&saddr=&daddr=2000+Royal+Ln.+%23200%2C+Dallas%2C+TX+75229&z=16&iwloc=A&z=auto
업소록,"12704 Godfirey Drive, Frisco, TX 75035",214) 505-3911 / 305) 469-7525 / 972) 373-4705 / 210) 932-2092 / 210) 561-9823 / 832) 620-3754 / 512-202-8316 / 210) 653-2270 / 512) 454-0911 / 972) 940-0179 / 214) 618-9715 / 972) 415-2243,https://maps.google.com/maps?f=d&source=s_d&saddr=&daddr=12704+Godfirey+Drive%2C+Frisco%2C+TX+75035&z=16&iwloc=A&z=auto
제이석 부동산,"12704 Godfirey Drive, Frisco, TX 75035",214) 505-3911 / 305) 469-7525 / 972) 373-4705 / 210) 932-2092 / 210) 561-9823 / 832) 620-3754 / 512-202-8316 / 210) 653-2270 / 512) 454-0911 / 972) 940-0179 / 214) 618-9715 / 972) 415-2243,https://maps.google.com/maps?f=d&source=s_d&saddr=&daddr=12704+Godfirey+Drive%2C+Frisco%2C+TX+75035&z=16&iwloc=A&z=auto
제이석 부동산,"12704 Godfirey Drive, Frisco, TX 75035",214) 505-3911,https://maps.google.com/maps?f=d&source=s_d&saddr=&daddr=12704+Godfirey+Drive%2C+Frisco%2C+TX+75035&z=16&iwloc=A&z=auto
아가포토 스튜디오,"1249 Blalock #203, Houston, TX 77055",305) 469-7525,https://www.agaphoto.net
[email protected],"1249 Blalock #203, Houston, TX 77055",305) 469-7525,https://www.agaphoto.net
Sound Depot Car Audio & Tint,"17423 Preston Rd, Dallas, TX 75252",972) 373-4705,https://maps.google.com/maps?f=d&source=s_d&saddr=&daddr=17423+Preston+Rd%2C+Dallas%2C+TX+75252&z=16&iwloc=A&z=auto
정현주 안과,"1936 SW Military Dr. #A, San Antonio, TX 78221",210) 932-2092 / 210) 561-9823,https://maps.google.com/maps?f=d&source=s_d&saddr=&daddr=1936+SW+Military+Dr.+%23A%2C+San+Antonio%2C+TX+78221&z=16&iwloc=A&z=auto
한강 룸 가라오케*바,"9501 Long Point Road #K, Houston, TX 77055",832) 620-3754,https://maps.google.com/maps?f=d&source=s_d&saddr=&daddr=9501+Long+Point+Road+%23K%2C+Houston%2C+TX+77055&z=16&iwloc=A&z=auto
김병대 부동산,"13497 N. Hwy 183, Suite 700 Austin, TX 78750",512-202-8316,https://maps.google.com/maps?f=d&source=s_d&saddr=&daddr=13497+N.+Hwy+183%2C+Suite+700+Austin%2C+TX+78750&z=16&iwloc=A&z=auto
온누리교회,"1250 Holbrook Road, San Antonio, TX 78218",210) 653-2270,https://www.onnurisa.com
[email protected],"1250 Holbrook Road, San Antonio, TX 78218",210) 653-2270,https://www.onnurisa.com
하이튠즈 노래방,"911 W. Anderson Ln. #117, Austin, TX 78757",512) 454-0911,https://maps.google.com/maps?f=d&source=s_d&saddr=&daddr=911+W.+Anderson+Ln.+%23117%2C+Austin%2C+TX+78757&z=16&iwloc=A&z=auto
쿨라임 (COOL LIME),,972) 940-0179,
[email protected],,972) 940-0179,
Dr. Wang 내과 클리닉,"3010 Legacy Dr. #210, Frisco, TX 75034",214) 618-9715 / 972) 415-2243,https://www.primarycarefrisco.com
[email protected],"3010 Legacy Dr. #210, Frisco, TX 75034",214) 618-9715 / 972) 415-2243,https://www.primarycarefrisco.com
업소록,Texas Institute of Technology,972) 241-8999 / 469 396 2460 / 214) 421-0055 / 469) 289-7676 / 214) 971-5927 / 214) 778-9278 / 817) 715-9680 / 214) 578-9059 / 713) 977-6682 / 972) 998-0337 / 972) 897-9830,https://maps.google.com/maps?f=d&source=s_d&saddr=&daddr=2974+LBJ+Fwy.+%23300%2C+Dallas%2C+TX+75234&z=16&iwloc=A&z=auto
웨슬리 한글학교,Texas Institute of Technology,972) 241-8999 / 469 396 2460 / 214) 421-0055 / 469) 289-7676 / 214) 971-5927 / 214) 778-9278 / 817) 715-9680 / 214) 578-9059 / 713) 977-6682 / 972) 998-0337 / 972) 897-9830,https://maps.google.com/maps?f=d&source=s_d&saddr=&daddr=2974+LBJ+Fwy.+%23300%2C+Dallas%2C+TX+75234&z=16&iwloc=A&z=auto
웨슬리 한글학교,"2436 marsh Ln. Carrollton,Tx 75006",469 396 2460,https://www.wkumc.org
D&R 시큐리티 (D&R Security and Investigation),"2000 Royal Ln. #205, Dallas, TX 75229",214) 421-0055,http://www.dandrsecurity.com
[email protected],"2000 Royal Ln. #205, Dallas, TX 75229",214) 421-0055,http://www.dandrsecurity.com
준홈케어,,469) 289-7676,
세움빌더 (Sewoom),"1878 Royal Ln. Ste 240 Dallas, TX 75229",214) 971-5927 / 214) 778-9278,https://maps.google.com/maps?f=d&source=s_d&saddr=&daddr=1878+Royal+Ln.+Ste+240+Dallas%2C+TX+75229&z=16&iwloc=A&z=auto
달라스 한빛교회,"5608 Northaven Road, Dallas, TX 75230",817) 715-9680,https://maps.google.com/maps?f=d&source=s_d&saddr=&daddr=5608+Northaven+Road%2C+Dallas%2C+TX+75230&z=16&iwloc=A&z=auto
Nationwide (Ben Lee),"2411 Virginia Parkway #1, Mckinney, TX 75071",214) 578-9059,https://maps.google.com/maps?f=d&source=s_d&saddr=&daddr=2411+Virginia+Parkway+%231%2C+Mckinney%2C+TX+75071&z=16&iwloc=A&z=auto
TanTan (Westheimer),"8066 Westheimer Road, Houston, TX 77063",713) 977-6682,https://www.tantanrestaurant.com
한국 건축,"677 Cowboy Pkwy. #2135, Irving, TX 75063",972) 998-0337,https://maps.google.com/maps?f=d&source=s_d&saddr=&daddr=677+Cowboy+Pkwy.+%232135%2C+Irving%2C+TX+75063&z=16&iwloc=A&z=auto
달라스 우리민족서로돕기운동,"8515 Greenville Ave. #N 218, Dallas, TX 75243",972) 897-9830,https://www.kasmdallas.org
[email protected],"8515 Greenville Ave. #N 218, Dallas, TX 75243",972) 897-9830,https://www.kasmdallas.org
업소록,"11494 Luna Rd. #275, Dallas, TX 75234",972) 590-3535 / 832) 877-1322 / 214) 766-4993 / 713) 979-3308 / 713) 830-1019 / 469) 583-3441 / 832) 265-8720 / 832) 755-2785 / 469) 939-2133 / 214) 228-8665 / 979) 422-2361,https://maps.google.com/maps?f=d&source=s_d&saddr=&daddr=11494+Luna+Rd.+%23275%2C+Dallas%2C+TX+75234&z=16&iwloc=A&z=auto
RELIANT TITLE,"11494 Luna Rd. #275, Dallas, TX 75234",972) 590-3535 / 832) 877-1322 / 214) 766-4993 / 713) 979-3308 / 713) 830-1019 / 469) 583-3441 / 832) 265-8720 / 832) 755-2785 / 469) 939-2133 / 214) 228-8665 / 979) 422-2361,https://maps.google.com/maps?f=d&source=s_d&saddr=&daddr=11494+Luna+Rd.+%23275%2C+Dallas%2C+TX+75234&z=16&iwloc=A&z=auto
RELIANT TITLE,"11494 Luna Rd. #275, Dallas, TX 75234",972) 590-3535,https://maps.google.com/maps?f=d&source=s_d&saddr=&daddr=11494+Luna+Rd.+%23275%2C+Dallas%2C+TX+75234&z=16&iwloc=A&z=auto
안진숙 부동산,"9930 Long Point Road, Houston, TX 77055",832) 877-1322,https://maps.google.com/maps?f=d&source=s_d&saddr=&daddr=9930+Long+Point+Road%2C+Houston%2C+TX+77055&z=16&iwloc=A&z=auto
YH 건축,"2526 Mana Rd. #110, Dallas, TX 75220",214) 766-4993,https://maps.google.com/maps?f=d&source=s_d&saddr=&daddr=2526+Mana+Rd.+%23110%2C+Dallas%2C+TX+75220&z=16&iwloc=A&z=auto
"타라 에너지 (Tara Energy, LLC)","5251 Westimer Rd. #1000, Houston, TX 77056",713) 979-3308 / 713) 830-1019,https://maps.google.com/maps?f=d&source=s_d&saddr=&daddr=5251+Westimer+Rd.+%231000%2C+Houston%2C+TX+77056&z=16&iwloc=A&z=auto
taraenergy.com,"5251 Westimer Rd. #1000, Houston, TX 77056",713) 979-3308 / 713) 830-1019,https://maps.google.com/maps?f=d&source=s_d&saddr=&daddr=5251+Westimer+Rd.+%231000%2C+Houston%2C+TX+77056&z=16&iwloc=A&z=auto
새날 침례교회,"2121 Bayhill Drive, Plano TX 75023",469) 583-3441,https://www.saenal.org
휴스턴 미용재료상협회,,832) 265-8720,
포인트 당구장,"10001 Long Point Road, Houston, TX 77055",832) 755-2785,https://maps.google.com/maps?f=d&source=s_d&saddr=&daddr=10001+Long+Point+Road%2C+Houston%2C+TX+77055&z=16&iwloc=A&z=auto
조이 (Joy) 냉동,"559 Poplar Ln., Irving, TX 75063",469) 939-2133,https://maps.google.com/maps?f=d&source=s_d&saddr=&daddr=559+Poplar+Ln.%2C+Irving%2C+TX+75063&z=16&iwloc=A&z=auto
[email protected],"559 Poplar Ln., Irving, TX 75063",469) 939-2133,https://maps.google.com/maps?f=d&source=s_d&saddr=&daddr=559+Poplar+Ln.%2C+Irving%2C+TX+75063&z=16&iwloc=A&z=auto
SK Park's TaeKwonDo,"314 Shady Shore Dr #B, Lake Dallas, TX 75065",214) 228-8665,https://maps.google.com/maps?f=d&source=s_d&saddr=&daddr=314+Shady+Shore+Dr+%23B%2C+Lake+Dallas%2C+TX+75065&z=16&iwloc=A&z=auto
한만승 부동산,,979) 422-2361,
업소록,"901 Bagby Street, Houston, TX 77002",832) 393-1000 / 682-551-5163 / 800) 241-6522 / 713) 568-3669 / 972) 243-4707 / 972) 991-1122 / 972) 478-2733 / 713) 320-3523 / 214) 942-1850 / 469-835-1768,https://maps.google.com/maps?f=d&source=s_d&saddr=&daddr=901+Bagby+Street%2C+Houston%2C+TX+77002&z=16&iwloc=A&z=auto
휴스턴 시청 시장실 (Sylvester Turner),"901 Bagby Street, Houston, TX 77002",832) 393-1000 / 682-551-5163 / 800) 241-6522 / 713) 568-3669 / 972) 243-4707 / 972) 991-1122 / 972) 478-2733 / 713) 320-3523 / 214) 942-1850 / 469-835-1768,https://maps.google.com/maps?f=d&source=s_d&saddr=&daddr=901+Bagby+Street%2C+Houston%2C+TX+77002&z=16&iwloc=A&z=auto
휴스턴 시청 시장실 (Sylvester Turner),"901 Bagby Street, Houston, TX 77002",832) 393-1000,https://maps.google.com/maps?f=d&source=s_d&saddr=&daddr=901+Bagby+Street%2C+Houston%2C+TX+77002&z=16&iwloc=A&z=auto
GL 부동산,"2640 Old Denton Rd #262 Carrollton, TX 75007",682-551-5163,https://www.glrealtyinvest.com
유나이티드 항공 (United Airlines),,800) 241-6522,https://www.united.com
Q 발마사지,"1435 Wird Road, Houston, TX 77055",713) 568-3669,https://maps.google.com/maps?f=d&source=s_d&saddr=&daddr=1435+Wird+Road%2C+Houston%2C+TX+77055&z=16&iwloc=A&z=auto
J's World Trading Inc,"11538 Harry Hines Blvd. #B-1, Dallas, TX 75229",972) 243-4707,http://www.jsworldtrading.com
[email protected],"11538 Harry Hines Blvd. #B-1, Dallas, TX 75229",972) 243-4707,http://www.jsworldtrading.com
Little Katana Sushi Sake Steak,"13350 Dallas Pkwy. #1370, Dallas, TX 75240",972) 991-1122,https://maps.google.com/maps?f=d&source=s_d&saddr=&daddr=13350+Dallas+Pkwy.+%231370%2C+Dallas%2C+TX+75240&z=16&iwloc=A&z=auto
United Merchant Service,"1925 E. Belt like Rd. #479 Carrollton, TX 75006",972) 478-2733,https://www.unitedmerchant.com
스텔링맥콜 토요타 (Sterling McCall Toyota - Casey Lee),"9044 Southwest Frwy.,Houston, TX 77074",713) 320-3523,https://www.sterlingmccalltoyota.com
(Mon-Sat) 8:30am ~ 9:00pm,"9044 Southwest Frwy.,Houston, TX 77074",713) 320-3523,https://www.sterlingmccalltoyota.com
China Village,"655 Illinoise Ave. #700-703, Dallas, TX 75224",214) 942-1850,http://www.chinavillagedallas.com
(Mon-Sat) 11:00am ~ 6:00pm,"655 Illinoise Ave. #700-703, Dallas, TX 75224",214) 942-1850,http://www.chinavillagedallas.com
설계도면사무실,,469-835-1768,
업소록,"11301 Dennis Road, Dallas, TX 75229",972) 243-6363 / 469) 360-5843 / 972) 669-0409 / 972) 241-2411 / 972) 386-8899 / 469) 277-8855 / 213) 383-0077 / 713) 682-2229 / 817) 481-8444 / 469) 671-5584 / 214) 991-6214,https://maps.google.com/maps?f=d&source=s_d&saddr=&daddr=11301+Dennis+Road%2C+Dallas%2C+TX+75229&z=16&iwloc=A&z=auto
한길 호텔 (Han Gil Hotel Town),"11301 Dennis Road, Dallas, TX 75229",972) 243-6363 / 469) 360-5843 / 972) 669-0409 / 972) 241-2411 / 972) 386-8899 / 469) 277-8855 / 213) 383-0077 / 713) 682-2229 / 817) 481-8444 / 469) 671-5584 / 214) 991-6214,https://maps.google.com/maps?f=d&source=s_d&saddr=&daddr=11301+Dennis+Road%2C+Dallas%2C+TX+75229&z=16&iwloc=A&z=auto
한길 호텔 (Han Gil Hotel Town),"11301 Dennis Road, Dallas, TX 75229",972) 243-6363,https://maps.google.com/maps?f=d&source=s_d&saddr=&daddr=11301+Dennis+Road%2C+Dallas%2C+TX+75229&z=16&iwloc=A&z=auto
어머니 학교,,469) 360-5843,
dallasmother@gmail. com,,469) 360-5843,
쥴리안정 치과,"670 W. Arapaho Rd. #13, Richardson, TX 75080",972) 669-0409,https://maps.google.com/maps?f=d&source=s_d&saddr=&daddr=670+W.+Arapaho+Rd.+%2313%2C+Richardson%2C+TX+75080&z=16&iwloc=A&z=auto
영어 발음 교실,"2639 Walnut Hill Ln #140, Dallas, TX 75229",972) 241-2411,https://maps.google.com/maps?f=d&source=s_d&saddr=&daddr=2639+Walnut+Hill+Ln+%23140%2C+Dallas%2C+TX+75229&z=16&iwloc=A&z=auto
도쿄원 (Tokyo One),"4350 Beltline Road, Addison, TX 75001",972) 386-8899,https://www.tokyo-one.com
"Lunch: (Mon-Fri) 11:30am ~ 2:30pm, (Sat-Sun) 11:30am ~ 3:00pm/ Dinner: (Sun-Thu) 5:30pm ~ 9:30pm, (Fri-Sat) 5:30pm ~ 10:30pm","4350 Beltline Road, Addison, TX 75001",972) 386-8899,https://www.tokyo-one.com
약손 클리닉 (Park Clinic of Manual Medicine),"4601 Old Shepard Pl. Bldg4 #401A, Plano, TX 75093",469) 277-8855,http://www.parkclinicmm.com
[email protected],"4601 Old Shepard Pl. Bldg4 #401A, Plano, TX 75093",469) 277-8855,http://www.parkclinicmm.com
듀오 (Duo),,213) 383-0077,http://www.duo.co.kr
휴스턴 한인 세탁인협회,,713) 682-2229,
Hilton DFW Lakes,"1800 Hwy 26 East, Grapevine, TX 76051",817) 481-8444,https://www.hiltondfwlakesecc.com
토요다 TOYOTA (Lone Star Toyota of Lewisville),"1547 S. Stemmons Freeway, Lewisville, TX 75067",469) 671-5584 / 214) 991-6214,http://www.lonestartoyotalewisville.com/
(Mon-Sat) 8:30am ~ 9:00pm,"1547 S. Stemmons Freeway, Lewisville, TX 75067",469) 671-5584 / 214) 991-6214,http://www.lonestartoyotalewisville.com/
업소록,"12633 Memorial Dr. #64, Houston, TX 77024",832) 661-4800 / 469) 777-0307 / 248) 840-4945 / 972) 316-7890 / 972) 235-1107 / 512) 419-1400 / 713) 973-1435 / 214) 771-6735 / 214) 213-1777 / 214.352.3220 / 214) 350-7762,https://maps.google.com/maps?f=d&source=s_d&saddr=&daddr=12633+Memorial+Dr.+%2364%2C+Houston%2C+TX+77024&z=16&iwloc=A&z=auto
OMI,"12633 Memorial Dr. #64, Houston, TX 77024",832) 661-4800 / 469) 777-0307 / 248) 840-4945 / 972) 316-7890 / 972) 235-1107 / 512) 419-1400 / 713) 973-1435 / 214) 771-6735 / 214) 213-1777 / 214.352.3220 / 214) 350-7762,https://maps.google.com/maps?f=d&source=s_d&saddr=&daddr=12633+Memorial+Dr.+%2364%2C+Houston%2C+TX+77024&z=16&iwloc=A&z=auto
OMI,"12633 Memorial Dr. #64, Houston, TX 77024",832) 661-4800,https://maps.google.com/maps?f=d&source=s_d&saddr=&daddr=12633+Memorial+Dr.+%2364%2C+Houston%2C+TX+77024&z=16&iwloc=A&z=auto
자이언츠 종합보험,"16479 Dallas Pkwy, Suite 850. Addison, TX 75001",469) 777-0307,https://maps.google.com/maps?f=d&source=s_d&saddr=&daddr=16479+Dallas+Pkwy%2C+Suite+850.+Addison%2C+TX+75001&z=16&iwloc=A&z=auto
[email protected],"16479 Dallas Pkwy, Suite 850. Addison, TX 75001",469) 777-0307,https://maps.google.com/maps?f=d&source=s_d&saddr=&daddr=16479+Dallas+Pkwy%2C+Suite+850.+Addison%2C+TX+75001&z=16&iwloc=A&z=auto
국술원 (갈랜드),"5602 Naaman Forest Blvd., Garland, TX 75044",248) 840-4945,https://maps.google.com/maps?f=d&source=s_d&saddr=&daddr=5602+Naaman+Forest+Blvd.%2C+Garland%2C+TX+75044&z=16&iwloc=A&z=auto
Sun's Tailor (Lewisville),"2410 S. Stemmons Fwy. #B, Lewisville, TX 75067",972) 316-7890,https://maps.google.com/maps?f=d&source=s_d&saddr=&daddr=2410+S.+Stemmons+Fwy.+%23B%2C+Lewisville%2C+TX+75067&z=16&iwloc=A&z=auto
안동장,"1144 N. Plano Rd. #121, Richardson, TX 75081",972) 235-1107,https://maps.google.com/maps?f=d&source=s_d&saddr=&daddr=1144+N.+Plano+Rd.+%23121%2C+Richardson%2C+TX+75081&z=16&iwloc=A&z=auto
조선갈비 (Cho Sun Korean Barbecue),"713 E. Huntland Dr., Austin, TX 78752",512) 419-1400,http://www.chosungalbiaustin.com/
"(Mon-Thu,Sun) 11:00am ~ 10:00pm, (Fri-Sat) 11:00am ~ 10:30pm","713 E. Huntland Dr., Austin, TX 78752",512) 419-1400,http://www.chosungalbiaustin.com/
휴스턴 소망 교회,"2430 Campbell Road, Houston, TX 77080",713) 973-1435,https://maps.google.com/maps?f=d&source=s_d&saddr=&daddr=2430+Campbell+Road%2C+Houston%2C+TX+77080&z=16&iwloc=A&z=auto
카펫살균청소,,214) 771-6735,
A-S 냉동/에어컨,"1889 Midway Drive, Dallas, TX 75287",214) 213-1777,https://maps.google.com/maps?f=d&source=s_d&saddr=&daddr=1889+Midway+Drive%2C+Dallas%2C+TX+75287&z=16&iwloc=A&z=auto
현대종합건설 (달라스),"2615 Benner Dr., Dallas, TX 75220",214.352.3220 / 214) 350-7762,http://www.hyundaigc.com
[email protected],"2615 Benner Dr., Dallas, TX 75220",214.352.3220 / 214) 350-7762,http://www.hyundaigc.com
업소록,"415 Brown Trail, Hurst, TX 76053",817) 788-5530 / 817) 739-8514 / 210) 317-1960 / 817) 685-7888 / 713-398-3693 / 281) 979-3785 / 713) 462-0708 / 972) 446-0576 / 972) 276-0348 / 972-292-9144 / 972) 755-3353,https://maps.google.com/maps?f=d&source=s_d&saddr=&daddr=415+Brown+Trail%2C+Hurst%2C+TX+76053&z=16&iwloc=A&z=auto
한국순교자 천주교회,"415 Brown Trail, Hurst, TX 76053",817) 788-5530 / 817) 739-8514 / 210) 317-1960 / 817) 685-7888 / 713-398-3693 / 281) 979-3785 / 713) 462-0708 / 972) 446-0576 / 972) 276-0348 / 972-292-9144 / 972) 755-3353,https://maps.google.com/maps?f=d&source=s_d&saddr=&daddr=415+Brown+Trail%2C+Hurst%2C+TX+76053&z=16&iwloc=A&z=auto
한국순교자 천주교회,"415 Brown Trail, Hurst, TX 76053",817) 788-5530 / 817) 739-8514,https://maps.google.com/maps?f=d&source=s_d&saddr=&daddr=415+Brown+Trail%2C+Hurst%2C+TX+76053&z=16&iwloc=A&z=auto
샌안토니오 조행자 무용단,,210) 317-1960,
COWAY HUSTON BRANCH(코웨이),"1302 Blalock Rd Houston, TX 77055",713-398-3693,https://maps.google.com/maps?f=d&source=s_d&saddr=&daddr=1302+Blalock+Rd+Houston%2C+TX+77055&z=16&iwloc=A&z=auto
휴스턴 한인 문화원,"1809 Hollister Road, Houston, TX 77080",281) 979-3785,https://maps.google.com/maps?f=d&source=s_d&saddr=&daddr=1809+Hollister+Road%2C+Houston%2C+TX+77080&z=16&iwloc=A&z=auto
제일연합감리교회,"14139 Reo Street, Houston, TX 77040",713) 462-0708,https://maps.google.com/maps?f=d&source=s_d&saddr=&daddr=14139+Reo+Street%2C+Houston%2C+TX+77040&z=16&iwloc=A&z=auto
[email protected],"14139 Reo Street, Houston, TX 77040",713) 462-0708,https://maps.google.com/maps?f=d&source=s_d&saddr=&daddr=14139+Reo+Street%2C+Houston%2C+TX+77040&z=16&iwloc=A&z=auto
Wei Asian Buffet (웨이 아시안 뷔페),"2528 Old Denton Road, Carrollton, TX 75006",972) 446-0576,https://maps.google.com/maps?f=d&source=s_d&saddr=&daddr=2528+Old+Denton+Road%2C+Carrollton%2C+TX+75006&z=16&iwloc=A&z=auto
True Discount Carpets,"1403 S, Jupiter Road, Garland, TX 75042",972) 276-0348,https://maps.google.com/maps?f=d&source=s_d&saddr=&daddr=1403+S%2C+Jupiter+Road%2C+Garland%2C+TX+75042&z=16&iwloc=A&z=auto
동보성 (프리스코 점),9144 Presmont Place #210 Frisco TX 75035,972-292-9144,https://maps.google.com/maps?f=d&source=s_d&saddr=&daddr=9144+Presmont+Place+%23210+Frisco+TX+75035&z=16&iwloc=A&z=auto
루민종합병원 Lumin Care (Famers Branch),"2914 Valley View Ln, Farmers Branch, TX 75234",972) 755-3353,https://maps.google.com/maps?f=d&source=s_d&saddr=&daddr=2914+Valley+View+Ln%2C+Farmers+Branch%2C+TX+75234&z=16&iwloc=A&z=auto
lumincare.luminhealth.com,"2914 Valley View Ln, Farmers Branch, TX 75234",972) 755-3353,https://maps.google.com/maps?f=d&source=s_d&saddr=&daddr=2914+Valley+View+Ln%2C+Farmers+Branch%2C+TX+75234&z=16&iwloc=A&z=auto
업소록,"10603 Culebra (FM 471W), San Antonio, TX 78250",210) 680-6363 / 214) 671-4051 / 817) 481-7277 / 972) 241-1122 / 377554258942578 / 713) 995-2622 / 713) 789-1520 / 800) 447-4747 / 918) 660-0202 / 214) 547-0010 / 214) 997-6869 / 469) 707-5001 / 469) 707-5000,https://maps.google.com/maps?f=d&source=s_d&saddr=&daddr=10603+Culebra+%28FM+471W%29%2C+San+Antonio%2C+TX+78250&z=16&iwloc=A&z=auto
한마음침례교회,"10603 Culebra (FM 471W), San Antonio, TX 78250",210) 680-6363 / 214) 671-4051 / 817) 481-7277 / 972) 241-1122 / 377554258942578 / 713) 995-2622 / 713) 789-1520 / 800) 447-4747 / 918) 660-0202 / 214) 547-0010 / 214) 997-6869 / 469) 707-5001 / 469) 707-5000,https://maps.google.com/maps?f=d&source=s_d&saddr=&daddr=10603+Culebra+%28FM+471W%29%2C+San+Antonio%2C+TX+78250&z=16&iwloc=A&z=auto
한마음침례교회,"10603 Culebra (FM 471W), San Antonio, TX 78250",210) 680-6363,https://maps.google.com/maps?f=d&source=s_d&saddr=&daddr=10603+Culebra+%28FM+471W%29%2C+San+Antonio%2C+TX+78250&z=16&iwloc=A&z=auto
달라스 경찰국 민원 홍보실,"1400 S. Lamar St. 2nd Floor, Dallas, TX 75215",214) 671-4051,https://maps.google.com/maps?f=d&source=s_d&saddr=&daddr=1400+S.+Lamar+St.+2nd+Floor%2C+Dallas%2C+TX+75215&z=16&iwloc=A&z=auto
dallaspolice.net,"1400 S. Lamar St. 2nd Floor, Dallas, TX 75215",214) 671-4051,https://maps.google.com/maps?f=d&source=s_d&saddr=&daddr=1400+S.+Lamar+St.+2nd+Floor%2C+Dallas%2C+TX+75215&z=16&iwloc=A&z=auto
Cowboy's Golf Club,"1600 Fairway Dr., Grapevine, TX 76051",817) 481-7277,http://www.cowboysgolfclub.com
아줌마 (코마트 내),"2240 Royal Lane, Dallas, TX 75229",972) 241-1122 / 377554258942578,https://www.facebook.com/pages/아줌마/377554258942578
스텔링맥콜 렉서스 (손재숙) (Sterling McCall Lexus Jae Sone),"10235 Southwest Frwy., Houston, TX 77074",713) 995-2622,http://www.sterlingmccalllexus.com/Pre-Owned-Building
(Mon-Sat) 8:30am ~ 7:30pm,"10235 Southwest Frwy., Houston, TX 77074",713) 995-2622,http://www.sterlingmccalllexus.com/Pre-Owned-Building
패션 트리,"7501 Harwin Dr. #E, Houston, TX 77036",713) 789-1520,https://maps.google.com/maps?f=d&source=s_d&saddr=&daddr=7501+Harwin+Dr.+%23E%2C+Houston%2C+TX+77036&z=16&iwloc=A&z=auto
노스웨스트항공 (국제예약),,800) 447-4747,
한국식품,"12771 E. 41st Street, Tulsa, OK 74146",918) 660-0202,https://maps.google.com/maps?f=d&source=s_d&saddr=&daddr=12771+E.+41st+Street%2C+Tulsa%2C+OK+74146&z=16&iwloc=A&z=auto
"All American Flooring, Inc (Allen)","109 Central EXPY N. Suite#527 Allen, TX 75013",214) 547-0010 / 214) 997-6869,https://maps.google.com/maps?f=d&source=s_d&saddr=&daddr=109+Central+EXPY+N.+Suite%23527+Allen%2C+TX+75013&z=16&iwloc=A&z=auto
"(Mon-Fri) 10:00am ~ 7:00pm, (Sat) 10:00am ~ 6:00pm, (Sun) 12:00pm ~ 4:00pm","109 Central EXPY N. Suite#527 Allen, TX 75013",214) 547-0010 / 214) 997-6869,https://maps.google.com/maps?f=d&source=s_d&saddr=&daddr=109+Central+EXPY+N.+Suite%23527+Allen%2C+TX+75013&z=16&iwloc=A&z=auto
한미은행 레가시 (Hanmi Bank),"280 Legacy Dr. #100, Plano, TX 75023",469) 707-5001 / 469) 707-5000,https://www.hanmi.com
"(Mon-Fri) 9:00am ~ 5:00pm, (Sat) 9:00am ~ 12:00pm","280 Legacy Dr. #100, Plano, TX 75023",469) 707-5001 / 469) 707-5000,https://www.hanmi.com
업소록,"1908 Royal Ln #700, Dallas, TX 75229",214) 606-5804 / 512) 953-5515 / 469)-930-0081 / 281) 238-9871 / 713) 461-8022 / 469-289-0444 / 713) 647-9061 / 972) 446-9191 / 832) 359-7673 / 210) 637-6573,https://maps.google.com/maps?f=d&source=s_d&saddr=&daddr=1908+Royal+Ln+%23700%2C+Dallas%2C+TX+75229&z=16&iwloc=A&z=auto
하나님의 이야기 교회,"1908 Royal Ln #700, Dallas, TX 75229",214) 606-5804 / 512) 953-5515 / 469)-930-0081 / 281) 238-9871 / 713) 461-8022 / 469-289-0444 / 713) 647-9061 / 972) 446-9191 / 832) 359-7673 / 210) 637-6573,https://maps.google.com/maps?f=d&source=s_d&saddr=&daddr=1908+Royal+Ln+%23700%2C+Dallas%2C+TX+75229&z=16&iwloc=A&z=auto
하나님의 이야기 교회,"1908 Royal Ln #700, Dallas, TX 75229",214) 606-5804,https://maps.google.com/maps?f=d&source=s_d&saddr=&daddr=1908+Royal+Ln+%23700%2C+Dallas%2C+TX+75229&z=16&iwloc=A&z=auto
Sign Expo,"10210 I-35 #200, Austin, TX 78753",512) 953-5515,https://maps.google.com/maps?f=d&source=s_d&saddr=&daddr=10210+I-35+%23200%2C+Austin%2C+TX+78753&z=16&iwloc=A&z=auto
[email protected],"10210 I-35 #200, Austin, TX 78753",512) 953-5515,https://maps.google.com/maps?f=d&source=s_d&saddr=&daddr=10210+I-35+%23200%2C+Austin%2C+TX+78753&z=16&iwloc=A&z=auto
김희연 변호사,"3010 Lyndon B Johnson Fwy #225, Dallas, TX 75234",469)-930-0081,https://maps.google.com/maps?f=d&source=s_d&saddr=&daddr=3010+Lyndon+B+Johnson+Fwy+%23225%2C+Dallas%2C+TX+75234&z=16&iwloc=A&z=auto
휴스턴 한인간호협회,,281) 238-9871,
서덕기 종합의료원,"10131 Hammerly, Houston, TX 77080",713) 461-8022,https://maps.google.com/maps?f=d&source=s_d&saddr=&daddr=10131+Hammerly%2C+Houston%2C+TX+77080&z=16&iwloc=A&z=auto
강남에서 온 닭 (Chicken from Gangnam),"2625 Old Denton Rd #598, Carrollton, TX 75007",469-289-0444,https://maps.google.com/maps?f=d&source=s_d&saddr=&daddr=2625+Old+Denton+Rd+%23598%2C+Carrollton%2C+TX+75007&z=16&iwloc=A&z=auto
텐컴 테크날러지,"1200 Blalock Rd. #103, Houston, TX 77055",713) 647-9061,https://maps.google.com/maps?f=d&source=s_d&saddr=&daddr=1200+Blalock+Rd.+%23103%2C+Houston%2C+TX+77055&z=16&iwloc=A&z=auto
스마일 약국,"2625 Old Denton Rd. #586, Carrollton, TX 75007",972) 446-9191,https://maps.google.com/maps?f=d&source=s_d&saddr=&daddr=2625+Old+Denton+Rd.+%23586%2C+Carrollton%2C+TX+75007&z=16&iwloc=A&z=auto
S 노래방,"9604 Long Point Rd. #J, Houston, TX 77055",832) 359-7673,https://maps.google.com/maps?f=d&source=s_d&saddr=&daddr=9604+Long+Point+Rd.+%23J%2C+Houston%2C+TX+77055&z=16&iwloc=A&z=auto
임마누엘 나사렛 성결교회,"14515 O'connor Road, San Antonio, TX 78247",210) 637-6573,https://maps.google.com/maps?f=d&source=s_d&saddr=&daddr=14515+O%27connor+Road%2C+San+Antonio%2C+TX+78247&z=16&iwloc=A&z=auto
업소록,"1800 E. Airport Freeway, Irving, TX 75062",972) 746-0100 / 972) 438-2121 / 713) 339-0778 / 972) 243-8383 / 972.677.7050 / 972) 855-0677 / 214) 883-7748 / 713) 914-9037 / 832) 283-0196 / 972) 596-0711,http://www.freemanauto.com
피터박 부동산,"1800 E. Airport Freeway, Irving, TX 75062",972) 746-0100 / 972) 438-2121 / 713) 339-0778 / 972) 243-8383 / 972.677.7050 / 972) 855-0677 / 214) 883-7748 / 713) 914-9037 / 832) 283-0196 / 972) 596-0711,http://www.freemanauto.com
피터박 부동산,,972) 746-0100,
마쯔다 MAZDA (Freeman Mazda),"1800 E. Airport Freeway, Irving, TX 75062",972) 438-2121,http://www.freemanauto.com
"(Mon-Fri) 9:00am ~ 9:00pm, (Sat) 9:00am ~ 8:00pm","1800 E. Airport Freeway, Irving, TX 75062",972) 438-2121,http://www.freemanauto.com
Studio M62,"1005 Blalock Rd. #M, Houston, TX 77055",713) 339-0778,https://maps.google.com/maps?f=d&source=s_d&saddr=&daddr=1005+Blalock+Rd.+%23M%2C+Houston%2C+TX+77055&z=16&iwloc=A&z=auto
A1 철공소,"1453 Glenda Ln. #4, Dallas, TX 75229",972) 243-8383,https://maps.google.com/maps?f=d&source=s_d&saddr=&daddr=1453+Glenda+Ln.+%234%2C+Dallas%2C+TX+75229&z=16&iwloc=A&z=auto
한미종합보험,"3530 Forest Ln. #126. Dallas, TX 75234",972.677.7050,https://maps.google.com/maps?f=d&source=s_d&saddr=&daddr=3530+Forest+Ln.+%23126.+Dallas%2C+TX+75234&z=16&iwloc=A&z=auto
Direct HD Store,"357 E. Corporate Dr., Lewisville, TX 75067",972) 855-0677,https://maps.google.com/maps?f=d&source=s_d&saddr=&daddr=357+E.+Corporate+Dr.%2C+Lewisville%2C+TX+75067&z=16&iwloc=A&z=auto
Joshua 피아노 레슨,,214) 883-7748,
Floreria Lee,"8000 Harwin Dr. #360, Houston, TX 77036",713) 914-9037,https://maps.google.com/maps?f=d&source=s_d&saddr=&daddr=8000+Harwin+Dr.+%23360%2C+Houston%2C+TX+77036&z=16&iwloc=A&z=auto
휴스턴 한인체육회,,832) 283-0196,
그레이스 뷰티 살롱 (Grace Beauty Salon),"2411 Coit Rd, Plano, TX 75075",972) 596-0711,https://maps.google.com/maps?f=d&source=s_d&saddr=&daddr=2411+Coit+Rd%2C+Plano%2C+TX+75075&z=16&iwloc=A&z=auto
업소록,"11111 Shady Trail #100-A Dallas , TX 75229",972) 249-4989 / 214) 432-4323 / 512) 339-7676 / 832) 228-8128 / 972) 620-8877 / 972) 620-8822 / 469) 235-3622 / 469.491.0843 / 832) 566-7356 / 469) 600-8485 / 817) 834-6100 / 817) 717-8605,http://www.newstarrealty.com
뉴스타 부동산 (NewStar Realty & INV.),"11111 Shady Trail #100-A Dallas , TX 75229",972) 249-4989 / 214) 432-4323 / 512) 339-7676 / 832) 228-8128 / 972) 620-8877 / 972) 620-8822 / 469) 235-3622 / 469.491.0843 / 832) 566-7356 / 469) 600-8485 / 817) 834-6100 / 817) 717-8605,http://www.newstarrealty.com
뉴스타 부동산 (NewStar Realty & INV.),"11111 Shady Trail #100-A Dallas , TX 75229",972) 249-4989,http://www.newstarrealty.com
네일샾 (Nail Sharp),"2625 Old Denton Rd. #254, Carrollton, TX 75007",214) 432-4323,https://maps.google.com/maps?f=d&source=s_d&saddr=&daddr=2625+Old+Denton+Rd.+%23254%2C+Carrollton%2C+TX+75007&z=16&iwloc=A&z=auto
카페 아리수,"9515 N. Lamar Blvd. #230, Austin, TX 78753",512) 339-7676,https://maps.google.com/maps?f=d&source=s_d&saddr=&daddr=9515+N.+Lamar+Blvd.+%23230%2C+Austin%2C+TX+78753&z=16&iwloc=A&z=auto
우경아와 사람들,"13734 Branford Greens Drive, Houston, TX 77083",832) 228-8128,https://maps.google.com/maps?f=d&source=s_d&saddr=&daddr=13734+Branford+Greens+Drive%2C+Houston%2C+TX+77083&z=16&iwloc=A&z=auto
[email protected],"13734 Branford Greens Drive, Houston, TX 77083",832) 228-8128,https://maps.google.com/maps?f=d&source=s_d&saddr=&daddr=13734+Branford+Greens+Drive%2C+Houston%2C+TX+77083&z=16&iwloc=A&z=auto
달라스 상점장비 (Dallas Fixture Co),"2525 Royal Ln # 323, Dallas, TX 75229",972) 620-8877 / 972) 620-8822,https://maps.google.com/maps?f=d&source=s_d&saddr=&daddr=2525+Royal+Ln+%23+323%2C+Dallas%2C+TX+75229&z=16&iwloc=A&z=auto
보일러 서비스,,469) 235-3622,
김수진 세무회계법인,"1220 W.Trinity Mills Rd. Suite 272. Carrollton, TX 75006",469.491.0843,https://maps.google.com/maps?f=d&source=s_d&saddr=&daddr=1220+W.Trinity+Mills+Rd.+Suite+272.+Carrollton%2C+TX+75006&z=16&iwloc=A&z=auto
[email protected],"1220 W.Trinity Mills Rd. Suite 272. Carrollton, TX 75006",469.491.0843,https://maps.google.com/maps?f=d&source=s_d&saddr=&daddr=1220+W.Trinity+Mills+Rd.+Suite+272.+Carrollton%2C+TX+75006&z=16&iwloc=A&z=auto
완이 부동산,"9525 Katy Fwy. #420, Houston, TX 77024",832) 566-7356,https://maps.google.com/maps?f=d&source=s_d&saddr=&daddr=9525+Katy+Fwy.+%23420%2C+Houston%2C+TX+77024&z=16&iwloc=A&z=auto
김지나 부동산,"2560 Royal Ln, Suite 210, Dallas, TX 75229",469) 600-8485,https://maps.google.com/maps?f=d&source=s_d&saddr=&daddr=2560+Royal+Ln%2C+Suite+210%2C+Dallas%2C+TX+75229&z=16&iwloc=A&z=auto
[email protected],"2560 Royal Ln, Suite 210, Dallas, TX 75229",469) 600-8485,https://maps.google.com/maps?f=d&source=s_d&saddr=&daddr=2560+Royal+Ln%2C+Suite+210%2C+Dallas%2C+TX+75229&z=16&iwloc=A&z=auto
"All American Flooring Inc, (Haltom City)","6301 Airport Freeway, Haltom City, TX 76117",817) 834-6100 / 817) 717-8605,http://allamericanflooring.net
"(Mon-Fr) 10:00am ~ 7:00pm, (Sat) 10:00am ~ 6:00pm, (Sun) 12:00pm ~ 4:00pm","6301 Airport Freeway, Haltom City, TX 76117",817) 834-6100 / 817) 717-8605,http://allamericanflooring.net
업소록,"9966 Monroe Dr, Dallas, TX 75220",832) 607-2999 / 972) 243-4486 / 469) 630 - 9324 / 972) 517-0740 / 832) 358-3333 / 832) 876-4989 / 972-417-1707 / 214) 334-2457 / 281) 955-5840 / 940) 595-0084,https://maps.google.com/maps?f=d&source=s_d&saddr=&daddr=9966+Monroe+Dr%2C+Dallas%2C+TX+75220&z=16&iwloc=A&z=auto
민영주 부동산,"9966 Monroe Dr, Dallas, TX 75220",832) 607-2999 / 972) 243-4486 / 469) 630 - 9324 / 972) 517-0740 / 832) 358-3333 / 832) 876-4989 / 972-417-1707 / 214) 334-2457 / 281) 955-5840 / 940) 595-0084,https://maps.google.com/maps?f=d&source=s_d&saddr=&daddr=9966+Monroe+Dr%2C+Dallas%2C+TX+75220&z=16&iwloc=A&z=auto
민영주 부동산,,832) 607-2999,
On Time Signs,"9966 Monroe Dr, Dallas, TX 75220",972) 243-4486,https://maps.google.com/maps?f=d&source=s_d&saddr=&daddr=9966+Monroe+Dr%2C+Dallas%2C+TX+75220&z=16&iwloc=A&z=auto
ontimesignsdallas.com,"9966 Monroe Dr, Dallas, TX 75220",972) 243-4486,https://maps.google.com/maps?f=d&source=s_d&saddr=&daddr=9966+Monroe+Dr%2C+Dallas%2C+TX+75220&z=16&iwloc=A&z=auto
"청룡 태권도, 검도 (US CR Taekwondo)","755 State Highway 121 B200, Lewisville, Tx 75067",469) 630 - 9324,https://www.txkick.com
[email protected],"755 State Highway 121 B200, Lewisville, Tx 75067",469) 630 - 9324,https://www.txkick.com
Bo Tailor & Shoes Repair,"909 W. Spring Creek Parkway, Plano, TX 75023",972) 517-0740,https://maps.google.com/maps?f=d&source=s_d&saddr=&daddr=909+W.+Spring+Creek+Parkway%2C+Plano%2C+TX+75023&z=16&iwloc=A&z=auto
정관장,"1304 Blalock Rd #A2, Houston, TX 77055",832) 358-3333,https://maps.google.com/maps?f=d&source=s_d&saddr=&daddr=1304+Blalock+Rd+%23A2%2C+Houston%2C+TX+77055&z=16&iwloc=A&z=auto
Remax 베로니카 리 부동산,"1115 Memorial Dr. #105, Houston, TX 77079",832) 876-4989,https://maps.google.com/maps?f=d&source=s_d&saddr=&daddr=1115+Memorial+Dr.+%23105%2C+Houston%2C+TX+77079&z=16&iwloc=A&z=auto
차차 한의원 / 한방클리닉 (ChaCha Clinic),"14465 Webb Chapel Rd. Suite#120, Farmers Branch, TX 75234",972-417-1707,https://www.chachaclinic.com
[email protected],"14465 Webb Chapel Rd. Suite#120, Farmers Branch, TX 75234",972-417-1707,https://www.chachaclinic.com
소망 부동산,,214) 334-2457,
[email protected],,214) 334-2457,
LG 전자 USA,"19500 State Hwy. 249 #260, Houston, TX 77070",281) 955-5840,https://maps.google.com/maps?f=d&source=s_d&saddr=&daddr=19500+State+Hwy.+249+%23260%2C+Houston%2C+TX+77070&z=16&iwloc=A&z=auto
첼로 레슨 (Julia),,940) 595-0084,
업소록,"P.O. Box 59789, Dallas, TX 75229",214) 854-0737 / 972) 829-1113 / 972) 506-0177 / 469) 499-3077 / 713.955.3885 / 832.421.8788 / 972) 484-5580 / 972) 769-2225 / 972) 255-5588 / 972) 521-9742 / 512) 834-9304 / 512) 228-2476,https://maps.google.com/maps?f=d&source=s_d&saddr=&daddr=P.O.+Box+59789%2C+Dallas%2C+TX+75229&z=16&iwloc=A&z=auto
한미 사립탐정,"P.O. Box 59789, Dallas, TX 75229",214) 854-0737 / 972) 829-1113 / 972) 506-0177 / 469) 499-3077 / 713.955.3885 / 832.421.8788 / 972) 484-5580 / 972) 769-2225 / 972) 255-5588 / 972) 521-9742 / 512) 834-9304 / 512) 228-2476,https://maps.google.com/maps?f=d&source=s_d&saddr=&daddr=P.O.+Box+59789%2C+Dallas%2C+TX+75229&z=16&iwloc=A&z=auto
한미 사립탐정,"P.O. Box 59789, Dallas, TX 75229",214) 854-0737,https://maps.google.com/maps?f=d&source=s_d&saddr=&daddr=P.O.+Box+59789%2C+Dallas%2C+TX+75229&z=16&iwloc=A&z=auto
김정규 텍스 서비스,"2625 N. Josey Ln. #105, Carrollton, TX 75007",972) 829-1113,https://maps.google.com/maps?f=d&source=s_d&saddr=&daddr=2625+N.+Josey+Ln.+%23105%2C+Carrollton%2C+TX+75007&z=16&iwloc=A&z=auto
은혜복지건강센터 (Grace Adult Day Care Center),"1870 Crown Dr. #1520, Farmers Branch, TX 75234",972) 506-0177,https://sites.google.com/site/graceaseniordaycare/
[email protected],"1870 Crown Dr. #1520, Farmers Branch, TX 75234",972) 506-0177,https://sites.google.com/site/graceaseniordaycare/
그린 냉동,,469) 499-3077,
텔레헬스 TELEHEALTH KA,,713.955.3885 / 832.421.8788,https://telehealthKA.com
[email protected],,713.955.3885 / 832.421.8788,https://telehealthKA.com
채동배 변호사,"2828 Forest Ln. #1107, Dallas, TX 75234",972) 484-5580,https://maps.google.com/maps?f=d&source=s_d&saddr=&daddr=2828+Forest+Ln.+%231107%2C+Dallas%2C+TX+75234&z=16&iwloc=A&z=auto
"정무열 클리닉 (Mooyoul Jung, Clinic)","18800 Preston Rd. #313, Dallas, TX 75252",972) 769-2225,https://maps.google.com/maps?f=d&source=s_d&saddr=&daddr=18800+Preston+Rd.+%23313%2C+Dallas%2C+TX+75252&z=16&iwloc=A&z=auto
원성근 척추수술 전문의,"4301 N. MacArthur Blvd. #101, Irving, TX 75038",972) 255-5588 / 972) 521-9742,http://www.spinecaredfw.com
오다꾸 스시,"2501 W. Parmer Ln. #500, Austin, TX 78727",512) 834-9304,https://maps.google.com/maps?f=d&source=s_d&saddr=&daddr=2501+W.+Parmer+Ln.+%23500%2C+Austin%2C+TX+78727&z=16&iwloc=A&z=auto
odakusushi.com,"2501 W. Parmer Ln. #500, Austin, TX 78727",512) 834-9304,https://maps.google.com/maps?f=d&source=s_d&saddr=&daddr=2501+W.+Parmer+Ln.+%23500%2C+Austin%2C+TX+78727&z=16&iwloc=A&z=auto
GN World,"8906 Wall St. #808, Austin, TX 78754",512) 228-2476,https://maps.google.com/maps?f=d&source=s_d&saddr=&daddr=8906+Wall+St.+%23808%2C+Austin%2C+TX+78754&z=16&iwloc=A&z=auto
업소록,"154 Glass St. #112, Dallas, TX 75207",972) 336-1855 / 972) 375-1266 / 972) 348-3466 / 817) 691-6432 / 713) 400-3060 / 972) 620-9150 / 972) 620-8190 / 214-430-1106 / 713) 570-6363 / 817) 715-5376 / 972) 458-2020 / 972) 342-3818 / 972) 573-7819,http://www.jinkimstudio.com
Jin Kim Studio,"154 Glass St. #112, Dallas, TX 75207",972) 336-1855 / 972) 375-1266 / 972) 348-3466 / 817) 691-6432 / 713) 400-3060 / 972) 620-9150 / 972) 620-8190 / 214-430-1106 / 713) 570-6363 / 817) 715-5376 / 972) 458-2020 / 972) 342-3818 / 972) 573-7819,http://www.jinkimstudio.com
Jin Kim Studio,"154 Glass St. #112, Dallas, TX 75207",972) 336-1855 / 972) 375-1266,http://www.jinkimstudio.com
[email protected],"154 Glass St. #112, Dallas, TX 75207",972) 336-1855 / 972) 375-1266,http://www.jinkimstudio.com
아메리칸 제일은행 (Legacy),"240 Legacy Dr. #112, Plano, TX 75023",972) 348-3466,https://afnb.com
"(Mon-Thu) 9:00am ~ 5:00pm, (Fri) 9:00am ~ 5:30pm, (Sat) 9:00am ~ 1:00pm","240 Legacy Dr. #112, Plano, TX 75023",972) 348-3466,https://afnb.com
G & S 냉동,"6731 Bridge St. #79, Fort Worth, TX 76112",817) 691-6432,https://maps.google.com/maps?f=d&source=s_d&saddr=&daddr=6731+Bridge+St.+%2379%2C+Fort+Worth%2C+TX+76112&z=16&iwloc=A&z=auto
POSCO 휴스턴 사무소,"820 Gessner Rd #1770, Houston, TX 77024",713) 400-3060,https://maps.google.com/maps?f=d&source=s_d&saddr=&daddr=820+Gessner+Rd+%231770%2C+Houston%2C+TX+77024&z=16&iwloc=A&z=auto
달라스 성 김대건 한인 성당,"2111 Camino Lago, Irving, TX 75039",972) 620-9150 / 972) 620-8190,http://www.dallasKoreanCatholic.org
[email protected],"2111 Camino Lago, Irving, TX 75039",972) 620-9150 / 972) 620-8190,http://www.dallasKoreanCatholic.org
래디언스 스파 (RADIANCE SPA),3044 Old Denton Rd. #313 Carrollton TX 75007 (H마트에서 5분거리),214-430-1106,https://maps.google.com/maps?f=d&source=s_d&saddr=&daddr=3044+Old+Denton+Rd.+%23313+Carrollton+TX+75007+%28H%EB%A7%88%ED%8A%B8%EC%97%90%EC%84%9C+5%EB%B6%84%EA%B1%B0%EB%A6%AC%29&z=16&iwloc=A&z=auto
휴스턴 한인 상공회의소,,713) 570-6363,http://www.houstonKCC.org
Cheap & Quality Moving Inc.,,817) 715-5376,https://www.qualityshipping.com
"이취도 건축설계 (LCD Design & Build, Inc.)","4100 Spring Valley Rd. #430, Farmers Branch, TX 75244",972) 458-2020 / 972) 342-3818,https://maps.google.com/maps?f=d&source=s_d&saddr=&daddr=4100+Spring+Valley+Rd.+%23430%2C+Farmers+Branch%2C+TX+75244&z=16&iwloc=A&z=auto
[email protected],"4100 Spring Valley Rd. #430, Farmers Branch, TX 75244",972) 458-2020 / 972) 342-3818,https://maps.google.com/maps?f=d&source=s_d&saddr=&daddr=4100+Spring+Valley+Rd.+%23430%2C+Farmers+Branch%2C+TX+75244&z=16&iwloc=A&z=auto
루민 척추전문병원 Lumin Spine Care (Irving),"4301 N. MacArthur Blvd. #101, Irving, TX 75038",972) 573-7819,https://www.SpineCareDFW.com
업소록,"11818 Harry Hines Blvd. #220, Dallas, TX 75229",972) 243-1348 / 972) 323-9700 / 713) 973-9854 / 972) 492-8880 / 281) 558-4700 / 972.492.1148 / 713) 465-2525 / 469) 702-7050 / 469) 702-7051 / 214) 616-3123 / 713) 952-9150 / 281) 974-5592,http://www.shoemartusa.com
Shoe Mart,"11818 Harry Hines Blvd. #220, Dallas, TX 75229",972) 243-1348 / 972) 323-9700 / 713) 973-9854 / 972) 492-8880 / 281) 558-4700 / 972.492.1148 / 713) 465-2525 / 469) 702-7050 / 469) 702-7051 / 214) 616-3123 / 713) 952-9150 / 281) 974-5592,http://www.shoemartusa.com
Shoe Mart,"11818 Harry Hines Blvd. #220, Dallas, TX 75229",972) 243-1348,http://www.shoemartusa.com
H마트 (캐롤톤점),"2625 Old Denton Rd., #200, Carrollton, Tx 75007",972) 323-9700,http://www.hmart.com
(Mon-Sun) 8:00am ~ 11:00pm,"2625 Old Denton Rd., #200, Carrollton, Tx 75007",972) 323-9700,http://www.hmart.com
현대 바디샵,"1705 Campbell Road, Houston, TX 77080",713) 973-9854,https://maps.google.com/maps?f=d&source=s_d&saddr=&daddr=1705+Campbell+Road%2C+Houston%2C+TX+77080&z=16&iwloc=A&z=auto
Fairway Pediatrics,"4100 Fairway Dr. #300, Carrollton, TX 75010",972) 492-8880,https://www.fairwaypediatrician.com
[email protected],"4100 Fairway Dr. #300, Carrollton, TX 75010",972) 492-8880,https://www.fairwaypediatrician.com
대림산업,"14701 St Mary Ln. #335, Houston, TX",281) 558-4700,https://maps.google.com/maps?f=d&source=s_d&saddr=&daddr=14701+St+Mary+Ln.+%23335%2C+Houston%2C+TX&z=16&iwloc=A&z=auto
KOOKSOO(국수) - 캐롤튼점,"1621 W. Hebron PKWY #120, Carrollton, TX 75010 (뉴송교회 맞은편)",972.492.1148,https://maps.google.com/maps?f=d&source=s_d&saddr=&daddr=1621+W.+Hebron+PKWY+%23120%2C+Carrollton%2C+TX+75010+%28%EB%89%B4%EC%86%A1%EA%B5%90%ED%9A%8C+%EB%A7%9E%EC%9D%80%ED%8E%B8%29&z=16&iwloc=A&z=auto
윌트립 장의사,"1415 Campbell Road, Houston, TX 77055",713) 465-2525,https://maps.google.com/maps?f=d&source=s_d&saddr=&daddr=1415+Campbell+Road%2C+Houston%2C+TX+77055&z=16&iwloc=A&z=auto
한미은행 캐롤튼 (Hanmi Bank),"2625 Old Denton Rd., #100 Carrollton, TX 75007",469) 702-7050 / 469) 702-7051,https://www.hanmi.com
"(Mon-Fri) 9:00am ~ 5:00pm, (Sat) 9:00am ~ 12:00pm","2625 Old Denton Rd., #100 Carrollton, TX 75007",469) 702-7050 / 469) 702-7051,https://www.hanmi.com
달라스 우리교회,"2633 Royal Ln, Dallas, TX 75229",214) 616-3123,https://maps.google.com/maps?f=d&source=s_d&saddr=&daddr=2633+Royal+Ln%2C+Dallas%2C+TX+75229&z=16&iwloc=A&z=auto
[email protected],"2633 Royal Ln, Dallas, TX 75229",214) 616-3123,https://maps.google.com/maps?f=d&source=s_d&saddr=&daddr=2633+Royal+Ln%2C+Dallas%2C+TX+75229&z=16&iwloc=A&z=auto
비드 앤 비드,"9700 Harwin Dr. #146, Houston, TX 77036",713) 952-9150 / 281) 974-5592,https://maps.google.com/maps?f=d&source=s_d&saddr=&daddr=9700+Harwin+Dr.+%23146%2C+Houston%2C+TX+77036&z=16&iwloc=A&z=auto
업소록,"3500 Bear Creek Court, Dallas, TX 75261",972) 456-3200 / 713) 789-0025 / 972) 488-8016 / 972) 998-3414 / 972) 230-5000 / 972.849.9178 / 713) 391-7625 / 214) 503-8941 / 214.923.2009 / 214) 788-2828 / 713) 425-9765,http://www.bearcreek-golf.com
Bear Creek Golf Club,"3500 Bear Creek Court, Dallas, TX 75261",972) 456-3200 / 713) 789-0025 / 972) 488-8016 / 972) 998-3414 / 972) 230-5000 / 972.849.9178 / 713) 391-7625 / 214) 503-8941 / 214.923.2009 / 214) 788-2828 / 713) 425-9765,http://www.bearcreek-golf.com
Bear Creek Golf Club,"3500 Bear Creek Court, Dallas, TX 75261",972) 456-3200,http://www.bearcreek-golf.com
벤스 뷰티 서플라이,"5631 Hartsdale, Houston, TX 77036",713) 789-0025,https://maps.google.com/maps?f=d&source=s_d&saddr=&daddr=5631+Hartsdale%2C+Houston%2C+TX+77036&z=16&iwloc=A&z=auto
T-Art Fashion,"11523 Harry Hines Boulevard, Dallas, TX 75229",972) 488-8016,http://www.tartfashion.com
샘물교회,"3410 Peters Colony Road, Flower Mound, TX 75022",972) 998-3414,https://maps.google.com/maps?f=d&source=s_d&saddr=&daddr=3410+Peters+Colony+Road%2C+Flower+Mound%2C+TX+75022&z=16&iwloc=A&z=auto
Mission Restaurant Supply,"13970 N Stemmons Fwy, Dallas, TX 75234",972) 230-5000,https://maps.google.com/maps?f=d&source=s_d&saddr=&daddr=13970+N+Stemmons+Fwy%2C+Dallas%2C+TX+75234&z=16&iwloc=A&z=auto
missionrs.com,"13970 N Stemmons Fwy, Dallas, TX 75234",972) 230-5000,https://maps.google.com/maps?f=d&source=s_d&saddr=&daddr=13970+N+Stemmons+Fwy%2C+Dallas%2C+TX+75234&z=16&iwloc=A&z=auto
ICX 스크린 골프 / 스포츠바 / 시온마켓 2층,"2405 S. Stemmons FWY, Lewisville, TX 75067",972.849.9178,https://maps.google.com/maps?f=d&source=s_d&saddr=&daddr=2405+S.+Stemmons+FWY%2C+Lewisville%2C+TX+75067&z=16&iwloc=A&z=auto
서울건축/철공,"9703 Harwin Dr. #M, Houston, TX 77036",713) 391-7625,https://maps.google.com/maps?f=d&source=s_d&saddr=&daddr=9703+Harwin+Dr.+%23M%2C+Houston%2C+TX+77036&z=16&iwloc=A&z=auto
산타마리아 우리 홈 헬스케어 (Santa Maria Home Health Agency),,214) 503-8941 / 214.923.2009,https://www.facebook.com/santamariahha/
"11500 N. Stemmon Fwy. #133, Dallas, 75229",,214) 503-8941 / 214.923.2009,https://www.facebook.com/santamariahha/
아시아 타임스 스퀘어,"2615 W. Pioneer Pkwy., Grand Prairie, TX 75051",214) 788-2828,http://www.hkmkt.com
이글아이 CCTV,,713) 425-9765,
Master Cleaning Supply,"2254 Royal Ln #200, Dallas, TX 75229",972) 243-6747 / 972) 822-9407 / 972) 620-0032 / 214) 340-1120 / 254) 526-6699 / 972) 898-5222 / 972-488-0001 / 213.820.9375 / 512) 346-1114 / 972) 790-6100 / 972) 243-2400,http://www.masterjanitorialsupply.com
Master Cleaning Supply,"2254 Royal Ln #200, Dallas, TX 75229",972) 243-6747 / 972) 822-9407,http://www.masterjanitorialsupply.com
[email protected],"2254 Royal Ln #200, Dallas, TX 75229",972) 243-6747 / 972) 822-9407,http://www.masterjanitorialsupply.com
MB1 Wholesale,"2544 Joe Field Road #102, Dallas, TX 75229",972) 620-0032,https://maps.google.com/maps?f=d&source=s_d&saddr=&daddr=2544+Joe+Field+Road+%23102%2C+Dallas%2C+TX+75229&z=16&iwloc=A&z=auto
KS 바디정비,"10718 President Dr. #101, Dallas, TX 75243",214) 340-1120,https://maps.google.com/maps?f=d&source=s_d&saddr=&daddr=10718+President+Dr.+%23101%2C+Dallas%2C+TX+75243&z=16&iwloc=A&z=auto
킬린운전학교 (Killeen Driving School),"3810 Trimmier Rd. #500, Killeen, TX 76542",254) 526-6699,http://www.killeendefensivedriving.com
[email protected],"3810 Trimmier Rd. #500, Killeen, TX 76542",254) 526-6699,http://www.killeendefensivedriving.com
경희대학교,,972) 898-5222,
NISI USA (Samsung Care),"1345 Valwood Pkwy #311 Carrollton, TX 75006",972-488-0001,https://maps.google.com/maps?f=d&source=s_d&saddr=&daddr=1345+Valwood+Pkwy+%23311+Carrollton%2C+TX+75006&z=16&iwloc=A&z=auto
Euna Chung 부동산 (Landmark Realty Group),"1016 W. Trinity Rd. Suite 116, Carrollton, TX 75006",213.820.9375,https://maps.google.com/maps?f=d&source=s_d&saddr=&daddr=1016+W.+Trinity+Rd.+Suite+116%2C+Carrollton%2C+TX+75006&z=16&iwloc=A&z=auto
[email protected],"1016 W. Trinity Rd. Suite 116, Carrollton, TX 75006",213.820.9375,https://maps.google.com/maps?f=d&source=s_d&saddr=&daddr=1016+W.+Trinity+Rd.+Suite+116%2C+Carrollton%2C+TX+75006&z=16&iwloc=A&z=auto
River Place Country Club,"4207 River Place Boulevard, Austin, TX 78730",512) 346-1114,http://www.riverplaceclub.com
혼다 HONDA (David McDavid Honda),"3700 W. Airpot Freeway, Irving, TX 75062",972) 790-6100,https://www.mcdavidhondairving.com
(Mon-Sat) 8:30am ~ 9:00pm,"3700 W. Airpot Freeway, Irving, TX 75062",972) 790-6100,https://www.mcdavidhondairving.com
Celebration CO.,"11818 Harry Hines Blvd. #208, Dallas, TX 75234",972) 243-2400,http://www.celebrationdallas.com
[email protected],"11818 Harry Hines Blvd. #208, Dallas, TX 75234",972) 243-2400,http://www.celebrationdallas.com
업소록,"10700 Richmond Ave. #224, Houston, TX 77042",713) 278-2078 / 214) 244-7652 / 214) 762-6143 / 281) 442-4898 / 214) 261-3025 / 469) 644-7158 / 469-955-4224 / 972) 832-0660 / 972) 446-2663 / 214) 457-2015 / 214) 466-0888,https://maps.google.com/maps?f=d&source=s_d&saddr=&daddr=10700+Richmond+Ave.+%23224%2C+Houston%2C+TX+77042&z=16&iwloc=A&z=auto
한혜정 법률사무소,"10700 Richmond Ave. #224, Houston, TX 77042",713) 278-2078 / 214) 244-7652 / 214) 762-6143 / 281) 442-4898 / 214) 261-3025 / 469) 644-7158 / 469-955-4224 / 972) 832-0660 / 972) 446-2663 / 214) 457-2015 / 214) 466-0888,https://maps.google.com/maps?f=d&source=s_d&saddr=&daddr=10700+Richmond+Ave.+%23224%2C+Houston%2C+TX+77042&z=16&iwloc=A&z=auto
한혜정 법률사무소,"10700 Richmond Ave. #224, Houston, TX 77042",713) 278-2078,https://maps.google.com/maps?f=d&source=s_d&saddr=&daddr=10700+Richmond+Ave.+%23224%2C+Houston%2C+TX+77042&z=16&iwloc=A&z=auto
주빌리교회,"10955 Custer Road, Frisco, TX 75035",214) 244-7652,https://www.jubileechurch.us
북텍사스 이북도민회,"2254 Royal Ln. #200, Dallas, TX 75229",214) 762-6143,https://maps.google.com/maps?f=d&source=s_d&saddr=&daddr=2254+Royal+Ln.+%23200%2C+Dallas%2C+TX+75229&z=16&iwloc=A&z=auto
실버스타 익스프레스,"2700 Greens Rd. BLDG I #100, Houston, TX 77032",281) 442-4898,https://maps.google.com/maps?f=d&source=s_d&saddr=&daddr=2700+Greens+Rd.+BLDG+I+%23100%2C+Houston%2C+TX+77032&z=16&iwloc=A&z=auto
Jinny BeautySupply of Dallas,"2527 Willowbrook Road #400, Dallas, TX 75220",214) 261-3025,http://www.jinny.com
"(Mon–Fri) 8:30am ~ 6:00pm, (Sat) 8:30am ~ 12:30pm","2527 Willowbrook Road #400, Dallas, TX 75220",214) 261-3025,http://www.jinny.com
최성주 부동산,"2625 Old Denton Rd. #444, Carrollton, TX 75007",469) 644-7158,https://maps.google.com/maps?f=d&source=s_d&saddr=&daddr=2625+Old+Denton+Rd.+%23444%2C+Carrollton%2C+TX+75007&z=16&iwloc=A&z=auto
매일 전기,"2530 Electronic Ln #705, Dallas, TX 75229",469-955-4224,https://maps.google.com/maps?f=d&source=s_d&saddr=&daddr=2530+Electronic+Ln+%23705%2C+Dallas%2C+TX+75229&z=16&iwloc=A&z=auto
Breewig 웹디자인,"7000 Independence Pkwy. #160, Plano, TX 75025",972) 832-0660,https://www.breewig.com
캐롤톤 몬테소리 (A Child's Garden Montessori),"1935 Old Denton Rd., Carrollton, TX 75006",972) 446-2663,http://www.acgmontessori.org
한국 이삿짐 / 익스프레스 (Korea Express),"1758 X St. Dallas, TX 75229",214) 457-2015 / 214) 466-0888,https://www.Koreaexpress.com
업소록,"4606 Mangum Road, Houston, TX 77092",832) 643-2290 / 713) 465-6588 / 972) 951-5864 / 214) 522-3780 / 469) 510-6776 / 512) 583-8822 / 214) 483-3838 / 469) 774-9669 / 972-988-9477 / 254) 628-0338 / 817) 488-7740,https://www.vcohucc.org
휴스턴 비젼교회,"4606 Mangum Road, Houston, TX 77092",832) 643-2290 / 713) 465-6588 / 972) 951-5864 / 214) 522-3780 / 469) 510-6776 / 512) 583-8822 / 214) 483-3838 / 469) 774-9669 / 972-988-9477 / 254) 628-0338 / 817) 488-7740,https://www.vcohucc.org
휴스턴 비젼교회,"4606 Mangum Road, Houston, TX 77092",832) 643-2290,https://www.vcohucc.org
휴스턴 한인노인회,"1414 Longhorn Drive, Houston, TX 77080",713) 465-6588,https://maps.google.com/maps?f=d&source=s_d&saddr=&daddr=1414+Longhorn+Drive%2C+Houston%2C+TX+77080&z=16&iwloc=A&z=auto
루이스빌 중앙침례교회,"711 W. Purnell Street, Lewisville, TX 75067",972) 951-5864,https://maps.google.com/maps?f=d&source=s_d&saddr=&daddr=711+W.+Purnell+Street%2C+Lewisville%2C+TX+75067&z=16&iwloc=A&z=auto
Weir's Furniture (Dallas),"3219 Knox St, Dallas, TX 75205",214) 522-3780,https://maps.google.com/maps?f=d&source=s_d&saddr=&daddr=3219+Knox+St%2C+Dallas%2C+TX+75205&z=16&iwloc=A&z=auto
weirsfurniture.com,"3219 Knox St, Dallas, TX 75205",214) 522-3780,https://maps.google.com/maps?f=d&source=s_d&saddr=&daddr=3219+Knox+St%2C+Dallas%2C+TX+75205&z=16&iwloc=A&z=auto
국제건설 (KUKJE),"9750 Brockbank Dr. #1, Dallas, TX 75220",469) 510-6776,https://maps.google.com/maps?f=d&source=s_d&saddr=&daddr=9750+Brockbank+Dr.+%231%2C+Dallas%2C+TX+75220&z=16&iwloc=A&z=auto
[email protected],"9750 Brockbank Dr. #1, Dallas, TX 75220",469) 510-6776,https://maps.google.com/maps?f=d&source=s_d&saddr=&daddr=9750+Brockbank+Dr.+%231%2C+Dallas%2C+TX+75220&z=16&iwloc=A&z=auto
한미은행 어스틴 (Hanmi Bank),"5816 N IH-35, Austin, TX 78751",512) 583-8822,http://www.hanmi.com
"(Mon-Thu) 9:00am ~ 5:00pm, (Fri) 9:00am ~ 5:00pm","5816 N IH-35, Austin, TX 78751",512) 583-8822,http://www.hanmi.com
정관장 (한국인삼공사) 캐롤튼,"2625 Old Denton Rd. #304, Carrollton, TX 75007 (H-Mart 옆)",214) 483-3838 / 469) 774-9669,http://www.kgcus.com
Golden Owl (황금 부엉이),"4819 State Hwy. 121 Unit #13 The Colony, TX 75056",972-988-9477,https://maps.google.com/maps?f=d&source=s_d&saddr=&daddr=4819+State+Hwy.+121+Unit+%2313+The+Colony%2C+TX+75056&z=16&iwloc=A&z=auto
코리아나 식당,"205 W. Rancier Avenue, Killeen, TX 76541",254) 628-0338,https://maps.google.com/maps?f=d&source=s_d&saddr=&daddr=205+W.+Rancier+Avenue%2C+Killeen%2C+TX+76541&z=16&iwloc=A&z=auto
한진택배 (Hanjin Global Longistic Provider),,817) 488-7740,http://www.hanjinusa.com
업소록,"1204 College Pkwy. # 811, Lewisville, TX 75077",469.630.0111 / 972) 241-9771 / 866) 730-1377 / 972) 247-1030 / 254) 833-1047 / 972) 242-1177 / 945)-280-8777 / 469) 951-1800 / 972) 951-1277 / 469.289.0820 / 713) 974-2200 / 713) 974-5877,https://maps.google.com/maps?f=d&source=s_d&saddr=&daddr=1204+College+Pkwy.+%23+811%2C+Lewisville%2C+TX+75077&z=16&iwloc=A&z=auto
신유정 보험 (Insurance USA Investment. INC),"1204 College Pkwy. # 811, Lewisville, TX 75077",469.630.0111 / 972) 241-9771 / 866) 730-1377 / 972) 247-1030 / 254) 833-1047 / 972) 242-1177 / 945)-280-8777 / 469) 951-1800 / 972) 951-1277 / 469.289.0820 / 713) 974-2200 / 713) 974-5877,https://maps.google.com/maps?f=d&source=s_d&saddr=&daddr=1204+College+Pkwy.+%23+811%2C+Lewisville%2C+TX+75077&z=16&iwloc=A&z=auto
신유정 보험 (Insurance USA Investment. INC),"1204 College Pkwy. # 811, Lewisville, TX 75077",469.630.0111,https://maps.google.com/maps?f=d&source=s_d&saddr=&daddr=1204+College+Pkwy.+%23+811%2C+Lewisville%2C+TX+75077&z=16&iwloc=A&z=auto
[email protected],"1204 College Pkwy. # 811, Lewisville, TX 75077",469.630.0111,https://maps.google.com/maps?f=d&source=s_d&saddr=&daddr=1204+College+Pkwy.+%23+811%2C+Lewisville%2C+TX+75077&z=16&iwloc=A&z=auto
Y.K. Trading INC.,"2560 Glenda Lane, Dallas, TX 75229",972) 241-9771 / 866) 730-1377,http://www.yktrading.com
(Mon-Fri) 9:00am ~ 6:30pm,"2560 Glenda Lane, Dallas, TX 75229",972) 241-9771 / 866) 730-1377,http://www.yktrading.com
노라조 노래방,"11311 Harry Hines Blvd. #506, Dallas, TX 75229",972) 247-1030,https://maps.google.com/maps?f=d&source=s_d&saddr=&daddr=11311+Harry+Hines+Blvd.+%23506%2C+Dallas%2C+TX+75229&z=16&iwloc=A&z=auto
에이미 부동산,,254) 833-1047,
[email protected],,254) 833-1047,
김 & 장 회계사 (Kim & Jang CPA),"3044 Old Denton Rd. #300, Carrollton, TX 75007",972) 242-1177,https://maps.google.com/maps?f=d&source=s_d&saddr=&daddr=3044+Old+Denton+Rd.+%23300%2C+Carrollton%2C+TX+75007&z=16&iwloc=A&z=auto
[email protected],"3044 Old Denton Rd. #300, Carrollton, TX 75007",972) 242-1177,https://maps.google.com/maps?f=d&source=s_d&saddr=&daddr=3044+Old+Denton+Rd.+%23300%2C+Carrollton%2C+TX+75007&z=16&iwloc=A&z=auto
미드웨스트 대학교,"2828 E. Trinity Mls Rd. Carrollton, TX 75006",945)-280-8777,https://maps.google.com/maps?f=d&source=s_d&saddr=&daddr=2828+E.+Trinity+Mls+Rd.+Carrollton%2C+TX+75006&z=16&iwloc=A&z=auto
[email protected],"2828 E. Trinity Mls Rd. Carrollton, TX 75006",945)-280-8777,https://maps.google.com/maps?f=d&source=s_d&saddr=&daddr=2828+E.+Trinity+Mls+Rd.+Carrollton%2C+TX+75006&z=16&iwloc=A&z=auto
달라스 서울교회,"2408 E. Trinity Mills #114, Carrollton, TX 75006",469) 951-1800,http://www.podbbang.com/ch/12165
남연숙 플롯 개인교습,,972) 951-1277,
The Knockout Crab,"3940 Rosemeade Pkwy, Suite #170 Dallas, TX 75287",469.289.0820,https://maps.google.com/maps?f=d&source=s_d&saddr=&daddr=3940+Rosemeade+Pkwy%2C+Suite+%23170+Dallas%2C+TX+75287&z=16&iwloc=A&z=auto
조아 악세서리,"6824 Harwin Drive, Houston, TX 77036",713) 974-2200 / 713) 974-5877,https://maps.google.com/maps?f=d&source=s_d&saddr=&daddr=6824+Harwin+Drive%2C+Houston%2C+TX+77036&z=16&iwloc=A&z=auto
장 카이로프랙틱 어빙 (Zhang Chiropractic TCM Clinic),"8820 MacArthur Blvd. #102, Irving, TX 75063",972) 401-1515,http://www.acuchiroherbs.com
[email protected],"8820 MacArthur Blvd. #102, Irving, TX 75063",972) 401-1515,http://www.acuchiroherbs.com
Janitorial Supplies Company,"2947 Walnut Hill Lane #102, Dallas, TX 75229",214) 350-5525,https://maps.google.com/maps?f=d&source=s_d&saddr=&daddr=2947+Walnut+Hill+Lane+%23102%2C+Dallas%2C+TX+75229&z=16&iwloc=A&z=auto
jansup.com,"2947 Walnut Hill Lane #102, Dallas, TX 75229",214) 350-5525,https://maps.google.com/maps?f=d&source=s_d&saddr=&daddr=2947+Walnut+Hill+Lane+%23102%2C+Dallas%2C+TX+75229&z=16&iwloc=A&z=auto
어스틴 메디테이션,"1501 W. Koenig Lane, Austin, TX 78756",512) 585-6987,https://www.austinmeditation.net
[email protected],"1501 W. Koenig Lane, Austin, TX 78756",512) 585-6987,https://www.austinmeditation.net
달라스 제자 침례교회,"1017 Erie Street, Carrollton, TX 75006",469) 701-0915,http://www.dallasjeja.org/
[email protected],"1017 Erie Street, Carrollton, TX 75006",469) 701-0915,http://www.dallasjeja.org/
정헌 장례보험,"2828 Forest Ln. #1155, Dallas, TX 75234",469) 867-0863,https://www.wellbeinglife.us
[email protected],"2828 Forest Ln. #1155, Dallas, TX 75234",469) 867-0863,https://www.wellbeinglife.us
JEI 재능 교육 (우드랜드 웨스트) – JEI Learning Center of The Woodlands West,"8008 Ashlane Way. Suite # 120, The Woodlands, TX 77382",832) 663-6446,http://thewoodlandswest.jeilearning.com
[email protected],"8008 Ashlane Way. Suite # 120, The Woodlands, TX 77382",832) 663-6446,http://thewoodlandswest.jeilearning.com
T-Max 디자인,"8000 Harwin Dr. #410-A, Houston, TX 77036",713) 780-8687,https://maps.google.com/maps?f=d&source=s_d&saddr=&daddr=8000+Harwin+Dr.+%23410-A%2C+Houston%2C+TX+77036&z=16&iwloc=A&z=auto
J A Trophy & Sign,"9819 Long Point Rd. #B, Houston, TX 77055",713) 468-5018,https://maps.google.com/maps?f=d&source=s_d&saddr=&daddr=9819+Long+Point+Rd.+%23B%2C+Houston%2C+TX+77055&z=16&iwloc=A&z=auto
Mass Discount Merchandizer,"11035 Harry Hines Blvd. #203, Dallas, TX 75229",214) 350-1253,http://www.massdiscountmerchandizer.com
챔피언 부동산,"4215 Fairway Dr, Suite 132 Carrollton, TX 75010",469 993 9434,https://maps.google.com/maps?f=d&source=s_d&saddr=&daddr=4215+Fairway+Dr%2C+Suite+132+Carrollton%2C+TX+75010&z=16&iwloc=A&z=auto
업소록,"950 Threadneedle St. #260, Houston, TX 77079",713) 502-0672 / 405) 787-0100 / 469) 623-6052 / 469) 879-1436 / 817) 490-5454 / 800) 243-0000 / 832) 860-8215 / 281) 235-3419 / 713) 952-9193 / 972) 280-9006 / 214) 929-9927 / 469) 258-0595,https://maps.google.com/maps?f=d&source=s_d&saddr=&daddr=950+Threadneedle+St.+%23260%2C+Houston%2C+TX+77079&z=16&iwloc=A&z=auto
주현숙 회계사,"950 Threadneedle St. #260, Houston, TX 77079",713) 502-0672 / 405) 787-0100 / 469) 623-6052 / 469) 879-1436 / 817) 490-5454 / 800) 243-0000 / 832) 860-8215 / 281) 235-3419 / 713) 952-9193 / 972) 280-9006 / 214) 929-9927 / 469) 258-0595,https://maps.google.com/maps?f=d&source=s_d&saddr=&daddr=950+Threadneedle+St.+%23260%2C+Houston%2C+TX+77079&z=16&iwloc=A&z=auto
주현숙 회계사,"950 Threadneedle St. #260, Houston, TX 77079",713) 502-0672,https://maps.google.com/maps?f=d&source=s_d&saddr=&daddr=950+Threadneedle+St.+%23260%2C+Houston%2C+TX+77079&z=16&iwloc=A&z=auto
Flowerama,"5040 N MacArthur Blvd., Oklahoma City, OK 73122",405) 787-0100,http://www.floweramaok.com
[email protected],"5040 N MacArthur Blvd., Oklahoma City, OK 73122",405) 787-0100,http://www.floweramaok.com
Kate Lee 부동산,"850 E. State Hwy. 114, Southlake, TX 76092",469) 623-6052,https://maps.google.com/maps?f=d&source=s_d&saddr=&daddr=850+E.+State+Hwy.+114%2C+Southlake%2C+TX+76092&z=16&iwloc=A&z=auto
한남대학교,,469) 879-1436,
LG Electronics,"2155 Eagle Parkway, Fort Worth, TX 76177",817) 490-5454 / 800) 243-0000,https://maps.google.com/maps?f=d&source=s_d&saddr=&daddr=2155+Eagle+Parkway%2C+Fort+Worth%2C+TX+76177&z=16&iwloc=A&z=auto
lg.com,"2155 Eagle Parkway, Fort Worth, TX 76177",817) 490-5454 / 800) 243-0000,https://maps.google.com/maps?f=d&source=s_d&saddr=&daddr=2155+Eagle+Parkway%2C+Fort+Worth%2C+TX+76177&z=16&iwloc=A&z=auto
필로스 축구단,,832) 860-8215,
휴스턴 한인소매인협회,,281) 235-3419,
그레이트 굿스,"7501 Harwin Dr. #101C, Houston, TX 77036",713) 952-9193,https://maps.google.com/maps?f=d&source=s_d&saddr=&daddr=7501+Harwin+Dr.+%23101C%2C+Houston%2C+TX+77036&z=16&iwloc=A&z=auto
장리나 건강마을,"2240 Royal Ln. #306, Dallas, TX 75229",972) 280-9006 / 214) 929-9927,https://www.Healthsite4u.com
[email protected],"2240 Royal Ln. #306, Dallas, TX 75229",972) 280-9006 / 214) 929-9927,https://www.Healthsite4u.com
풍성한 교회,"4230 W. Buckingham Road, Garland, TX 75042",469) 258-0595,https://maps.google.com/maps?f=d&source=s_d&saddr=&daddr=4230+W.+Buckingham+Road%2C+Garland%2C+TX+75042&z=16&iwloc=A&z=auto
업소록,"771 W Round Grove Rd Ste W100 Lewisville, Texas 75067",469.735.6419 / 972) 904-8808 / 288331395029166 / 849265525602414 / 469) 293-2530 / 469.974.2211 / 972-810-0166 / 972-815-8450 / 469.616.9297 / 972) 820-7909 / 972-241-3760 / 214-771-6735 / 214) 566-5723 / 972) 488-1510,https://www.facebook.com/288331395029166/posts/849265525602414/
(사)한국 국악 협회,"771 W Round Grove Rd Ste W100 Lewisville, Texas 75067",469.735.6419 / 972) 904-8808 / 288331395029166 / 849265525602414 / 469) 293-2530 / 469.974.2211 / 972-810-0166 / 972-815-8450 / 469.616.9297 / 972) 820-7909 / 972-241-3760 / 214-771-6735 / 214) 566-5723 / 972) 488-1510,https://www.facebook.com/288331395029166/posts/849265525602414/
(사)한국 국악 협회,,469.735.6419 / 972) 904-8808 / 288331395029166 / 849265525602414,https://www.facebook.com/288331395029166/posts/849265525602414/
[email protected],,469.735.6419 / 972) 904-8808 / 288331395029166 / 849265525602414,https://www.facebook.com/288331395029166/posts/849265525602414/
Park Dental Clinic,"771 W Round Grove Rd Ste W100 Lewisville, Texas 75067",469) 293-2530,https://www.parkdentalclinic.com
"(Mon-Thur) 9:30am ~ 5:00pm, (Fri-Sat) Appointment Only","771 W Round Grove Rd Ste W100 Lewisville, Texas 75067",469) 293-2530,https://www.parkdentalclinic.com
새롬 컨스트럭션 (SAEROM Construction),,469.974.2211,https://www.saeromconstruction.com
우리 아메리칸 은행,"1028 Mac Arthur Dr suite 108, Carrollton, TX 75007",972-810-0166 / 972-815-8450,https://maps.google.com/maps?f=d&source=s_d&saddr=&daddr=1028+Mac+Arthur+Dr++suite+108%2C+Carrollton%2C+TX+75007&z=16&iwloc=A&z=auto
[email protected],"1028 Mac Arthur Dr suite 108, Carrollton, TX 75007",972-810-0166 / 972-815-8450,https://maps.google.com/maps?f=d&source=s_d&saddr=&daddr=1028+Mac+Arthur+Dr++suite+108%2C+Carrollton%2C+TX+75007&z=16&iwloc=A&z=auto
버닝 라이스 (Burning Rice),,469.616.9297,
burningricefranchise.com,,469.616.9297,
아베 (ABE),"2625 Old Denton Rd. #550, Carrollton, TX 75007",972) 820-7909,http://www.abefoodbar.com
다마시따,"2564 Royal Ln., Dallas, TX 75229 (고려갈비 옆)",972-241-3760,https://maps.google.com/maps?f=d&source=s_d&saddr=&daddr=2564+Royal+Ln.%2C+Dallas%2C+TX+75229+%28%EA%B3%A0%EB%A0%A4%EA%B0%88%EB%B9%84+%EC%98%86%29&z=16&iwloc=A&z=auto
스마트(대한)전기,,214-771-6735,
김혜성 부동산,,214) 566-5723,
하나기획 (Hana Graphic & Printing),"2525 Royal Ln. #335, Dallas, TX 75229",972) 488-1510,https://maps.google.com/maps?f=d&source=s_d&saddr=&daddr=2525+Royal+Ln.+%23335%2C+Dallas%2C+TX+75229&z=16&iwloc=A&z=auto
업소록,"11055 Dennis Rd. # 7, Dallas, TX 75229",972) 484-0104 / 512) 301-5959 / 512) 977-9977 / 254) 526-2191 / 972) 401-1888 / 214) 731-9999 / 972-998-0895 / 512) 454-1727 / 972.685.3100 / 713) 532-1119 / 972) 988-9477 / 972) 393-2122,https://maps.google.com/maps?f=d&source=s_d&saddr=&daddr=11055+Dennis+Rd.+%23+7%2C+Dallas%2C+TX+75229&z=16&iwloc=A&z=auto
컴퓨라인 (Compuline),"11055 Dennis Rd. # 7, Dallas, TX 75229",972) 484-0104 / 512) 301-5959 / 512) 977-9977 / 254) 526-2191 / 972) 401-1888 / 214) 731-9999 / 972-998-0895 / 512) 454-1727 / 972.685.3100 / 713) 532-1119 / 972) 988-9477 / 972) 393-2122,https://maps.google.com/maps?f=d&source=s_d&saddr=&daddr=11055+Dennis+Rd.+%23+7%2C+Dallas%2C+TX+75229&z=16&iwloc=A&z=auto
컴퓨라인 (Compuline),"11055 Dennis Rd. # 7, Dallas, TX 75229",972) 484-0104,https://maps.google.com/maps?f=d&source=s_d&saddr=&daddr=11055+Dennis+Rd.+%23+7%2C+Dallas%2C+TX+75229&z=16&iwloc=A&z=auto
예수찬양교회,"103 W. Braker Lane, Austin, TX 78753",512) 301-5959 / 512) 977-9977,https://maps.google.com/maps?f=d&source=s_d&saddr=&daddr=103+W.+Braker+Lane%2C+Austin%2C+TX+78753&z=16&iwloc=A&z=auto
이스트게이트 이*미용실,"302 N. Fort Hood Road, Killeen, TX 76541",254) 526-2191,https://maps.google.com/maps?f=d&source=s_d&saddr=&daddr=302+N.+Fort+Hood+Road%2C+Killeen%2C+TX+76541&z=16&iwloc=A&z=auto
질러존 노래방,"1894 Royal Lane, Dallas, TX 75229",972) 401-1888,https://maps.google.com/maps?f=d&source=s_d&saddr=&daddr=1894+Royal+Lane%2C+Dallas%2C+TX+75229&z=16&iwloc=A&z=auto
"Verizon Authorized Retailer, Your Wireless (버라이존 캐롤튼 점)","1016 E Hebron Pkwy #120, Carrollton, TX 75010",214) 731-9999 / 972-998-0895,http://www.yourwirelessinc.com/
"(MON-SAT) 10AM-8PM, (SUN) 11AM-6PM","1016 E Hebron Pkwy #120, Carrollton, TX 75010",214) 731-9999 / 972-998-0895,http://www.yourwirelessinc.com/
어스틴 한인장로교회,"12311 Natures Vend, Austin, TX 78753",512) 454-1727,http://www.akpc.org
[email protected],"12311 Natures Vend, Austin, TX 78753",512) 454-1727,http://www.akpc.org
ONE n TWO (한앤둘 치킨),"2558 Royal Ln. #2558, Dallas, TX 75229",972.685.3100,https://maps.google.com/maps?f=d&source=s_d&saddr=&daddr=2558+Royal+Ln.+%232558%2C+Dallas%2C+TX+75229&z=16&iwloc=A&z=auto
휴스턴 시큐리티 시스템,,713) 532-1119,
오메가 카드 서비스,"11536 Harry Hines Blvd. #217, Dallas, TX 75229",972) 988-9477,https://maps.google.com/maps?f=d&source=s_d&saddr=&daddr=11536+Harry+Hines+Blvd.+%23217%2C+Dallas%2C+TX+75229&z=16&iwloc=A&z=auto
King's Tailor & Alteration,"600 E. Shandy Lake Rd. #114, Coppell, TX 75019",972) 393-2122,https://maps.google.com/maps?f=d&source=s_d&saddr=&daddr=600+E.+Shandy+Lake+Rd.+%23114%2C+Coppell%2C+TX+75019&z=16&iwloc=A&z=auto
업소록,"9923 Harwin Drive, Houston, TX 77036",713) 384-3000 / 972-241-8999 / 972) 831-9888 / 972)-831-9889 / 817) 896-4711 / 972) 484-4989 / 214) 837-5000 / 855) 894-0476 / 214) 592-2107 / 214) 900-2403 / 281) 974-4928 / 512) 420-0499 / 972) 317-1600 / 972) 986-2000,https://maps.google.com/maps?f=d&source=s_d&saddr=&daddr=9923+Harwin+Drive%2C+Houston%2C+TX+77036&z=16&iwloc=A&z=auto
원터치 엔터프라이즈,"9923 Harwin Drive, Houston, TX 77036",713) 384-3000 / 972-241-8999 / 972) 831-9888 / 972)-831-9889 / 817) 896-4711 / 972) 484-4989 / 214) 837-5000 / 855) 894-0476 / 214) 592-2107 / 214) 900-2403 / 281) 974-4928 / 512) 420-0499 / 972) 317-1600 / 972) 986-2000,https://maps.google.com/maps?f=d&source=s_d&saddr=&daddr=9923+Harwin+Drive%2C+Houston%2C+TX+77036&z=16&iwloc=A&z=auto
원터치 엔터프라이즈,"9923 Harwin Drive, Houston, TX 77036",713) 384-3000,https://maps.google.com/maps?f=d&source=s_d&saddr=&daddr=9923+Harwin+Drive%2C+Houston%2C+TX+77036&z=16&iwloc=A&z=auto
Honeycomb Engineering Inc.,"2974 LBJ Fwy. #300, Dallas, TX 75234",972-241-8999,https://maps.google.com/maps?f=d&source=s_d&saddr=&daddr=2974+LBJ+Fwy.+%23300%2C+Dallas%2C+TX+75234&z=16&iwloc=A&z=auto
Fortune House,"8150 N. MacArthur Blvd. #190, Irving, TX 75063",972) 831-9888 / 972)-831-9889,https://www.fortunehouseirving.com
"(Mon-Sun) 11:00am ~ 3:00pm, 5:00pm ~ 10:00pm","8150 N. MacArthur Blvd. #190, Irving, TX 75063",972) 831-9888 / 972)-831-9889,https://www.fortunehouseirving.com
4RS 도넛장비수리,,817) 896-4711,
White Stone Construction,"13850 N. Stemmons Fwy. Farmers Branch, TX 75234",972) 484-4989 / 214) 837-5000,http://www.whitestonec.com
[email protected],"13850 N. Stemmons Fwy. Farmers Branch, TX 75234",972) 484-4989 / 214) 837-5000,http://www.whitestonec.com
룻 라일리 혼다 (Lute Riley Honda),"1331 N. Central Expressway, Richardson, TX 75080",855) 894-0476 / 214) 592-2107 / 214) 900-2403,http://www.luterileyhonda.com/
(Mon-Sat) 8:30am ~ 9:00pm,"1331 N. Central Expressway, Richardson, TX 75080",855) 894-0476 / 214) 592-2107 / 214) 900-2403,http://www.luterileyhonda.com/
로얄게이트 (Royal Gate),"1711 Gessner Rd., Houston, TX 77080",281) 974-4928,https://maps.google.com/maps?f=d&source=s_d&saddr=&daddr=1711+Gessner+Rd.%2C+Houston%2C+TX+77080&z=16&iwloc=A&z=auto
반찬천국,"6613 A Airport Blvd., Austin, TX 78752",512) 420-0499,https://maps.google.com/maps?f=d&source=s_d&saddr=&daddr=6613+A+Airport+Blvd.%2C+Austin%2C+TX+78752&z=16&iwloc=A&z=auto
킹콩신발*가방*옷수선 (KingKong Shoes Repair & Alteration),"1301 Justin Road #108, Lewisville, TX 75077",972) 317-1600,https://maps.google.com/maps?f=d&source=s_d&saddr=&daddr=1301+Justin+Road+%23108%2C+Lewisville%2C+TX+75077&z=16&iwloc=A&z=auto
신촌 프라자 (Shoppers Alley),"11422 Harry Hines Blvd., Dallas, TX 75229",972) 986-2000,https://maps.google.com/maps?f=d&source=s_d&saddr=&daddr=11422+Harry+Hines+Blvd.%2C+Dallas%2C+TX+75229&z=16&iwloc=A&z=auto
업소록,"4460 W. Walnut St. #114, Garland, TX 75042",972) 487-1114 / 713) 464-4295 / 972) 745-1929 / 1644272822481576 / 214) 406-4001 / 214) 632-5397 / 877-263-3236 / 713 952 3880 / 972) 991-8688 / 469-618-4049 / 469) 831-4866 / 972) 620-7460,https://maps.google.com/maps?f=d&source=s_d&saddr=&daddr=4460+W.+Walnut+St.+%23114%2C+Garland%2C+TX+75042&z=16&iwloc=A&z=auto
리오 미용실 (Rio Haircut),"4460 W. Walnut St. #114, Garland, TX 75042",972) 487-1114 / 713) 464-4295 / 972) 745-1929 / 1644272822481576 / 214) 406-4001 / 214) 632-5397 / 877-263-3236 / 713 952 3880 / 972) 991-8688 / 469-618-4049 / 469) 831-4866 / 972) 620-7460,https://maps.google.com/maps?f=d&source=s_d&saddr=&daddr=4460+W.+Walnut+St.+%23114%2C+Garland%2C+TX+75042&z=16&iwloc=A&z=auto
리오 미용실 (Rio Haircut),"4460 W. Walnut St. #114, Garland, TX 75042",972) 487-1114,https://maps.google.com/maps?f=d&source=s_d&saddr=&daddr=4460+W.+Walnut+St.+%23114%2C+Garland%2C+TX+75042&z=16&iwloc=A&z=auto
현대백화점 (코리아나/닥터G),"1304-A Blalock Rd., Houston, TX 77055",713) 464-4295,https://maps.google.com/maps?f=d&source=s_d&saddr=&daddr=1304-A+Blalock+Rd.%2C+Houston%2C+TX+77055&z=16&iwloc=A&z=auto
Silk Nails,"1411 E. Sandy Lake #110, Coppell, TX 75019",972) 745-1929 / 1644272822481576,https://www.facebook.com/Silk-Nail-1644272822481576/?ref=page_internal
[email protected],"1411 E. Sandy Lake #110, Coppell, TX 75019",972) 745-1929 / 1644272822481576,https://www.facebook.com/Silk-Nail-1644272822481576/?ref=page_internal
Kostar Imports,"2530 Electronic Ln. #704, Dallas, TX 75220",214) 406-4001 / 214) 632-5397,https://maps.google.com/maps?f=d&source=s_d&saddr=&daddr=2530+Electronic+Ln.+%23704%2C+Dallas%2C+TX+75220&z=16&iwloc=A&z=auto
VAN HYUNDAI (밴 현대),"1200 Vandergriff Dr. Carrollton, TX 75006",877-263-3236,https://maps.google.com/maps?f=d&source=s_d&saddr=&daddr=1200+Vandergriff+Dr.+Carrollton%2C+TX+75006&z=16&iwloc=A&z=auto
[email protected],"1200 Vandergriff Dr. Carrollton, TX 75006",877-263-3236,https://maps.google.com/maps?f=d&source=s_d&saddr=&daddr=1200+Vandergriff+Dr.+Carrollton%2C+TX+75006&z=16&iwloc=A&z=auto
Coam Beverage Inc (코암 진로소주),"10560 Newlriks st. #404 Dallas Tx, 75220",713 952 3880,https://maps.google.com/maps?f=d&source=s_d&saddr=&daddr=10560+Newlriks+st.+%23404+Dallas+Tx%2C+75220&z=16&iwloc=A&z=auto
[email protected],"10560 Newlriks st. #404 Dallas Tx, 75220",713 952 3880,https://maps.google.com/maps?f=d&source=s_d&saddr=&daddr=10560+Newlriks+st.+%23404+Dallas+Tx%2C+75220&z=16&iwloc=A&z=auto
Bong's Master Tailor,"5920 Beltline Rd. #310, Dallas, TX 75254",972) 991-8688,https://maps.google.com/maps?f=d&source=s_d&saddr=&daddr=5920+Beltline+Rd.+%23310%2C+Dallas%2C+TX+75254&z=16&iwloc=A&z=auto
리틀 익스플로러스 물리치료 (Little Explorers Therapy),,469-618-4049,https://www.littleexplorers-therapy.com/
[email protected],,469-618-4049,https://www.littleexplorers-therapy.com/
임마누엘 주찬양교회,"2308 Beaver Run, Garland, TX 75044",469) 831-4866,https://maps.google.com/maps?f=d&source=s_d&saddr=&daddr=2308+Beaver+Run%2C+Garland%2C+TX+75044&z=16&iwloc=A&z=auto
데이빗 스미스 변호사 (David L. Smith Attorney at Law),"2560 Royal Ln, #217, Dallas, TX 75229",972) 620-7460,https://maps.google.com/maps?f=d&source=s_d&saddr=&daddr=2560+Royal+Ln%2C+%23217%2C+Dallas%2C+TX+75229&z=16&iwloc=A&z=auto
cafe.naver.com/davidsmith,"2560 Royal Ln, #217, Dallas, TX 75229",972) 620-7460,https://maps.google.com/maps?f=d&source=s_d&saddr=&daddr=2560+Royal+Ln%2C+%23217%2C+Dallas%2C+TX+75229&z=16&iwloc=A&z=auto
업소록,"5501 J.F.K. Boulevard, North Little Rock, AR 72116",501) 753-6100 / 832) 633-5689 / 972) 395-0905 / 214) 497-5252 / 972) 620-2729 / 972) 392-9888 / 469-767-8854 / 832) 358-0035 / 832) 744-2940 / 817) 459-2399 / 214) 659-2900,https://maps.google.com/maps?f=d&source=s_d&saddr=&daddr=5501+J.F.K.+Boulevard%2C+North+Little+Rock%2C+AR+72116&z=16&iwloc=A&z=auto
아메리칸 태권도,"5501 J.F.K. Boulevard, North Little Rock, AR 72116",501) 753-6100 / 832) 633-5689 / 972) 395-0905 / 214) 497-5252 / 972) 620-2729 / 972) 392-9888 / 469-767-8854 / 832) 358-0035 / 832) 744-2940 / 817) 459-2399 / 214) 659-2900,https://maps.google.com/maps?f=d&source=s_d&saddr=&daddr=5501+J.F.K.+Boulevard%2C+North+Little+Rock%2C+AR+72116&z=16&iwloc=A&z=auto
아메리칸 태권도,"5501 J.F.K. Boulevard, North Little Rock, AR 72116",501) 753-6100,https://maps.google.com/maps?f=d&source=s_d&saddr=&daddr=5501+J.F.K.+Boulevard%2C+North+Little+Rock%2C+AR+72116&z=16&iwloc=A&z=auto
KASH (한인청년회),"P.O. BOx 19143, Houston, TX 77224",832) 633-5689,https://maps.google.com/maps?f=d&source=s_d&saddr=&daddr=P.O.+BOx+19143%2C+Houston%2C+TX+77224&z=16&iwloc=A&z=auto
Salon Elegant,"1500 W. Hebron Parkway, Carrollton, TX 75010",972) 395-0905 / 214) 497-5252,http://www.cksalonelegant.com
"(Mon-Sat) 10:00am ~ 8:00pm, (Sun) 1:00pm ~ 6:00pm","1500 W. Hebron Parkway, Carrollton, TX 75010",972) 395-0905 / 214) 497-5252,http://www.cksalonelegant.com
씨디 텍 (CD TEK),"11500 N. Stemmons Fwy. #190, Dallas, TX 75229",972) 620-2729,http://www.cdtekpos.com
[email protected],"11500 N. Stemmons Fwy. #190, Dallas, TX 75229",972) 620-2729,http://www.cdtekpos.com
윌리엄 추 변호사,"4455 LBJ Fwy. #1008, Dallas, TX 75244",972) 392-9888,https://www.uslawasia.com
[email protected],"4455 LBJ Fwy. #1008, Dallas, TX 75244",972) 392-9888,https://www.uslawasia.com
UNH 건축,,469-767-8854,
약속,"9444 Long Point, Houston, TX 77055",832) 358-0035,https://maps.google.com/maps?f=d&source=s_d&saddr=&daddr=9444+Long+Point%2C+Houston%2C+TX+77055&z=16&iwloc=A&z=auto
윤코치 수영레슨,,832) 744-2940,
Chaucer's Japanese Restaurant,"226 Lincoln Square, Arlington, TX 76011",817) 459-2399,https://maps.google.com/maps?f=d&source=s_d&saddr=&daddr=226+Lincoln+Square%2C+Arlington%2C+TX+76011&z=16&iwloc=A&z=auto
thechaucers.com,"226 Lincoln Square, Arlington, TX 76011",817) 459-2399,https://maps.google.com/maps?f=d&source=s_d&saddr=&daddr=226+Lincoln+Square%2C+Arlington%2C+TX+76011&z=16&iwloc=A&z=auto
에어케어 익스프레스 냉동,,214) 659-2900,
업소록,"1130 W. Trinity Mill Rd, Carrollton, TX 75006",972) 616-1197 / 972) 245-3700 / 281) 930-9987 / 512) 328-0090 / 512) 736-3317 / 972) 769-8341 / 100866029958809 / 832) 651-6420 / 214.513.0254 / 832) 456-8228 / 469) 734-9522,http://www.elidallas.com
E.L.I (Elite Language Institute),"1130 W. Trinity Mill Rd, Carrollton, TX 75006",972) 616-1197 / 972) 245-3700 / 281) 930-9987 / 512) 328-0090 / 512) 736-3317 / 972) 769-8341 / 100866029958809 / 832) 651-6420 / 214.513.0254 / 832) 456-8228 / 469) 734-9522,http://www.elidallas.com
E.L.I (Elite Language Institute),"1130 W. Trinity Mill Rd, Carrollton, TX 75006",972) 616-1197,http://www.elidallas.com
[email protected],"1130 W. Trinity Mill Rd, Carrollton, TX 75006",972) 616-1197,http://www.elidallas.com
퍼팩트 당구장,"2625 Old Denton Rd. #528, Carrollton, TX 75007",972) 245-3700,https://maps.google.com/maps?f=d&source=s_d&saddr=&daddr=2625+Old+Denton+Rd.+%23528%2C+Carrollton%2C+TX+75007&z=16&iwloc=A&z=auto
파사데나 제일침례교회,"4209 Red Bluff Road, Pasadena, TX 77053",281) 930-9987,https://www.kcmusa.org
(Sun) 11:00am ~ 2:00pm,"4209 Red Bluff Road, Pasadena, TX 77053",281) 930-9987,https://www.kcmusa.org
Austin Country Club,"4408 Long Champ Drive, Austin, TX 7846",512) 328-0090,http://www.austincountryclub.com
[email protected],"4408 Long Champ Drive, Austin, TX 7846",512) 328-0090,http://www.austincountryclub.com
JSP Realty (박재성),"10711 Dk Ranch Road, Austin, TX 78759",512) 736-3317,https://maps.google.com/maps?f=d&source=s_d&saddr=&daddr=10711+Dk+Ranch+Road%2C+Austin%2C+TX+78759&z=16&iwloc=A&z=auto
진미식당 (Jin Mi Korean Cuisine),"2727 W. 15th Street, Plano, TX 75075",972) 769-8341 / 100866029958809,https://ko-kr.facebook.com/Jin-Mi-Korean-Cuisine-100866029958809/
(Mon-Sun) 10:00am ~ 10:00pm,"2727 W. 15th Street, Plano, TX 75075",972) 769-8341 / 100866029958809,https://ko-kr.facebook.com/Jin-Mi-Korean-Cuisine-100866029958809/
김정식 웨딩포토,"777 Bateswood #17, Houston, TX 77059",832) 651-6420,https://maps.google.com/maps?f=d&source=s_d&saddr=&daddr=777+Bateswood+%2317%2C+Houston%2C+TX+77059&z=16&iwloc=A&z=auto
Mobile Friends 휴대폰 수리 / 시온마켓,"2405 S. Stemmons Fwy., Lewisville, TX 75067",214.513.0254,https://maps.google.com/maps?f=d&source=s_d&saddr=&daddr=2405+S.+Stemmons+Fwy.%2C+Lewisville%2C+TX+75067&z=16&iwloc=A&z=auto
선스 홀세일클럽,"8388 W. Sam Houston Pkwy. #180, Houston, TX 77072",832) 456-8228,https://maps.google.com/maps?f=d&source=s_d&saddr=&daddr=8388+W.+Sam+Houston+Pkwy.+%23180%2C+Houston%2C+TX+77072&z=16&iwloc=A&z=auto
김제시카 부동산,,469) 734-9522,
업소록,"2240 Royal Ln #302 Dallas, TX 75229 코마트몰 (구)헤어모드",972) 693-6247 / 713) 785-2559 / 214) 345-6789 / 972) 800-4990 / 214) 721-2096 / 832) 657-0007 / 405) 503-3562 / 972) 446-3600 / 713) 465-4590 / 713) 278-0332,https://maps.google.com/maps?f=d&source=s_d&saddr=&daddr=2240+Royal+Ln+%23302+Dallas%2C+TX+75229+%EC%BD%94%EB%A7%88%ED%8A%B8%EB%AA%B0+%28%EA%B5%AC%29%ED%97%A4%EC%96%B4%EB%AA%A8%EB%93%9C&z=16&iwloc=A&z=auto
맑음 미용실 (MG. Hair Salon),"2240 Royal Ln #302 Dallas, TX 75229 코마트몰 (구)헤어모드",972) 693-6247 / 713) 785-2559 / 214) 345-6789 / 972) 800-4990 / 214) 721-2096 / 832) 657-0007 / 405) 503-3562 / 972) 446-3600 / 713) 465-4590 / 713) 278-0332,https://maps.google.com/maps?f=d&source=s_d&saddr=&daddr=2240+Royal+Ln+%23302+Dallas%2C+TX+75229+%EC%BD%94%EB%A7%88%ED%8A%B8%EB%AA%B0+%28%EA%B5%AC%29%ED%97%A4%EC%96%B4%EB%AA%A8%EB%93%9C&z=16&iwloc=A&z=auto
맑음 미용실 (MG. Hair Salon),"2240 Royal Ln #302 Dallas, TX 75229 코마트몰 (구)헤어모드",972) 693-6247,https://maps.google.com/maps?f=d&source=s_d&saddr=&daddr=2240+Royal+Ln+%23302+Dallas%2C+TX+75229+%EC%BD%94%EB%A7%88%ED%8A%B8%EB%AA%B0+%28%EA%B5%AC%29%ED%97%A4%EC%96%B4%EB%AA%A8%EB%93%9C&z=16&iwloc=A&z=auto
주얼리 월드,"9889 Harwin Dr. #401, Houston, TX 77036",713) 785-2559,https://maps.google.com/maps?f=d&source=s_d&saddr=&daddr=9889+Harwin+Dr.+%23401%2C+Houston%2C+TX+77036&z=16&iwloc=A&z=auto
달라스 장로교 병원 (Presbyterian Hospital of Dallas),"8200 Walnut Hill Lane, Dallas, TX 75231",214) 345-6789,https://www.texashealthresources.com
죠셉김 부동산,"3045 Park Ln. #1042, Dallas, TX 75220",972) 800-4990,https://maps.google.com/maps?f=d&source=s_d&saddr=&daddr=3045+Park+Ln.+%231042%2C+Dallas%2C+TX+75220&z=16&iwloc=A&z=auto
글로벌 성구 창작소,"6312 N MacArthur Blvd, Irving, TX 75039",214) 721-2096,https://maps.google.com/maps?f=d&source=s_d&saddr=&daddr=6312+N+MacArthur+Blvd%2C+Irving%2C+TX+75039&z=16&iwloc=A&z=auto
다다미,"1927 Gessner Road, Houston, TX 77080",832) 657-0007,https://maps.google.com/maps?f=d&source=s_d&saddr=&daddr=1927+Gessner+Road%2C+Houston%2C+TX+77080&z=16&iwloc=A&z=auto
오클라호마 한인회,"4113 Sam Gordon Drive, Norman, OK 73072",405) 503-3562,https://maps.google.com/maps?f=d&source=s_d&saddr=&daddr=4113+Sam+Gordon+Drive%2C+Norman%2C+OK+73072&z=16&iwloc=A&z=auto
아이 테일러 (Eye Taylor),"2625 Old Denton Rd. #228, Carrollton, TX 75007",972) 446-3600,https://maps.google.com/maps?f=d&source=s_d&saddr=&daddr=2625+Old+Denton+Rd.+%23228%2C+Carrollton%2C+TX+75007&z=16&iwloc=A&z=auto
타운 엔 컨쥬리 플로럴,"9317-B Katy Freeway, Houston, TX 77024",713) 465-4590,https://maps.google.com/maps?f=d&source=s_d&saddr=&daddr=9317-B+Katy+Freeway%2C+Houston%2C+TX+77024&z=16&iwloc=A&z=auto
하이테크 솔루션스,"7457 Harwin Dr. #139, Houston, TX 77036",713) 278-0332,https://www.htecsol.com
업소록,"1005 Blalock Road, Houston, TX 77055",713) 932-8899 / 972) 243-2022 / 972.972.4234 / 972.638.0033 / 214) 296-2945 / 713) 467-5674 / 918) 252-2271 / 972) 365-1559 / 713) 934-9300 / 214) 662-1180 / 210) 661-7755,http://99ranch.com
99 랜치마켓 (휴스턴),"1005 Blalock Road, Houston, TX 77055",713) 932-8899 / 972) 243-2022 / 972.972.4234 / 972.638.0033 / 214) 296-2945 / 713) 467-5674 / 918) 252-2271 / 972) 365-1559 / 713) 934-9300 / 214) 662-1180 / 210) 661-7755,http://99ranch.com
99 랜치마켓 (휴스턴),"1005 Blalock Road, Houston, TX 77055",713) 932-8899,http://99ranch.com
NHW Inc,"11363 Denton Dr. #201, Dallas, TX 75229",972) 243-2022,http://www.sensetrading.com
신택수 내과 (Care MD Clinic),"2601 Lottle Elm Pkwy. #1404. Little Elm, TX 75068",972.972.4234 / 972.638.0033,https://www.careMDclinic.com
[email protected],"2601 Lottle Elm Pkwy. #1404. Little Elm, TX 75068",972.972.4234 / 972.638.0033,https://www.careMDclinic.com
루민종합병원 Lumin Care (Cross Roads),"11350 US Hwy 380 #100, Cross Roads, TX 76227",214) 296-2945,http://lumincare.luminhealth.com
"(Mon-Fri) 9:00am ~ 6:00pm, (Sat-Sun) 9:00am ~ 3:00pm","11350 US Hwy 380 #100, Cross Roads, TX 76227",214) 296-2945,http://lumincare.luminhealth.com
한 글로벌 프린팅,"1241 Blalock Rd. #101, Houston, TX 77055",713) 467-5674,https://maps.google.com/maps?f=d&source=s_d&saddr=&daddr=1241+Blalock+Rd.+%23101%2C+Houston%2C+TX+77055&z=16&iwloc=A&z=auto
쥬디스 가발,"7027 S. Memorial Road, Tulsa, OK 74133",918) 252-2271,https://maps.google.com/maps?f=d&source=s_d&saddr=&daddr=7027+S.+Memorial+Road%2C+Tulsa%2C+OK+74133&z=16&iwloc=A&z=auto
고려 부동산,"555 Waterloo Drive, Lewisville, TX 75067",972) 365-1559,https://maps.google.com/maps?f=d&source=s_d&saddr=&daddr=555+Waterloo+Drive%2C+Lewisville%2C+TX+75067&z=16&iwloc=A&z=auto
Project Carrier,"5200 Hollister St. #100, Houston, TX",713) 934-9300,https://maps.google.com/maps?f=d&source=s_d&saddr=&daddr=5200+Hollister+St.+%23100%2C+Houston%2C+TX&z=16&iwloc=A&z=auto
K-Young 건축,,214) 662-1180,
익스프레스리커,"5412 Walzem Road, San Antonio, TX 78218",210) 661-7755,https://maps.google.com/maps?f=d&source=s_d&saddr=&daddr=5412+Walzem+Road%2C+San+Antonio%2C+TX+78218&z=16&iwloc=A&z=auto
업소록,"9370 Warren Pkwy, suite 100, Frisco , TX 75035",214) 872-2875 / 972) 484-6366 / 713) 461-0612 / 972) 841-6615 / 972) 446-1110 / 972) 421-2707 / 918) 748-5624 / 405) 677-2424 / 469) 238-9322 / 972) 488-8881,http://www.dreamdentistrytx.com
서울 드림 치과,"9370 Warren Pkwy, suite 100, Frisco , TX 75035",214) 872-2875 / 972) 484-6366 / 713) 461-0612 / 972) 841-6615 / 972) 446-1110 / 972) 421-2707 / 918) 748-5624 / 405) 677-2424 / 469) 238-9322 / 972) 488-8881,http://www.dreamdentistrytx.com
서울 드림 치과,"9370 Warren Pkwy, suite 100, Frisco , TX 75035",214) 872-2875,http://www.dreamdentistrytx.com
MON - FRI 8:30 AM - 5 PM SAT BY APPOINTMENT,"9370 Warren Pkwy, suite 100, Frisco , TX 75035",214) 872-2875,http://www.dreamdentistrytx.com
The Dallas Sign Shop,"11139 Denton Dr, Dallas, TX 75229",972) 484-6366,https://maps.google.com/maps?f=d&source=s_d&saddr=&daddr=11139+Denton+Dr%2C+Dallas%2C+TX+75229&z=16&iwloc=A&z=auto
메모리얼 미용실,"12742 Memorial Drive, Houston, TX 77024",713) 461-0612,https://maps.google.com/maps?f=d&source=s_d&saddr=&daddr=12742+Memorial+Drive%2C+Houston%2C+TX+77024&z=16&iwloc=A&z=auto
암 보험,,972) 841-6615,
Best USA Auto,"1855 N. Josey Ln. #A, Carrollton, TX 75006",972) 446-1110,https://maps.google.com/maps?f=d&source=s_d&saddr=&daddr=1855+N.+Josey+Ln.+%23A%2C+Carrollton%2C+TX+75006&z=16&iwloc=A&z=auto
[email protected],"1855 N. Josey Ln. #A, Carrollton, TX 75006",972) 446-1110,https://maps.google.com/maps?f=d&source=s_d&saddr=&daddr=1855+N.+Josey+Ln.+%23A%2C+Carrollton%2C+TX+75006&z=16&iwloc=A&z=auto
데니얼 문 변호사,"118226 Harry Hines Boulevard, Dallas, TX 75229",972) 421-2707,https://maps.google.com/maps?f=d&source=s_d&saddr=&daddr=118226+Harry+Hines+Boulevard%2C+Dallas%2C+TX+75229&z=16&iwloc=A&z=auto
Dillon International,"3227 E. 31st Street, Tulsa, OK 74105",918) 748-5624,http://www.dillonadopt.com
Casper Porter Choe Clinic,"1221 S Sunnylane Rd., Oklahoma City, OK 73115",405) 677-2424,https://maps.google.com/maps?f=d&source=s_d&saddr=&daddr=1221+S+Sunnylane+Rd.%2C+Oklahoma+City%2C+OK+73115&z=16&iwloc=A&z=auto
OMEGA Processing Solutions,"2625 Old Denton Rd #341, Carrollton, TX 75007",469) 238-9322,https://maps.google.com/maps?f=d&source=s_d&saddr=&daddr=2625+Old+Denton+Rd+%23341%2C+Carrollton%2C+TX+75007&z=16&iwloc=A&z=auto
업소록,"9896 Bellaire Blvd., Houston, TX 77036",713) 270-1110 / 972) 245-7914 / 469) 774-7010 / 214) 679-5326 / 405) 406-3307 / 405) 634-2391 / 469) 774-1000 / 469) 892-6797 / 214) 769-5881 / 713) 932-1602 / 469) 291-7023 / 201-937-8120,http://www.hmart.com
H마트 (휴스턴 2호점),"9896 Bellaire Blvd., Houston, TX 77036",713) 270-1110 / 972) 245-7914 / 469) 774-7010 / 214) 679-5326 / 405) 406-3307 / 405) 634-2391 / 469) 774-1000 / 469) 892-6797 / 214) 769-5881 / 713) 932-1602 / 469) 291-7023 / 201-937-8120,http://www.hmart.com
H마트 (휴스턴 2호점),"9896 Bellaire Blvd., Houston, TX 77036",713) 270-1110,http://www.hmart.com
(Mon-Sun) 8:00am ~ 10:00pm,"9896 Bellaire Blvd., Houston, TX 77036",713) 270-1110,http://www.hmart.com
샤인 영어학원 (Shine English Academy),"2625 Old Denton Rd #404-C, Carrollton, TX 75007",972) 245-7914 / 469) 774-7010,https://www.ShineEnglishacademy.com
[email protected],"2625 Old Denton Rd #404-C, Carrollton, TX 75007",972) 245-7914 / 469) 774-7010,https://www.ShineEnglishacademy.com
김혜경 부동산,,214) 679-5326,https://www.fryrealty.com
순복음 오클라호마 교회,"4300 S. Prospect Ave., Oklahoma City, OK 73129",405) 406-3307 / 405) 634-2391,https://maps.google.com/maps?f=d&source=s_d&saddr=&daddr=4300+S.+Prospect+Ave.%2C+Oklahoma+City%2C+OK+73129&z=16&iwloc=A&z=auto
Total Merchant Service,,469) 774-1000,
Tonymoly,"2625 Old Denton Rd #438, Carrollton, TX 75007",469) 892-6797,https://tonymoly.us
"(Mon-Thur) 11:00am ~ 8:00pm, (Fri-Sat) 11:00am ~ 9:00pm, (Sun) 12:00pm ~ 7:00pm","2625 Old Denton Rd #438, Carrollton, TX 75007",469) 892-6797,https://tonymoly.us
조원길 전기공사,"1308 Edgewood Ct, Carrollton, TX 75007",214) 769-5881,https://maps.google.com/maps?f=d&source=s_d&saddr=&daddr=1308+Edgewood+Ct%2C+Carrollton%2C+TX+75007&z=16&iwloc=A&z=auto
제니 스킨케어,"9865 Long Point Road, Houston, TX 77055",713) 932-1602,https://maps.google.com/maps?f=d&source=s_d&saddr=&daddr=9865+Long+Point+Road%2C+Houston%2C+TX+77055&z=16&iwloc=A&z=auto
똑똑한 치과 (Brilliant dental),"North Building #4, 701 Central Expy, Richardson, TX 75080",469) 291-7023,https://www.brilliantdentaltx.com
[email protected],"North Building #4, 701 Central Expy, Richardson, TX 75080",469) 291-7023,https://www.brilliantdentaltx.com
Prime Mortgage,,201-937-8120,
[email protected],,201-937-8120,
업소록,"1240 Blalock Rd. #253, Houston, TX 77055",832) 366-7070 / 713) 722-8181 / 832-629-1233 / 972) 620-9595 / 972) 416-2700 / 214) 363-3746 / 214) 351-3622 / 214) 352-0582 / 469) 400-5023 / 210) 822-8846 / 713) 468-0606,https://maps.google.com/maps?f=d&source=s_d&saddr=&daddr=1240+Blalock+Rd.+%23253%2C+Houston%2C+TX+77055&z=16&iwloc=A&z=auto
HYMR Group,"1240 Blalock Rd. #253, Houston, TX 77055",832) 366-7070 / 713) 722-8181 / 832-629-1233 / 972) 620-9595 / 972) 416-2700 / 214) 363-3746 / 214) 351-3622 / 214) 352-0582 / 469) 400-5023 / 210) 822-8846 / 713) 468-0606,https://maps.google.com/maps?f=d&source=s_d&saddr=&daddr=1240+Blalock+Rd.+%23253%2C+Houston%2C+TX+77055&z=16&iwloc=A&z=auto
HYMR Group,"1240 Blalock Rd. #253, Houston, TX 77055",832) 366-7070 / 713) 722-8181,https://maps.google.com/maps?f=d&source=s_d&saddr=&daddr=1240+Blalock+Rd.+%23253%2C+Houston%2C+TX+77055&z=16&iwloc=A&z=auto
비전건축서비스,"515 Tallowood #47, Houston, TX 77024",832-629-1233,https://maps.google.com/maps?f=d&source=s_d&saddr=&daddr=515+Tallowood+%2347%2C+Houston%2C+TX+77024&z=16&iwloc=A&z=auto
유럽 안경원,"2240 Royal Ln. #301, Dallas, TX 75229",972) 620-9595,https://maps.google.com/maps?f=d&source=s_d&saddr=&daddr=2240+Royal+Ln.+%23301%2C+Dallas%2C+TX+75229&z=16&iwloc=A&z=auto
텍사스 종합치과 (Blu Dental - Carrollton),"2810 E. Trinity Mills Rd. #179, Carrollton, TX 75006",972) 416-2700,https://www.BluDental.net
[email protected],"2810 E. Trinity Mills Rd. #179, Carrollton, TX 75006",972) 416-2700,https://www.BluDental.net
릴렉스 더 백 (Relax The Back),"5959 Royal Lane Suite 624, Dallas, TX 75230",214) 363-3746,https://www.relaxtheback.com
(Mon-Sat) 10:00am ~ 7:00pm (Sun) 12:00pm ~ 6:00pm,"5959 Royal Lane Suite 624, Dallas, TX 75230",214) 363-3746,https://www.relaxtheback.com
Yujin Kids,"10788 Harry Hines Blvd. #A-1A, Dallas, TX 75220",214) 351-3622,https://maps.google.com/maps?f=d&source=s_d&saddr=&daddr=10788+Harry+Hines+Blvd.+%23A-1A%2C+Dallas%2C+TX+75220&z=16&iwloc=A&z=auto
American Learning Institue,"2639 Wlnut Hill Ln #230, Dallas, TX 75229",214) 352-0582,https://www.alidallas.com
[email protected],"2639 Wlnut Hill Ln #230, Dallas, TX 75229",214) 352-0582,https://www.alidallas.com
CRP Group,"405 State Highway Bypass 121 #A250, Lewisville, TX 75067",469) 400-5023,https://maps.google.com/maps?f=d&source=s_d&saddr=&daddr=405+State+Highway+Bypass+121+%23A250%2C+Lewisville%2C+TX+75067&z=16&iwloc=A&z=auto
고향집,"4400 Rittiman Road, San Antonio, TX 78218",210) 822-8846,https://maps.google.com/maps?f=d&source=s_d&saddr=&daddr=4400+Rittiman+Road%2C+San+Antonio%2C+TX+78218&z=16&iwloc=A&z=auto
H마트 (휴스턴점),"1302 Blalock Rd., Houston, TX 77055",713) 468-0606,http://www.hmart.com
(Mon-Sun) 8:00am ~ 10:00pm,"1302 Blalock Rd., Houston, TX 77055",713) 468-0606,http://www.hmart.com
업소록,"12000 Ford Rd. #114, Dallas, TX 75234",469) 713-3343 / 214) 400-4659 / 817) 379-2270 / 214.541.5809 / 972) 290-0743 / 214) 483-3800 / 469) 685-8918 / 713) 973-2006 / 214) 436-5533 / 817) 719-9400,https://www.eloomdesign.com
이룸 디자인,"12000 Ford Rd. #114, Dallas, TX 75234",469) 713-3343 / 214) 400-4659 / 817) 379-2270 / 214.541.5809 / 972) 290-0743 / 214) 483-3800 / 469) 685-8918 / 713) 973-2006 / 214) 436-5533 / 817) 719-9400,https://www.eloomdesign.com
이룸 디자인,"12000 Ford Rd. #114, Dallas, TX 75234",469) 713-3343,https://www.eloomdesign.com
달라스 찬양의 교회,"1700 South Josey Lane, Carrollton, TX 75006",214) 400-4659,https://maps.google.com/maps?f=d&source=s_d&saddr=&daddr=1700+South+Josey+Lane%2C+Carrollton%2C+TX+75006&z=16&iwloc=A&z=auto
Paul's Collision Repair,"5940 Kroger Dr #108, Fort Worth, TX 76244",817) 379-2270,https://maps.google.com/maps?f=d&source=s_d&saddr=&daddr=5940+Kroger+Dr+%23108%2C+Fort+Worth%2C+TX+76244&z=16&iwloc=A&z=auto
디블랙 달라스,"211 TX 121. Suite Grand, Lewisville, TX 75067 (at Salons of Volterra Lewisville)",214.541.5809,https://maps.google.com/maps?f=d&source=s_d&saddr=&daddr=211+TX+121.+Suite+Grand%2C+Lewisville%2C+TX+75067+%28at+Salons+of+Volterra+Lewisville%29&z=16&iwloc=A&z=auto
Pho Saigon #8,"2240 Royal Ln. #102, Dallas, TX 75229",972) 290-0743,https://maps.google.com/maps?f=d&source=s_d&saddr=&daddr=2240+Royal+Ln.+%23102%2C+Dallas%2C+TX+75229&z=16&iwloc=A&z=auto
C2 Eduction Center (Carrollton),"1001 East Hebron Pkwy #114, Carrollton, TX 75010",214) 483-3800,https://c2carrollton.com
[email protected],"1001 East Hebron Pkwy #114, Carrollton, TX 75010",214) 483-3800,https://c2carrollton.com
김용규 카이로프랙틱,"5453 MacArthur Blvd., Irving, TX 75038",469) 685-8918,https://maps.google.com/maps?f=d&source=s_d&saddr=&daddr=5453+MacArthur+Blvd.%2C+Irving%2C+TX+75038&z=16&iwloc=A&z=auto
케이 픽스,"2013 Blalock Road, Houston, TX 77080",713) 973-2006,https://maps.google.com/maps?f=d&source=s_d&saddr=&daddr=2013+Blalock+Road%2C+Houston%2C+TX+77080&z=16&iwloc=A&z=auto
Reading Ranch (Frisco),"6991 Pecan St, Suite 200, Frisco, TX 75034",214) 436-5533,https://maps.google.com/maps?f=d&source=s_d&saddr=&daddr=6991+Pecan+St%2C+Suite+200%2C+Frisco%2C+TX+75034&z=16&iwloc=A&z=auto
Roof Tech,"1527 Hwy. 114W #500-112, Grapevine, TX 76051",817) 719-9400,http://www.1rooftech.com
[email protected],"1527 Hwy. 114W #500-112, Grapevine, TX 76051",817) 719-9400,http://www.1rooftech.com
업소록,"1200 Blalock Rd. #107, Houston, TX 77055",713) 463-8555 / 713) 785-4400 / 214) 200-3130 / 972) 758-2041 / 972) 408-7878 / 817) 293-8990 / 512) 372-9863 / 713) 587-9700 / 972) 315-1222 / 972) 862-9999,https://maps.google.com/maps?f=d&source=s_d&saddr=&daddr=1200+Blalock+Rd.+%23107%2C+Houston%2C+TX+77055&z=16&iwloc=A&z=auto
배재광 세무법률사무소,"1200 Blalock Rd. #107, Houston, TX 77055",713) 463-8555 / 713) 785-4400 / 214) 200-3130 / 972) 758-2041 / 972) 408-7878 / 817) 293-8990 / 512) 372-9863 / 713) 587-9700 / 972) 315-1222 / 972) 862-9999,https://maps.google.com/maps?f=d&source=s_d&saddr=&daddr=1200+Blalock+Rd.+%23107%2C+Houston%2C+TX+77055&z=16&iwloc=A&z=auto
배재광 세무법률사무소,"1200 Blalock Rd. #107, Houston, TX 77055",713) 463-8555,https://maps.google.com/maps?f=d&source=s_d&saddr=&daddr=1200+Blalock+Rd.+%23107%2C+Houston%2C+TX+77055&z=16&iwloc=A&z=auto
탈리움태권도,"1466 Wilcrest Drive, Houston, TX 77042",713) 785-4400,https://maps.google.com/maps?f=d&source=s_d&saddr=&daddr=1466+Wilcrest+Drive%2C+Houston%2C+TX+77042&z=16&iwloc=A&z=auto
New 이레맛집,"11434 Emerald St #108, Dallas, TX 75229",214) 200-3130,https://maps.google.com/maps?f=d&source=s_d&saddr=&daddr=11434+Emerald+St+%23108%2C+Dallas%2C+TX+75229&z=16&iwloc=A&z=auto
앤드리아 한 부동산,,972) 758-2041,
GPS,"156 Beaver Run Dr., Coppell, TX 75019",972) 408-7878,https://maps.google.com/maps?f=d&source=s_d&saddr=&daddr=156+Beaver+Run+Dr.%2C+Coppell%2C+TX+75019&z=16&iwloc=A&z=auto
한마음교회,"1501 W. Everman Pkwy., Fort Worth, TX 76134",817) 293-8990,http://www.hanmaumchurchdfw.com
어스틴 은혜한인교회,"908 Old Koenig Lane, Austin, TX 78756",512) 372-9863,https://maps.google.com/maps?f=d&source=s_d&saddr=&daddr=908+Old+Koenig+Lane%2C+Austin%2C+TX+78756&z=16&iwloc=A&z=auto
포제이,"6820 Harwin Drive, Houston, TX 77036",713) 587-9700,https://maps.google.com/maps?f=d&source=s_d&saddr=&daddr=6820+Harwin+Drive%2C+Houston%2C+TX+77036&z=16&iwloc=A&z=auto
"All American Flooring, Inc (Lewisville)","2426 B. S. Stemmons Freeway, Lewisville, TX 75067",972) 315-1222,https://www.allamericanflooring.net
"(Mon-Fri) 10:00am ~ 7:00pm, (Sat) 10:00am ~ 6:00pm, (Sun) 12:00pm ~ 4:00pm","2426 B. S. Stemmons Freeway, Lewisville, TX 75067",972) 315-1222,https://www.allamericanflooring.net
크랩 앤 클로우 씨푸드 (CRAB & CLAW SEAFOOD),"3355 E. Trinity Mills Rd, suite 100, Dallas, TX 75287",972) 862-9999,https://maps.google.com/maps?f=d&source=s_d&saddr=&daddr=3355+E.+Trinity+Mills+Rd%2C+suite+100%2C+Dallas%2C+TX+75287&z=16&iwloc=A&z=auto
업소록,"525 E. Business 190, Killeen, TX 76541",254) 634-8172 / 214-770-7004 / 214-529-0592 / 972) 250-0048 / 972) 241-6862 / 214.494.4589 / 817) 366-3426 / 972) 243-1348 / 940) 999-6555 / 214) 642-4744 / 972) 620-0025 / 972) 980-7496,https://maps.google.com/maps?f=d&source=s_d&saddr=&daddr=525+E.+Business+190%2C+Killeen%2C+TX+76541&z=16&iwloc=A&z=auto
코리언 키친,"525 E. Business 190, Killeen, TX 76541",254) 634-8172 / 214-770-7004 / 214-529-0592 / 972) 250-0048 / 972) 241-6862 / 214.494.4589 / 817) 366-3426 / 972) 243-1348 / 940) 999-6555 / 214) 642-4744 / 972) 620-0025 / 972) 980-7496,https://maps.google.com/maps?f=d&source=s_d&saddr=&daddr=525+E.+Business+190%2C+Killeen%2C+TX+76541&z=16&iwloc=A&z=auto
코리언 키친,"525 E. Business 190, Killeen, TX 76541",254) 634-8172,https://maps.google.com/maps?f=d&source=s_d&saddr=&daddr=525+E.+Business+190%2C+Killeen%2C+TX+76541&z=16&iwloc=A&z=auto
Pin Design 핀 디자인,"2000 Royal Ln, Suite 103 Dallas, TX 75229",214-770-7004,https://www.PinDnC.com
[email protected],"2000 Royal Ln, Suite 103 Dallas, TX 75229",214-770-7004,https://www.PinDnC.com
JP 하우징,"1029 W. Rochelle Road, Irving, TX 75062",214-529-0592,https://maps.google.com/maps?f=d&source=s_d&saddr=&daddr=1029+W.+Rochelle+Road%2C+Irving%2C+TX+75062&z=16&iwloc=A&z=auto
Midway Dental,"13740 Midway Rd. #506, Dallas, TX 75244",972) 250-0048 / 972) 241-6862,http://www.dallasmidwaydental.com
[email protected],"13740 Midway Rd. #506, Dallas, TX 75244",972) 250-0048 / 972) 241-6862,http://www.dallasmidwaydental.com
Eye Care for You 안경점 / 시온마켓,"2405 S. Stemmons Fwy., Lewisville, TX 75067",214.494.4589,https://maps.google.com/maps?f=d&source=s_d&saddr=&daddr=2405+S.+Stemmons+Fwy.%2C+Lewisville%2C+TX+75067&z=16&iwloc=A&z=auto
아이비 아카데미 (Ivy Academy),"820 S. MacArthur Blvd #113, Coppell, TX 75019",817) 366-3426,https://maps.google.com/maps?f=d&source=s_d&saddr=&daddr=820+S.+MacArthur+Blvd+%23113%2C+Coppell%2C+TX+75019&z=16&iwloc=A&z=auto
Shoes Mart,"11818 Harry Hines Blvd. #220, Dallas, TX 75234",972) 243-1348,https://maps.google.com/maps?f=d&source=s_d&saddr=&daddr=11818+Harry+Hines+Blvd.+%23220%2C+Dallas%2C+TX+75234&z=16&iwloc=A&z=auto
몽니스,"2560 Royal Ln #207, Dallas, TX 75229",940) 999-6555,https://maps.google.com/maps?f=d&source=s_d&saddr=&daddr=2560+Royal+Ln+%23207%2C+Dallas%2C+TX+75229&z=16&iwloc=A&z=auto
[email protected],"2560 Royal Ln #207, Dallas, TX 75229",940) 999-6555,https://maps.google.com/maps?f=d&source=s_d&saddr=&daddr=2560+Royal+Ln+%23207%2C+Dallas%2C+TX+75229&z=16&iwloc=A&z=auto
T-Shirts Plus,"11536 Harry Hines Boulevard #210, Dallas, TX 75229",214) 642-4744 / 972) 620-0025,https://maps.google.com/maps?f=d&source=s_d&saddr=&daddr=11536+Harry+Hines+Boulevard+%23210%2C+Dallas%2C+TX+75229&z=16&iwloc=A&z=auto
Ficozy 발마사지,"4145 Beltline Rd. #206, Addison, TX 75001",972) 980-7496,https://maps.google.com/maps?f=d&source=s_d&saddr=&daddr=4145+Beltline+Rd.+%23206%2C+Addison%2C+TX+75001&z=16&iwloc=A&z=auto
업소록,"1615 W. Beltline Road, Carrollton, TX 75006",214) 436-3270 / 469-389-0019 / 972) 446-0178 / 713) 682-0009 / 469) 831-9371 / 210) 657-4013 / 713) 522-1535 / 469) 557-1230 / 972-750-0717 / 972) 406-0999,https://www.semihan.org
서현환 부동산,"1615 W. Beltline Road, Carrollton, TX 75006",214) 436-3270 / 469-389-0019 / 972) 446-0178 / 713) 682-0009 / 469) 831-9371 / 210) 657-4013 / 713) 522-1535 / 469) 557-1230 / 972-750-0717 / 972) 406-0999,https://www.semihan.org
서현환 부동산,,214) 436-3270,
Dr. 안광석 - 치과 교정치료,,469-389-0019,
[email protected],,469-389-0019,
세미한 교회,"1615 W. Beltline Road, Carrollton, TX 75006",972) 446-0178,https://www.semihan.org
K-POP 레스토랑,"7620 Katy Frwy. #300, Houston, TX 77024",713) 682-0009,https://maps.google.com/maps?f=d&source=s_d&saddr=&daddr=7620+Katy+Frwy.+%23300%2C+Houston%2C+TX+77024&z=16&iwloc=A&z=auto
달라스 한국학교 (New Korean School of Dallas) 달라스 캠퍼스,"2111 Camino Lago, Irving, TX 75039",469) 831-9371,https://www.newksd.org
[email protected],"2111 Camino Lago, Irving, TX 75039",469) 831-9371,https://www.newksd.org
양스 오토,"9523 I-H 35 N, San Antonio, TX 78233",210) 657-4013,https://maps.google.com/maps?f=d&source=s_d&saddr=&daddr=9523+I-H+35+N%2C+San+Antonio%2C+TX+78233&z=16&iwloc=A&z=auto
모닝사이드 아트 (Morningside Art & Frame),"2350 Bissonnet St., Houston, TX 77005",713) 522-1535,https://maps.google.com/maps?f=d&source=s_d&saddr=&daddr=2350+Bissonnet+St.%2C+Houston%2C+TX+77005&z=16&iwloc=A&z=auto
컴퓨터 성실수리,,469) 557-1230,
블루 스카이 (Blue Sky),,972-750-0717,https://www.blueskysolarandroofing.com
[email protected],,972-750-0717,https://www.blueskysolarandroofing.com
업소록,"790 S. MacArthur Blvd, Coppell, TX 75019",972) 304-1818 / 469) 289-6555 / 512) 567-3142 / 972) 404-6609 / 972) 790-9462 / 972) 986-5475 / 254) 634-2333 / 713) 988-5489 / 713) 688-1727 / 972) 252-7400 / 469) 892-2213,http://www.discoverandshare.com/
Discover & Share,"790 S. MacArthur Blvd, Coppell, TX 75019",972) 304-1818 / 469) 289-6555 / 512) 567-3142 / 972) 404-6609 / 972) 790-9462 / 972) 986-5475 / 254) 634-2333 / 713) 988-5489 / 713) 688-1727 / 972) 252-7400 / 469) 892-2213,http://www.discoverandshare.com/
Discover & Share,"790 S. MacArthur Blvd, Coppell, TX 75019",972) 304-1818,http://www.discoverandshare.com/
[email protected],"790 S. MacArthur Blvd, Coppell, TX 75019",972) 304-1818,http://www.discoverandshare.com/
스시 카단 (Sushi Kadan),"3052 Old Denton Rd. Ste 100, Carrollton, TX 75007",469) 289-6555,https://www.sushikadan.com
11:00 am - 10:00 pm,"3052 Old Denton Rd. Ste 100, Carrollton, TX 75007",469) 289-6555,https://www.sushikadan.com
서지원 부동산,"11513 Flush Wing Drive, Austin, TX 78754",512) 567-3142,https://maps.google.com/maps?f=d&source=s_d&saddr=&daddr=11513+Flush+Wing+Drive%2C+Austin%2C+TX+78754&z=16&iwloc=A&z=auto
썬 택시,,972) 404-6609,
이인성 공인세무사,"1120 N. Beltline Road, Irving, TX 75061",972) 790-9462 / 972) 986-5475,https://maps.google.com/maps?f=d&source=s_d&saddr=&daddr=1120+N.+Beltline+Road%2C+Irving%2C+TX+75061&z=16&iwloc=A&z=auto
[email protected],"1120 N. Beltline Road, Irving, TX 75061",972) 790-9462 / 972) 986-5475,https://maps.google.com/maps?f=d&source=s_d&saddr=&daddr=1120+N.+Beltline+Road%2C+Irving%2C+TX+75061&z=16&iwloc=A&z=auto
멍게집,"416-B N. 10th Street, Killeen, TX 76541",254) 634-2333,https://maps.google.com/maps?f=d&source=s_d&saddr=&daddr=416-B+N.+10th+Street%2C+Killeen%2C+TX+76541&z=16&iwloc=A&z=auto
코리전 플러스,"7628 Bellaire Blvd., Houston, TX 77036",713) 988-5489,https://maps.google.com/maps?f=d&source=s_d&saddr=&daddr=7628+Bellaire+Blvd.%2C+Houston%2C+TX+77036&z=16&iwloc=A&z=auto
엘라 오토케어,"3402 Ella Blvd., Houston, TX 77018",713) 688-1727,https://maps.google.com/maps?f=d&source=s_d&saddr=&daddr=3402+Ella+Blvd.%2C+Houston%2C+TX+77018&z=16&iwloc=A&z=auto
Maki Boy (Irving),"3455 N. Beltline Rd. #104, Irving, TX 75062",972) 252-7400,https://maps.google.com/maps?f=d&source=s_d&saddr=&daddr=3455+N.+Beltline+Rd.+%23104%2C+Irving%2C+TX+75062&z=16&iwloc=A&z=auto
초당마을 순두부,"2625 Old Denton Rd. Carrollton, TX 75007",469) 892-2213,https://maps.google.com/maps?f=d&source=s_d&saddr=&daddr=2625+Old+Denton+Rd.+Carrollton%2C+TX+75007&z=16&iwloc=A&z=auto
업소록,"2625 Old Denton Rd. #520, Carrollton, TX 75007",214) 701-3169 / 800) 560-1033 / 972) 241-2198 / 713) 722-7622 / 972) 245-1573 / 403-363-9088 / 713) 464-1122 / 512) 785-9719 / 512.773.0001 / 469-986-1017 / 972) 241-2411,https://maps.google.com/maps?f=d&source=s_d&saddr=&daddr=2625+Old+Denton+Rd.+%23520%2C+Carrollton%2C+TX+75007&z=16&iwloc=A&z=auto
달라스 탁구장,"2625 Old Denton Rd. #520, Carrollton, TX 75007",214) 701-3169 / 800) 560-1033 / 972) 241-2198 / 713) 722-7622 / 972) 245-1573 / 403-363-9088 / 713) 464-1122 / 512) 785-9719 / 512.773.0001 / 469-986-1017 / 972) 241-2411,https://maps.google.com/maps?f=d&source=s_d&saddr=&daddr=2625+Old+Denton+Rd.+%23520%2C+Carrollton%2C+TX+75007&z=16&iwloc=A&z=auto
달라스 탁구장,"2625 Old Denton Rd. #520, Carrollton, TX 75007",214) 701-3169,https://maps.google.com/maps?f=d&source=s_d&saddr=&daddr=2625+Old+Denton+Rd.+%23520%2C+Carrollton%2C+TX+75007&z=16&iwloc=A&z=auto
자수마트 (Embroidery Mart by Spectrum),"11252 Harry Hines Blvd #301, Dallas, TX 75229",800) 560-1033 / 972) 241-2198,http://www.embroidery-mart.com
"(Mon-Fri) 9:00am ~ 5:00pm, (Sat) 9:00am ~ 1:00pm","11252 Harry Hines Blvd #301, Dallas, TX 75229",800) 560-1033 / 972) 241-2198,http://www.embroidery-mart.com
정상영 회계사,"1240 Blalock Rd. #111, Houston, TX 77055",713) 722-7622,https://maps.google.com/maps?f=d&source=s_d&saddr=&daddr=1240+Blalock+Rd.+%23111%2C+Houston%2C+TX+77055&z=16&iwloc=A&z=auto
캐롤톤 양로원 (Carrollton Health & Rehab Center),"1618 Kirby Road, Carrollton, TX 75006",972) 245-1573,http://carrolltonhealth.com
[email protected],"1618 Kirby Road, Carrollton, TX 75006",972) 245-1573,http://carrolltonhealth.com
이스트우드 건강식품,,403-363-9088,
모나크 트로피,"8840 N. Sam Houston Pkwy. W, Houston, TX 77064",713) 464-1122,https://maps.google.com/maps?f=d&source=s_d&saddr=&daddr=8840+N.+Sam+Houston+Pkwy.+W%2C+Houston%2C+TX+77064&z=16&iwloc=A&z=auto
도시 건설,,512) 785-9719,
고려대학교 달라스 교우회,,512.773.0001,
Ecclesia Bakery & Cafe,"2625 Old Denton Rd #820. Carrollton, TX 75007",469-986-1017,https://maps.google.com/maps?f=d&source=s_d&saddr=&daddr=2625+Old+Denton+Rd+%23820.+Carrollton%2C+TX+75007&z=16&iwloc=A&z=auto
달라스 한인 문화재단,"2639 Walnut Hill Ln. #140, Dallas, TX 75229",972) 241-2411,https://maps.google.com/maps?f=d&source=s_d&saddr=&daddr=2639+Walnut+Hill+Ln.+%23140%2C+Dallas%2C+TX+75229&z=16&iwloc=A&z=auto
업소록,"1200 Travis Street, Houston, TX 77002",713) 884-3131 / 972-315-8222 / 972) 503-6688 / 972) 489-4774 / 214) 499-0930 / 409) 554-0550 / 469) 251-4401 / 972) 625-1114 / 713) 952-0744 / 972) 400-6552,http://www.houstonpolice.org
휴스턴 경찰국 민원실,"1200 Travis Street, Houston, TX 77002",713) 884-3131 / 972-315-8222 / 972) 503-6688 / 972) 489-4774 / 214) 499-0930 / 409) 554-0550 / 469) 251-4401 / 972) 625-1114 / 713) 952-0744 / 972) 400-6552,http://www.houstonpolice.org
휴스턴 경찰국 민원실,"1200 Travis Street, Houston, TX 77002",713) 884-3131,http://www.houstonpolice.org
아라 식당,"335 E Round Grove Rd #102, Lewisville, TX 75067",972-315-8222,https://maps.google.com/maps?f=d&source=s_d&saddr=&daddr=335+E+Round+Grove+Rd+%23102%2C+Lewisville%2C+TX+75067&z=16&iwloc=A&z=auto
Lawry's The Prime Rib,"14655 Dallas Pkwy, Dallas, TX 75254",972) 503-6688,http://www.lawrysonline.com/
"(Mon-Thu) 11:00am ~ 2:00pm, 5:00pm ~ 9:30pm, (Fri) 11:00am ~ 2:00pm, 5:00pm ~ 10:00pm, (Sat) 5:00pm ~ 10:00pm, (Sun) 11:00am ~ 2:30pm, 5:00pm ~ 9:00pm","14655 Dallas Pkwy, Dallas, TX 75254",972) 503-6688,http://www.lawrysonline.com/
제임스강 재정보험,,972) 489-4774,
뉴스킨 화장품 (이미경),,214) 499-0930,
버몬트 연합감리교회,"2190 East Lucas Drive, Beaumont, TX 77703",409) 554-0550,https://maps.google.com/maps?f=d&source=s_d&saddr=&daddr=2190+East+Lucas+Drive%2C+Beaumont%2C+TX+77703&z=16&iwloc=A&z=auto
United Health Care (유나이티드 헬스 케어),"1311 W President George Bush Hwy. Richardson, TX 75080",469) 251-4401,https://www.uhc.com
"Mon.-Fri.(7AM-6PM), Sat.-Sun.(Closed)","1311 W President George Bush Hwy. Richardson, TX 75080",469) 251-4401,https://www.uhc.com
Cozy Thai Restaurant,"5333 Hwy. 121 #119, The Colony, TX 75056",972) 625-1114,https://maps.google.com/maps?f=d&source=s_d&saddr=&daddr=5333+Hwy.+121+%23119%2C+The+Colony%2C+TX+75056&z=16&iwloc=A&z=auto
cozythairestaurant.com,"5333 Hwy. 121 #119, The Colony, TX 75056",972) 625-1114,https://maps.google.com/maps?f=d&source=s_d&saddr=&daddr=5333+Hwy.+121+%23119%2C+The+Colony%2C+TX+75056&z=16&iwloc=A&z=auto
글로리 키즈,"6701 Harwin Dr. #111, Houston, TX 77036",713) 952-0744,https://maps.google.com/maps?f=d&source=s_d&saddr=&daddr=6701+Harwin+Dr.+%23111%2C+Houston%2C+TX+77036&z=16&iwloc=A&z=auto
조시중 CPA (Cho CPA),"2701 Old Denton Rd. #250, Carrollton, TX 75007",972) 400-6552,https://maps.google.com/maps?f=d&source=s_d&saddr=&daddr=2701+Old+Denton+Rd.+%23250%2C+Carrollton%2C+TX+75007&z=16&iwloc=A&z=auto
[email protected],"2701 Old Denton Rd. #250, Carrollton, TX 75007",972) 400-6552,https://maps.google.com/maps?f=d&source=s_d&saddr=&daddr=2701+Old+Denton+Rd.+%23250%2C+Carrollton%2C+TX+75007&z=16&iwloc=A&z=auto
업소록,"1441 Patton Place #163, Carrollton, TX 75007",972) 401-8210 / 972) 705-4660 / 469)995-5544 / 214) 276-6700 / 866) 588-9507 / 512) 257-1411 / 972) 693-1816 / 972) 272-3375 / 469) 547-1178 / 214) 783-0260 / 254) 526-7555 / 972) 689-6286,https://maps.google.com/maps?f=d&source=s_d&saddr=&daddr=1441+Patton+Place+%23163%2C+Carrollton%2C+TX+75007&z=16&iwloc=A&z=auto
Cleaners Source Direct,"1441 Patton Place #163, Carrollton, TX 75007",972) 401-8210 / 972) 705-4660 / 469)995-5544 / 214) 276-6700 / 866) 588-9507 / 512) 257-1411 / 972) 693-1816 / 972) 272-3375 / 469) 547-1178 / 214) 783-0260 / 254) 526-7555 / 972) 689-6286,https://maps.google.com/maps?f=d&source=s_d&saddr=&daddr=1441+Patton+Place+%23163%2C+Carrollton%2C+TX+75007&z=16&iwloc=A&z=auto
Cleaners Source Direct,"1441 Patton Place #163, Carrollton, TX 75007",972) 401-8210,https://maps.google.com/maps?f=d&source=s_d&saddr=&daddr=1441+Patton+Place+%23163%2C+Carrollton%2C+TX+75007&z=16&iwloc=A&z=auto
BBVA Compass Bank - Colleyville,"3920 Glade Rd, Colleyville, TX 76034",972) 705-4660 / 469)995-5544,https://maps.google.com/maps?f=d&source=s_d&saddr=&daddr=3920+Glade+Rd%2C+Colleyville%2C+TX+76034&z=16&iwloc=A&z=auto
[email protected],"3920 Glade Rd, Colleyville, TX 76034",972) 705-4660 / 469)995-5544,https://maps.google.com/maps?f=d&source=s_d&saddr=&daddr=3920+Glade+Rd%2C+Colleyville%2C+TX+76034&z=16&iwloc=A&z=auto
클루서블 카이로프랙틱,"3617 Shire Blvd. Suite 200 Richardson, TX 75082",214) 276-6700,http://cruciblechiropractic.com
현대 HYUNDAI (Van Hyundai),"1301 South IH-35E, Carrollton, TX 75006",866) 588-9507,https://www.vanhyundai.com
(Mon-Sat) 8:30am ~ 9:00pm,"1301 South IH-35E, Carrollton, TX 75006",866) 588-9507,https://www.vanhyundai.com
미도리 (Midori Sushi),"13435 N. Highway 183 #301, Austin, TX 78750",512) 257-1411,https://maps.google.com/maps?f=d&source=s_d&saddr=&daddr=13435+N.+Highway+183+%23301%2C+Austin%2C+TX+78750&z=16&iwloc=A&z=auto
midorisushiaustin.com,"13435 N. Highway 183 #301, Austin, TX 78750",512) 257-1411,https://maps.google.com/maps?f=d&source=s_d&saddr=&daddr=13435+N.+Highway+183+%23301%2C+Austin%2C+TX+78750&z=16&iwloc=A&z=auto
아로마하우스 스킨케어,"1908 Royal Ln #650, Dallas, TX 75229",972) 693-1816,https://maps.google.com/maps?f=d&source=s_d&saddr=&daddr=1908+Royal+Ln+%23650%2C+Dallas%2C+TX+75229&z=16&iwloc=A&z=auto
아메리칸 제일은행 (Garland),"3306 W. Walnut St, Garland, TX 75042",972) 272-3375,https://afnb.com
"(Mon-Thu) 9:00am ~ 5:00pm, (Fri) 9:00am ~ 5:30pm, (Sat) 9:00am ~ 1:00pm","3306 W. Walnut St, Garland, TX 75042",972) 272-3375,https://afnb.com
ECO AUTO 자동차 종합정비 (ECO AUTO SERVICE),"11565 Reeder RD. Dallas, TX 75229",469) 547-1178 / 214) 783-0260,https://maps.google.com/maps?f=d&source=s_d&saddr=&daddr=11565+Reeder+RD.+Dallas%2C+TX+75229&z=16&iwloc=A&z=auto
"월-금 8am~6pm, 토 9am~3pm, 일 CLOSED","11565 Reeder RD. Dallas, TX 75229",469) 547-1178 / 214) 783-0260,https://maps.google.com/maps?f=d&source=s_d&saddr=&daddr=11565+Reeder+RD.+Dallas%2C+TX+75229&z=16&iwloc=A&z=auto
옛고향 식당,"605 N. Gray Street, Killeen, TX 76541",254) 526-7555,https://maps.google.com/maps?f=d&source=s_d&saddr=&daddr=605+N.+Gray+Street%2C+Killeen%2C+TX+76541&z=16&iwloc=A&z=auto
옐로우택시,,972) 689-6286,
업소록,"52 Pleasant Valley Drive, Little Rock, AR 72212",501) 227-4500 / 972) 488-1212 / 214) 677-2848 / 469.258.9734 / 972) 231-1466 / 214) 699-9828 / 682.347.1051 / 469.739.4402 / 512) 219-6599 / 972) 446-0191 / 713) 988-9995,https://maps.google.com/maps?f=d&source=s_d&saddr=&daddr=52+Pleasant+Valley+Drive%2C+Little+Rock%2C+AR+72212&z=16&iwloc=A&z=auto
알칸사 리틀락교회,"52 Pleasant Valley Drive, Little Rock, AR 72212",501) 227-4500 / 972) 488-1212 / 214) 677-2848 / 469.258.9734 / 972) 231-1466 / 214) 699-9828 / 682.347.1051 / 469.739.4402 / 512) 219-6599 / 972) 446-0191 / 713) 988-9995,https://maps.google.com/maps?f=d&source=s_d&saddr=&daddr=52+Pleasant+Valley+Drive%2C+Little+Rock%2C+AR+72212&z=16&iwloc=A&z=auto
알칸사 리틀락교회,"52 Pleasant Valley Drive, Little Rock, AR 72212",501) 227-4500,https://maps.google.com/maps?f=d&source=s_d&saddr=&daddr=52+Pleasant+Valley+Drive%2C+Little+Rock%2C+AR+72212&z=16&iwloc=A&z=auto
[email protected],"52 Pleasant Valley Drive, Little Rock, AR 72212",501) 227-4500,https://maps.google.com/maps?f=d&source=s_d&saddr=&daddr=52+Pleasant+Valley+Drive%2C+Little+Rock%2C+AR+72212&z=16&iwloc=A&z=auto
온타임싸인 (Royal Signs),"2633 Royal Ln. #101-A, Dallas, TX 75229",972) 488-1212,https://maps.google.com/maps?f=d&source=s_d&saddr=&daddr=2633+Royal+Ln.+%23101-A%2C+Dallas%2C+TX+75229&z=16&iwloc=A&z=auto
royalsignsdallas.com,"2633 Royal Ln. #101-A, Dallas, TX 75229",972) 488-1212,https://maps.google.com/maps?f=d&source=s_d&saddr=&daddr=2633+Royal+Ln.+%23101-A%2C+Dallas%2C+TX+75229&z=16&iwloc=A&z=auto
성균관대학교,,214) 677-2848,
새싹유치원,"1609 W. Hebron Parkway, Carrollton, TX 75010",469.258.9734,https://maps.google.com/maps?f=d&source=s_d&saddr=&daddr=1609+W.+Hebron+Parkway%2C+Carrollton%2C+TX+75010&z=16&iwloc=A&z=auto
Canyon Creek Country Club,"625 West Lookout Dr., Richardson, TX 75080",972) 231-1466,https://maps.google.com/maps?f=d&source=s_d&saddr=&daddr=625+West+Lookout+Dr.%2C+Richardson%2C+TX+75080&z=16&iwloc=A&z=auto
clubcorp.com,"625 West Lookout Dr., Richardson, TX 75080",972) 231-1466,https://maps.google.com/maps?f=d&source=s_d&saddr=&daddr=625+West+Lookout+Dr.%2C+Richardson%2C+TX+75080&z=16&iwloc=A&z=auto
Avant Dentistry,"909 Legacy Drive #100, Plano, TX 75023",214) 699-9828,http://www.avantdentistryplano.com
[email protected],"909 Legacy Drive #100, Plano, TX 75023",214) 699-9828,http://www.avantdentistryplano.com
농협 풍기인삼,"2625 Old Denton Rd. #238, Carrollton TX 75007",682.347.1051 / 469.739.4402,https://maps.google.com/maps?f=d&source=s_d&saddr=&daddr=2625+Old+Denton+Rd.+%23238%2C+Carrollton+TX+75007&z=16&iwloc=A&z=auto
Facet Flowers,"10700 Anderson Mill Road, Austin, TX 78750",512) 219-6599,http://www.facetflowershop.com
[email protected],"10700 Anderson Mill Road, Austin, TX 78750",512) 219-6599,http://www.facetflowershop.com
Dallas Hanaro Church (하나로 교회),"1829 W. Frankford Rd. Carrollton, TX 75007",972) 446-0191,https://www.dallashanaro.com
[email protected],"1829 W. Frankford Rd. Carrollton, TX 75007",972) 446-0191,https://www.dallashanaro.com
이재열 치과,"7500 Beechnut St. #145, Houston, TX 77074",713) 988-9995,https://maps.google.com/maps?f=d&source=s_d&saddr=&daddr=7500+Beechnut+St.+%23145%2C+Houston%2C+TX+77074&z=16&iwloc=A&z=auto
업소록,"6200 Savoy #650, Houston, TX 77036",713) 783-5151 / 832.298.5031 / 512) 590-1591 / 213) 384-4800 / 713) 465-8900 / 469.892.5978 / 817) 276-9786 / 254-681-5966 / 210) 646-7005 / 972) 242-4242,https://maps.google.com/maps?f=d&source=s_d&saddr=&daddr=6200+Savoy+%23650%2C+Houston%2C+TX+77036&z=16&iwloc=A&z=auto
박옥규 회계사,"6200 Savoy #650, Houston, TX 77036",713) 783-5151 / 832.298.5031 / 512) 590-1591 / 213) 384-4800 / 713) 465-8900 / 469.892.5978 / 817) 276-9786 / 254-681-5966 / 210) 646-7005 / 972) 242-4242,https://maps.google.com/maps?f=d&source=s_d&saddr=&daddr=6200+Savoy+%23650%2C+Houston%2C+TX+77036&z=16&iwloc=A&z=auto
박옥규 회계사,"6200 Savoy #650, Houston, TX 77036",713) 783-5151,https://maps.google.com/maps?f=d&source=s_d&saddr=&daddr=6200+Savoy+%23650%2C+Houston%2C+TX+77036&z=16&iwloc=A&z=auto
밥보 (밥이보약),"2405 S. Stemmons Fwy, Lewisville, TX 75067 (시온마켓 푸드코트)",832.298.5031,https://maps.google.com/maps?f=d&source=s_d&saddr=&daddr=2405+S.+Stemmons+Fwy%2C+Lewisville%2C+TX+75067+%28%EC%8B%9C%EC%98%A8%EB%A7%88%EC%BC%93+%ED%91%B8%EB%93%9C%EC%BD%94%ED%8A%B8%29&z=16&iwloc=A&z=auto
출장 자동차정비 (Mr. 박),,512) 590-1591,
데이빗 강 성형외과,"4220 W. 3rd. St. #102, Los Angeles, CA 90020",213) 384-4800,https://www.drkahngPS.com
"(Mon-Fri) 9:00am ~ 6:00pm, (Sat) 9:00am ~ 5:00pm","4220 W. 3rd. St. #102, Los Angeles, CA 90020",213) 384-4800,https://www.drkahngPS.com
얼스만 장의사,"8303 Katy Frwy., Houston, TX 77024",713) 465-8900,https://maps.google.com/maps?f=d&source=s_d&saddr=&daddr=8303+Katy+Frwy.%2C+Houston%2C+TX+77024&z=16&iwloc=A&z=auto
크레이지 카츠 커리 & 우동,"1060 W Frankford Rd., Suite 205, Carrollton, TX 75007",469.892.5978,https://maps.google.com/maps?f=d&source=s_d&saddr=&daddr=1060+W+Frankford+Rd.%2C+Suite+205%2C+Carrollton%2C+TX+75007&z=16&iwloc=A&z=auto
온누리 침례교회,"2412 S. Bowen Road, Arlington, TX 76015",817) 276-9786,http://onnurianbc.podbean.com
권광희 부동산,"1703 S.W.S. Young Drive, Killeen, TX 76543",254-681-5966,https://maps.google.com/maps?f=d&source=s_d&saddr=&daddr=1703+S.W.S.+Young+Drive%2C+Killeen%2C+TX+76543&z=16&iwloc=A&z=auto
한국식품,"6210 Fairdale Drive, San Antonio, TX 78218",210) 646-7005,https://maps.google.com/maps?f=d&source=s_d&saddr=&daddr=6210+Fairdale+Drive%2C+San+Antonio%2C+TX+78218&z=16&iwloc=A&z=auto
미샤 (Missha),"2625 Old Denton Rd. #411, Carrollton, TX 75007",972) 242-4242,http://www.misshaus.com
"(Mon-Thur) 11:00am ~ 8:00pm, (Fri-Sat) 11:00am ~ 10:00pm, (Sun) 2:00pm ~ 8:00pm","2625 Old Denton Rd. #411, Carrollton, TX 75007",972) 242-4242,http://www.misshaus.com
업소록,"8585 South Gessner, Houston, TX 77074",713) 779-3388 / 469) 877-4988 / 972) 939-0903 / 972) 620-7188 / 800) 747-3281 / 713) 688-0100 / 972) 701-0180 / 972) 701-0181 / 214) 812-9048 / 713) 339-9669 / 469-289-3017 / 2047730028645325 / 254) 501-4478,http://www.hanmi.com
한미은행 휴스턴 (Hanmi Bank),"8585 South Gessner, Houston, TX 77074",713) 779-3388 / 469) 877-4988 / 972) 939-0903 / 972) 620-7188 / 800) 747-3281 / 713) 688-0100 / 972) 701-0180 / 972) 701-0181 / 214) 812-9048 / 713) 339-9669 / 469-289-3017 / 2047730028645325 / 254) 501-4478,http://www.hanmi.com
한미은행 휴스턴 (Hanmi Bank),"8585 South Gessner, Houston, TX 77074",713) 779-3388,http://www.hanmi.com
(Mon-Fri) 9:00am ~ 5:00pm,"8585 South Gessner, Houston, TX 77074",713) 779-3388,http://www.hanmi.com
집수리 전문,,469) 877-4988,
Quick N Clean,"1401 W. Hebron Pkwy, Carrollton, TX 75010",972) 939-0903,http://www.quicknclean.net
"JDS, Jewelry Display & Supply Co.","11363 Denton Dr. #108, Dallas, TX 75229",972) 620-7188 / 800) 747-3281,http://www.jdsjewelry.com
쉐라톤 휴스톤 브룩 할로우,"3000 North Loop West, Houston, TX 77092",713) 688-0100,https://www.starwoodhotels.com
주 휴스턴 대한민국 총영사관 댈러스 출장소 (Consular Office of the Republic of Korea),"14001 Dallas Pkwy #450, Dallas, TX 75240",972) 701-0180 / 972) 701-0181,http://usa-dallas.mofa.go.kr/korean/am/usa-dallas/main/index.jsp
[email protected],"14001 Dallas Pkwy #450, Dallas, TX 75240",972) 701-0180 / 972) 701-0181,http://usa-dallas.mofa.go.kr/korean/am/usa-dallas/main/index.jsp
J&S LED,"2216 Royal Ln. #102, Dallas, TX 75229",214) 812-9048,https://maps.google.com/maps?f=d&source=s_d&saddr=&daddr=2216+Royal+Ln.+%23102%2C+Dallas%2C+TX+75229&z=16&iwloc=A&z=auto
하윈 센트럴 마트,"9700 Harwin Dr. #211, Houston, TX 77036",713) 339-9669,https://maps.google.com/maps?f=d&source=s_d&saddr=&daddr=9700+Harwin+Dr.+%23211%2C+Houston%2C+TX+77036&z=16&iwloc=A&z=auto
Roc Crab & Wings,3720 N. Josey Ln #118 Carrollton Tx 75007,469-289-3017 / 2047730028645325,https://www.facebook.com/ROC-CRAB-WINGS-2047730028645325/
* 월요일 - 목 11:30 am - 10 pm * 금 - 토 11:30 am - 11 pm * 일 11: 30 am - 9 pm,3720 N. Josey Ln #118 Carrollton Tx 75007,469-289-3017 / 2047730028645325,https://www.facebook.com/ROC-CRAB-WINGS-2047730028645325/
폴라 패션 화장품,"3031 B Avenue, Killeen, TX 76541",254) 501-4478,https://maps.google.com/maps?f=d&source=s_d&saddr=&daddr=3031+B+Avenue%2C+Killeen%2C+TX+76541&z=16&iwloc=A&z=auto
업소록,"514 Big Valley Ln, Belton, TX 76513",254) 698-1855 / 214) 468-4587 / 254) 618-5021 / 469) 358-0183 / 713) 455-9191 / 972.243.6747 / 972) 235-0700 / 469.900.3010 / 469) 208-8337 / 501) 562-4959 / 109594629078216 / 682) 551-1828,https://maps.google.com/maps?f=d&source=s_d&saddr=&daddr=514+Big+Valley+Ln%2C+Belton%2C+TX+76513&z=16&iwloc=A&z=auto
엠마누엘 기도원 (Immanuel Prayer House),"514 Big Valley Ln, Belton, TX 76513",254) 698-1855 / 214) 468-4587 / 254) 618-5021 / 469) 358-0183 / 713) 455-9191 / 972.243.6747 / 972) 235-0700 / 469.900.3010 / 469) 208-8337 / 501) 562-4959 / 109594629078216 / 682) 551-1828,https://maps.google.com/maps?f=d&source=s_d&saddr=&daddr=514+Big+Valley+Ln%2C+Belton%2C+TX+76513&z=16&iwloc=A&z=auto
엠마누엘 기도원 (Immanuel Prayer House),"514 Big Valley Ln, Belton, TX 76513",254) 698-1855,https://maps.google.com/maps?f=d&source=s_d&saddr=&daddr=514+Big+Valley+Ln%2C+Belton%2C+TX+76513&z=16&iwloc=A&z=auto
Al Sushi,"4123 Cedar Springs Rd. #102, Dallas, TX 75219",214) 468-4587,http://www.aisushidallas.com
갈릴리 감리교회,"1210 N. 2nd Street, Killeen, TX 76541",254) 618-5021,https://maps.google.com/maps?f=d&source=s_d&saddr=&daddr=1210+N.+2nd+Street%2C+Killeen%2C+TX+76541&z=16&iwloc=A&z=auto
로고스 교회,"13001 Veronica Road, Farmers Branch, TX 75234",469) 358-0183,https://maps.google.com/maps?f=d&source=s_d&saddr=&daddr=13001+Veronica+Road%2C+Farmers+Branch%2C+TX+75234&z=16&iwloc=A&z=auto
휴스턴 안디옥 교회,"1221 Dewey Street, Houston, TX 77015",713) 455-9191,https://www.houstonantioch.org
[email protected],"1221 Dewey Street, Houston, TX 77015",713) 455-9191,https://www.houstonantioch.org
매스터 클리닝 서플라이,"2254 Royal Lane, Suite 200, Dallas, TX 75229",972.243.6747,https://maps.google.com/maps?f=d&source=s_d&saddr=&daddr=2254+Royal+Lane%2C+Suite+200%2C+Dallas%2C+TX+75229&z=16&iwloc=A&z=auto
[email protected],"2254 Royal Lane, Suite 200, Dallas, TX 75229",972.243.6747,https://maps.google.com/maps?f=d&source=s_d&saddr=&daddr=2254+Royal+Lane%2C+Suite+200%2C+Dallas%2C+TX+75229&z=16&iwloc=A&z=auto
"All American Flooring Inc, (Garland)","1919 N. Plano Road, Garland, TX 75042",972) 235-0700,https://maps.google.com/maps?f=d&source=s_d&saddr=&daddr=1919+N.+Plano+Road%2C+Garland%2C+TX+75042&z=16&iwloc=A&z=auto
allamericanflooring.net,"1919 N. Plano Road, Garland, TX 75042",972) 235-0700,https://maps.google.com/maps?f=d&source=s_d&saddr=&daddr=1919+N.+Plano+Road%2C+Garland%2C+TX+75042&z=16&iwloc=A&z=auto
사무엘 전 보험,"2625 N. Josey Ln. #102, Dallas, TX 75007",469.900.3010 / 469) 208-8337,https://maps.google.com/maps?f=d&source=s_d&saddr=&daddr=2625+N.+Josey+Ln.+%23102%2C+Dallas%2C+TX+75007&z=16&iwloc=A&z=auto
[email protected],"2625 N. Josey Ln. #102, Dallas, TX 75007",469.900.3010 / 469) 208-8337,https://maps.google.com/maps?f=d&source=s_d&saddr=&daddr=2625+N.+Josey+Ln.+%23102%2C+Dallas%2C+TX+75007&z=16&iwloc=A&z=auto
제일장로교회,https://www.facebook.com/pages/First-Korean-Presbyterian-Church-of-Arkansas/109594629078216,501) 562-4959 / 109594629078216,https://www.facebook.com/pages/First-Korean-Presbyterian-Church-of-Arkansas/109594629078216
"BK, A/C 냉동","2828 Forest Ln. #1001, Dallas, TX 75234",682) 551-1828,https://maps.google.com/maps?f=d&source=s_d&saddr=&daddr=2828+Forest+Ln.+%231001%2C+Dallas%2C+TX+75234&z=16&iwloc=A&z=auto
업소록,"7488 Harwin Drive, Houston, TX 77036",713) 783-7051 / 713) 985-9829 / 214) 529-8297 / 512.640.7778 / 512.775.9161 / 972) 355-4800 / 972) 241-4406 / 832) 814-7171 / 469) 583-3441 / 281) 679-5332 / 972) 245-5099 / 972) 241-5206,https://maps.google.com/maps?f=d&source=s_d&saddr=&daddr=7488+Harwin+Drive%2C+Houston%2C+TX+77036&z=16&iwloc=A&z=auto
잇찌 슈즈 (Izzy Shoes),"7488 Harwin Drive, Houston, TX 77036",713) 783-7051 / 713) 985-9829 / 214) 529-8297 / 512.640.7778 / 512.775.9161 / 972) 355-4800 / 972) 241-4406 / 832) 814-7171 / 469) 583-3441 / 281) 679-5332 / 972) 245-5099 / 972) 241-5206,https://maps.google.com/maps?f=d&source=s_d&saddr=&daddr=7488+Harwin+Drive%2C+Houston%2C+TX+77036&z=16&iwloc=A&z=auto
잇찌 슈즈 (Izzy Shoes),"7488 Harwin Drive, Houston, TX 77036",713) 783-7051,https://maps.google.com/maps?f=d&source=s_d&saddr=&daddr=7488+Harwin+Drive%2C+Houston%2C+TX+77036&z=16&iwloc=A&z=auto
Katy 부동산,,713) 985-9829,
나영살롱 영구화장 (Nayoung Salon Permanent Makeup. Tatto),"13615 Inwood Rd #160, Dallas, TX 75224",214) 529-8297,https://maps.google.com/maps?f=d&source=s_d&saddr=&daddr=13615+Inwood+Rd+%23160%2C+Dallas%2C+TX+75224&z=16&iwloc=A&z=auto
salond.com,"13615 Inwood Rd #160, Dallas, TX 75224",214) 529-8297,https://maps.google.com/maps?f=d&source=s_d&saddr=&daddr=13615+Inwood+Rd+%23160%2C+Dallas%2C+TX+75224&z=16&iwloc=A&z=auto
Kind Dental Care,"10700 Anderson Mill Rd. #300. Austin, TX 78750",512.640.7778 / 512.775.9161,https://www.kinddentalcare.com
Bridlewood Golf Club,"4000 W. Windsor Drive, Flower Mound, TX 75028",972) 355-4800,http://www.bridlewoodgolf.com
Rocking Crab,"11407 Emerald St. #101, Dallas, TX 75229",972) 241-4406,https://www.rockingcrabtexas.com
권영백 부동산,,832) 814-7171,
Utility Brokers (유명렬),,469) 583-3441,
JDDA Group,"11777 Katy Freeway #190, Houston, TX 77079",281) 679-5332,http://www.jddagroup.com
Itali Eyecare (이태리 아이케어),"2625 Old Denton Rd Suite 422, Carrollton, TX 75007",972) 245-5099 / 972) 241-5206,https://maps.google.com/maps?f=d&source=s_d&saddr=&daddr=2625+Old+Denton+Rd+Suite+422%2C+Carrollton%2C+TX+75007&z=16&iwloc=A&z=auto
업소록,"6703 Harwin Drive, Houston, TX 77036",713) 914-9966 / 972) 506-0055 / 512) 689-5821 / 469) 212-3456 / 972) 243-5556 / 972) 881-0300 / 877) 230-8249 / 214) 680-9200 / 214) 398-4217 / 214) 563-0545 / 512) 706-5041 / 281) 497-2210,https://maps.google.com/maps?f=d&source=s_d&saddr=&daddr=6703+Harwin+Drive%2C+Houston%2C+TX+77036&z=16&iwloc=A&z=auto
악세서리 하우스,"6703 Harwin Drive, Houston, TX 77036",713) 914-9966 / 972) 506-0055 / 512) 689-5821 / 469) 212-3456 / 972) 243-5556 / 972) 881-0300 / 877) 230-8249 / 214) 680-9200 / 214) 398-4217 / 214) 563-0545 / 512) 706-5041 / 281) 497-2210,https://maps.google.com/maps?f=d&source=s_d&saddr=&daddr=6703+Harwin+Drive%2C+Houston%2C+TX+77036&z=16&iwloc=A&z=auto
악세서리 하우스,"6703 Harwin Drive, Houston, TX 77036",713) 914-9966,https://maps.google.com/maps?f=d&source=s_d&saddr=&daddr=6703+Harwin+Drive%2C+Houston%2C+TX+77036&z=16&iwloc=A&z=auto
Double Tree Club,http://doubletree3.hilton.com/en/hotels/texas/doubletree-by-hilton-hotel-dallas-farmers-branch-DALFBDT/index.html,972) 506-0055,http://doubletree3.hilton.com/en/hotels/texas/doubletree-by-hilton-hotel-dallas-farmers-branch-DALFBDT/index.html
어스틴 새 교회,"6301 Woodrow Avenue, Austin, TX 78757",512) 689-5821,https://maps.google.com/maps?f=d&source=s_d&saddr=&daddr=6301+Woodrow+Avenue%2C+Austin%2C+TX+78757&z=16&iwloc=A&z=auto
달라스 한국문화원 (The Korean Cultural Center of Dallas),"2000 Royal Ln #201, Dallas, TX 75034 (구 뉴스코리아 빌딩)",469) 212-3456 / 972) 243-5556,https://maps.google.com/maps?f=d&source=s_d&saddr=&daddr=2000+Royal+Ln+%23201%2C+Dallas%2C+TX+75034+%28%EA%B5%AC+%EB%89%B4%EC%8A%A4%EC%BD%94%EB%A6%AC%EC%95%84+%EB%B9%8C%EB%94%A9%29&z=16&iwloc=A&z=auto
[email protected],"2000 Royal Ln #201, Dallas, TX 75034 (구 뉴스코리아 빌딩)",469) 212-3456 / 972) 243-5556,https://maps.google.com/maps?f=d&source=s_d&saddr=&daddr=2000+Royal+Ln+%23201%2C+Dallas%2C+TX+75034+%28%EA%B5%AC+%EB%89%B4%EC%8A%A4%EC%BD%94%EB%A6%AC%EC%95%84+%EB%B9%8C%EB%94%A9%29&z=16&iwloc=A&z=auto
H마트 (플레이노점),"3320 K Ave., Plano, TX 75074",972) 881-0300,http://www.hmart.com
(Mon-Sun) 8:00am ~ 10:00pm,"3320 K Ave., Plano, TX 75074",972) 881-0300,http://www.hmart.com
Ace Car Sales,"2625 Royal Lane, Dallas, TX 75229",877) 230-8249 / 214) 680-9200,http://www.acecars123.com
"(Mon-Fri) 10:00am ~ 6:00pm, (Sat) 10:00am ~ 5:00pm","2625 Royal Lane, Dallas, TX 75229",877) 230-8249 / 214) 680-9200,http://www.acecars123.com
엘 버크너 바자 (El buckner bazaar),"1639 S. Buckner Blvd., Dallas, TX 75127",214) 398-4217,https://maps.google.com/maps?f=d&source=s_d&saddr=&daddr=1639+S.+Buckner+Blvd.%2C+Dallas%2C+TX+75127&z=16&iwloc=A&z=auto
찰리 김 변호사,"320 Main St. #109, Lewisville, TX 75057",214) 563-0545,https://maps.google.com/maps?f=d&source=s_d&saddr=&daddr=320+Main+St.+%23109%2C+Lewisville%2C+TX+75057&z=16&iwloc=A&z=auto
코리안 저널,,512) 706-5041,
메모리알옥 장의사,"13001 Katy Frwy., Houston, TX 77079",281) 497-2210,https://maps.google.com/maps?f=d&source=s_d&saddr=&daddr=13001+Katy+Frwy.%2C+Houston%2C+TX+77079&z=16&iwloc=A&z=auto
업소록,"2106 E. Sonperra Blvd. #39, San Antonio, TX 78259",210) 590-6001 / 713) 952-3880 / 469) 952-7266 / 972) 575-8788 / 972) 200-0115 / 214) 235-9465 / 214) 724-3233 / 713) 464-6653 / 214) 287-2255 / 972) 807-9875 / 817.427.1020,https://maps.google.com/maps?f=d&source=s_d&saddr=&daddr=2106+E.+Sonperra+Blvd.+%2339%2C+San+Antonio%2C+TX+78259&z=16&iwloc=A&z=auto
윤미용실,"2106 E. Sonperra Blvd. #39, San Antonio, TX 78259",210) 590-6001 / 713) 952-3880 / 469) 952-7266 / 972) 575-8788 / 972) 200-0115 / 214) 235-9465 / 214) 724-3233 / 713) 464-6653 / 214) 287-2255 / 972) 807-9875 / 817.427.1020,https://maps.google.com/maps?f=d&source=s_d&saddr=&daddr=2106+E.+Sonperra+Blvd.+%2339%2C+San+Antonio%2C+TX+78259&z=16&iwloc=A&z=auto
윤미용실,"2106 E. Sonperra Blvd. #39, San Antonio, TX 78259",210) 590-6001,https://maps.google.com/maps?f=d&source=s_d&saddr=&daddr=2106+E.+Sonperra+Blvd.+%2339%2C+San+Antonio%2C+TX+78259&z=16&iwloc=A&z=auto
진로 텍사스 총판,"8000 Harwin Dr #150, Houston, TX 77036",713) 952-3880,https://maps.google.com/maps?f=d&source=s_d&saddr=&daddr=8000+Harwin+Dr+%23150%2C+Houston%2C+TX+77036&z=16&iwloc=A&z=auto
로뎀 세무회계,,469) 952-7266,
Cosmetic World (Plano 1),"131 W. Spring Creek Pkwy. #C, Plano, TX 75023",972) 575-8788,https://maps.google.com/maps?f=d&source=s_d&saddr=&daddr=131+W.+Spring+Creek+Pkwy.+%23C%2C+Plano%2C+TX+75023&z=16&iwloc=A&z=auto
크리스 김 보험,"5212 Tennyson Pkwy Suite 200 Plano, TX 75024",972) 200-0115,https://maps.google.com/maps?f=d&source=s_d&saddr=&daddr=5212+Tennyson+Pkwy+Suite+200+Plano%2C+TX+75024&z=16&iwloc=A&z=auto
텍사스 도넛협회 (식품위생 면허 교육),"2425 Arbuckle Court, Dallas, TX 75229",214) 235-9465,https://maps.google.com/maps?f=d&source=s_d&saddr=&daddr=2425+Arbuckle+Court%2C+Dallas%2C+TX+75229&z=16&iwloc=A&z=auto
TXDONUT.COM,"2425 Arbuckle Court, Dallas, TX 75229",214) 235-9465,https://maps.google.com/maps?f=d&source=s_d&saddr=&daddr=2425+Arbuckle+Court%2C+Dallas%2C+TX+75229&z=16&iwloc=A&z=auto
그린 본사이 (Green Bonsai),"905 Mars Road, Wilmer, TX 75172",214) 724-3233,http://www.sunbonsai.com
[email protected],"905 Mars Road, Wilmer, TX 75172",214) 724-3233,http://www.sunbonsai.com
고향집 (블래락점),"1400 Blalock Road, Houston, TX 77055",713) 464-6653,https://maps.google.com/maps?f=d&source=s_d&saddr=&daddr=1400+Blalock+Road%2C+Houston%2C+TX+77055&z=16&iwloc=A&z=auto
뱅뱅 당구장,"2560 Royal Ln. #118, Dallas, TX 75229",214) 287-2255 / 972) 807-9875,https://maps.google.com/maps?f=d&source=s_d&saddr=&daddr=2560+Royal+Ln.+%23118%2C+Dallas%2C+TX+75229&z=16&iwloc=A&z=auto
허스트 한국학교 (Hurst Korean School),"1864 Precinct Line Rd. Hurst, TX 76054",817.427.1020,https://maps.google.com/maps?f=d&source=s_d&saddr=&daddr=1864+Precinct+Line+Rd.+Hurst%2C+TX+76054&z=16&iwloc=A&z=auto
업소록,"5832 Arabian Way, Frisco, TX 75034",972) 377-7223 / 214) 909-5722 / 972) 302-8398 / 469.967.2134 / 214.449.0282 / 713) 468-2123 / 972) 995-7475 / 469)-460-2000 / 214) 557-3404 / 469) 580-4484 / 972) 790-8866 / 972) 790-5898 / 972) 307-3007,https://maps.google.com/maps?f=d&source=s_d&saddr=&daddr=5832+Arabian+Way%2C+Frisco%2C+TX+75034&z=16&iwloc=A&z=auto
조이 여행사,"5832 Arabian Way, Frisco, TX 75034",972) 377-7223 / 214) 909-5722 / 972) 302-8398 / 469.967.2134 / 214.449.0282 / 713) 468-2123 / 972) 995-7475 / 469)-460-2000 / 214) 557-3404 / 469) 580-4484 / 972) 790-8866 / 972) 790-5898 / 972) 307-3007,https://maps.google.com/maps?f=d&source=s_d&saddr=&daddr=5832+Arabian+Way%2C+Frisco%2C+TX+75034&z=16&iwloc=A&z=auto
조이 여행사,"5832 Arabian Way, Frisco, TX 75034",972) 377-7223,https://maps.google.com/maps?f=d&source=s_d&saddr=&daddr=5832+Arabian+Way%2C+Frisco%2C+TX+75034&z=16&iwloc=A&z=auto
안민성 한방병원 (달라스),"6380 L.B.J Fwy #180, Dallas, TX 75240",214) 909-5722,https://maps.google.com/maps?f=d&source=s_d&saddr=&daddr=6380+L.B.J+Fwy+%23180%2C+Dallas%2C+TX+75240&z=16&iwloc=A&z=auto
블레스 포토 스튜디오 (Bless Photo Studio),"154 Glass St. #112, Dallas, TX 75207",972) 302-8398,http://www.blessphoto.net/
[email protected],"154 Glass St. #112, Dallas, TX 75207",972) 302-8398,http://www.blessphoto.net/
SH Finance,,469.967.2134 / 214.449.0282,
[email protected],,469.967.2134 / 214.449.0282,
휴스턴 순복음교회,"1520 Witte Road, Houston, TX 77080",713) 468-2123,https://www.fghouston.org
[email protected],"1520 Witte Road, Houston, TX 77080",713) 468-2123,https://www.fghouston.org
뉴스킨 (이미리),"2625 Old Denton Rd #256, Carrollton, TX 75007",972) 995-7475,https://maps.google.com/maps?f=d&source=s_d&saddr=&daddr=2625+Old+Denton+Rd+%23256%2C+Carrollton%2C+TX+75007&z=16&iwloc=A&z=auto
정치과 의원/ 임플란트 전문치과 (Jung Dental Implant Center of Plano),"7170 Preston Rd. #100, Plano, TX 75024",469)-460-2000,https://www.JungImplantPlano.com
[email protected],"7170 Preston Rd. #100, Plano, TX 75024",469)-460-2000,https://www.JungImplantPlano.com
핸디맨 (Handyman),"2625 Old Denton Rd. #404, Carrollton, TX 75007",214) 557-3404 / 469) 580-4484,https://maps.google.com/maps?f=d&source=s_d&saddr=&daddr=2625+Old+Denton+Rd.+%23404%2C+Carrollton%2C+TX+75007&z=16&iwloc=A&z=auto
벨트라인 바디 & 종합정비 (Beltline Auto),"1426 N Beltline Rd, Irving, TX 75061",972) 790-8866 / 972) 790-5898,https://www.beltlineauto.com
[email protected],"1426 N Beltline Rd, Irving, TX 75061",972) 790-8866 / 972) 790-5898,https://www.beltlineauto.com
안성남 척추신경 의료원,"18181 Midway Rd. #400, Dallas, TX 75287",972) 307-3007,http://www.anchiro.com
(Mon-Fri) 9:00am ~ 7:00pm,"18181 Midway Rd. #400, Dallas, TX 75287",972) 307-3007,http://www.anchiro.com
업소록,"2625 Old Denton Rd. #604, Carrollton, TX 75007",972) 323-4300 / 214) 705-0200 / 972) 888-6070 / 469-209-0984 / 405) 692-7333 / 201) 724-2521 / 214-554-0311 / 972) 242-4242 / 713) 240-3632 / 469) 335-4637,https://maps.google.com/maps?f=d&source=s_d&saddr=&daddr=2625+Old+Denton+Rd.+%23604%2C+Carrollton%2C+TX+75007&z=16&iwloc=A&z=auto
헤어스타일 (Hair Style (Kay) Salon),"2625 Old Denton Rd. #604, Carrollton, TX 75007",972) 323-4300 / 214) 705-0200 / 972) 888-6070 / 469-209-0984 / 405) 692-7333 / 201) 724-2521 / 214-554-0311 / 972) 242-4242 / 713) 240-3632 / 469) 335-4637,https://maps.google.com/maps?f=d&source=s_d&saddr=&daddr=2625+Old+Denton+Rd.+%23604%2C+Carrollton%2C+TX+75007&z=16&iwloc=A&z=auto
헤어스타일 (Hair Style (Kay) Salon),"2625 Old Denton Rd. #604, Carrollton, TX 75007",972) 323-4300,https://maps.google.com/maps?f=d&source=s_d&saddr=&daddr=2625+Old+Denton+Rd.+%23604%2C+Carrollton%2C+TX+75007&z=16&iwloc=A&z=auto
Great Wall Super Buffet,"2750 Preston Rd., Frisco, TX 75034",214) 705-0200,https://maps.google.com/maps?f=d&source=s_d&saddr=&daddr=2750+Preston+Rd.%2C+Frisco%2C+TX+75034&z=16&iwloc=A&z=auto
이은혁 변호사,"3010 LBJ Fwy. #1237, Dallas, TX 75234",972) 888-6070,https://maps.google.com/maps?f=d&source=s_d&saddr=&daddr=3010+LBJ+Fwy.+%231237%2C+Dallas%2C+TX+75234&z=16&iwloc=A&z=auto
(Mon-Sat) 11:00am ~ 10:00pm,우미옥 (Woo Mee Ok Korean BBQ),469-209-0984,https://maps.google.com/maps?f=d&source=s_d&saddr=&daddr=10560+W.+Walnut+St.+%23200%2C+Dallas%2C+TX+75243&z=16&iwloc=A&z=auto
Alpha Omega Dental,"2821 SW 119th Street, Oklahoma City, OK 73170",405) 692-7333,https://maps.google.com/maps?f=d&source=s_d&saddr=&daddr=2821+SW+119th+Street%2C+Oklahoma+City%2C+OK+73170&z=16&iwloc=A&z=auto
MISO (H-Mart 내),"3320 K.Ave #218-M107, Plano, TX 75074",201) 724-2521,https://maps.google.com/maps?f=d&source=s_d&saddr=&daddr=3320+K.Ave+%23218-M107%2C+Plano%2C+TX+75074&z=16&iwloc=A&z=auto
어린양교회,1401 Cross Timbers Rd. Flower Mound. TX 75028,214-554-0311,https://maps.google.com/maps?f=d&source=s_d&saddr=&daddr=1401+Cross+Timbers+Rd.+Flower+Mound.++TX+75028&z=16&iwloc=A&z=auto
도샤 (DOSHA),"2625 Old Denton Rd. #411, Carrollton, TX 75007",972) 242-4242,https://maps.google.com/maps?f=d&source=s_d&saddr=&daddr=2625+Old+Denton+Rd.+%23411%2C+Carrollton%2C+TX+75007&z=16&iwloc=A&z=auto
여경미 부동산,"23800 Northwest Frw. #101, Houston, TX 77429",713) 240-3632,https://maps.google.com/maps?f=d&source=s_d&saddr=&daddr=23800+Northwest+Frw.+%23101%2C+Houston%2C+TX+77429&z=16&iwloc=A&z=auto
동화교회,"3956 Old Denton Road, Carrollton, TX 75007",469) 335-4637,https://www.aumchurch.org
업소록,"1107 E. Pioneer Parkway, Arlington, TX 76010",817) 795-8899 / 817) 200-5404 / 713-854-7112 / 281) 920-5425 / 817) 731-2179 / 469) 835-9015 / 469.704.2537 / 214) 406-1547 / 972) 681-9000 / 214) 350-4022 / 972) 353- 8667,https://www.hanmi.com
한미은행 알링턴 (Hanmi Bank),"1107 E. Pioneer Parkway, Arlington, TX 76010",817) 795-8899 / 817) 200-5404 / 713-854-7112 / 281) 920-5425 / 817) 731-2179 / 469) 835-9015 / 469.704.2537 / 214) 406-1547 / 972) 681-9000 / 214) 350-4022 / 972) 353- 8667,https://www.hanmi.com
한미은행 알링턴 (Hanmi Bank),"1107 E. Pioneer Parkway, Arlington, TX 76010",817) 795-8899 / 817) 200-5404,https://www.hanmi.com
"(Mon-Fri) 9:00am ~ 5:00pm, (Sat) 9:00am ~ 12:00pm","1107 E. Pioneer Parkway, Arlington, TX 76010",817) 795-8899 / 817) 200-5404,https://www.hanmi.com
오성건설,,713-854-7112,
KMA 태권도 INC.,"14032 Memorial Dr. #D, Houston, TX 77079",281) 920-5425,https://maps.google.com/maps?f=d&source=s_d&saddr=&daddr=14032+Memorial+Dr.+%23D%2C+Houston%2C+TX+77079&z=16&iwloc=A&z=auto
포트워스 젠틀 치과,"3613 Hulen St., Fort Worth, TX 76107",817) 731-2179,https://maps.google.com/maps?f=d&source=s_d&saddr=&daddr=3613+Hulen+St.%2C+Fort+Worth%2C+TX+76107&z=16&iwloc=A&z=auto
영아이디어 디자인 (Young Idea Design),"11453 Newkirk St. #1249, Dallas, TX 75229",469) 835-9015,https://maps.google.com/maps?f=d&source=s_d&saddr=&daddr=11453+Newkirk+St.+%231249%2C+Dallas%2C+TX+75229&z=16&iwloc=A&z=auto
[email protected],"11453 Newkirk St. #1249, Dallas, TX 75229",469) 835-9015,https://maps.google.com/maps?f=d&source=s_d&saddr=&daddr=11453+Newkirk+St.+%231249%2C+Dallas%2C+TX+75229&z=16&iwloc=A&z=auto
DermaPhi (더마파이),"2840 Keller Springs Rd. Bldg 1. #101, Carrollton, TX 75006",469.704.2537,https://maps.google.com/maps?f=d&source=s_d&saddr=&daddr=2840+Keller+Springs+Rd.+Bldg+1.+%23101%2C+Carrollton%2C+TX+75006&z=16&iwloc=A&z=auto
[email protected],"2840 Keller Springs Rd. Bldg 1. #101, Carrollton, TX 75006",469.704.2537,https://maps.google.com/maps?f=d&source=s_d&saddr=&daddr=2840+Keller+Springs+Rd.+Bldg+1.+%23101%2C+Carrollton%2C+TX+75006&z=16&iwloc=A&z=auto
Celebrity Waxing Spa,"2693 Preston Road #1080, Frisco, TX 75034",214) 406-1547,https://maps.google.com/maps?f=d&source=s_d&saddr=&daddr=2693+Preston+Road+%231080%2C+Frisco%2C+TX+75034&z=16&iwloc=A&z=auto
이동섭 태권도,"1220 Town East Blvd #120, Mesquite, TX 75150",972) 681-9000,https://maps.google.com/maps?f=d&source=s_d&saddr=&daddr=1220+Town+East+Blvd+%23120%2C+Mesquite%2C+TX+75150&z=16&iwloc=A&z=auto
(Mon-Sat) 9:00am ~ 6:30pm,Texas Jewelry & Beauty,214) 350-4022,https://maps.google.com/maps?f=d&source=s_d&saddr=&daddr=10777+Harry+Hines+Blvd.+%23110%2C+Dallas%2C+TX+75220&z=16&iwloc=A&z=auto
당신의 미용실 (UR Hair SPA),"1390 W. Main Street, Lewisville, TX 75067",972) 353- 8667,https://maps.google.com/maps?f=d&source=s_d&saddr=&daddr=1390+W.+Main+Street%2C+Lewisville%2C+TX+75067&z=16&iwloc=A&z=auto
업소록,"11029 Harry Hines Boulevard #B-109, Dallas, TX 75229",469-835-1768 / 972) 481-9666 / 972) 243-0160 / 972-481-9999 / 682-300-0862 / 469.831.5546 / 469) 426-2784 / 281) 741-2263 / 972) 385-7272 / 469) 912-1004 / 972) 898-5222 / 972) 315-1103,https://maps.google.com/maps?f=d&source=s_d&saddr=&daddr=11029+Harry+Hines+Boulevard+%23B-109%2C+Dallas%2C+TX+75229&z=16&iwloc=A&z=auto
"LKH Architects, Inc.","11029 Harry Hines Boulevard #B-109, Dallas, TX 75229",469-835-1768 / 972) 481-9666 / 972) 243-0160 / 972-481-9999 / 682-300-0862 / 469.831.5546 / 469) 426-2784 / 281) 741-2263 / 972) 385-7272 / 469) 912-1004 / 972) 898-5222 / 972) 315-1103,https://maps.google.com/maps?f=d&source=s_d&saddr=&daddr=11029+Harry+Hines+Boulevard+%23B-109%2C+Dallas%2C+TX+75229&z=16&iwloc=A&z=auto
"LKH Architects, Inc.",,469-835-1768,
Twin Tiger,"11029 Harry Hines Boulevard #B-109, Dallas, TX 75229",972) 481-9666,https://maps.google.com/maps?f=d&source=s_d&saddr=&daddr=11029+Harry+Hines+Boulevard+%23B-109%2C+Dallas%2C+TX+75229&z=16&iwloc=A&z=auto
이문형 트로피,"13105 Mitchwin Road, Dallas, TX 75234",972) 243-0160,https://maps.google.com/maps?f=d&source=s_d&saddr=&daddr=13105+Mitchwin+Road%2C+Dallas%2C+TX+75234&z=16&iwloc=A&z=auto
살롱 H(H Salon),"2680 Old Denton Rd.#100, Carrollton, TX 75007",972-481-9999 / 682-300-0862,https://maps.google.com/maps?f=d&source=s_d&saddr=&daddr=2680+Old+Denton+Rd.%23100%2C+Carrollton%2C+TX+75007&z=16&iwloc=A&z=auto
"Mon~Sat 9:30am~8:00pm, Sun: Closed","2680 Old Denton Rd.#100, Carrollton, TX 75007",972-481-9999 / 682-300-0862,https://maps.google.com/maps?f=d&source=s_d&saddr=&daddr=2680+Old+Denton+Rd.%23100%2C+Carrollton%2C+TX+75007&z=16&iwloc=A&z=auto
오한나 부동산,,469.831.5546,
[email protected],,469.831.5546,
아리랑 콜택시,,469) 426-2784,
유마미,"1029 N. Hwy 6 #1010, Houston, TX 77079",281) 741-2263,https://maps.google.com/maps?f=d&source=s_d&saddr=&daddr=1029+N.+Hwy+6+%231010%2C+Houston%2C+TX+77079&z=16&iwloc=A&z=auto
iheart Kolache (Farmers Branch),"13901 Midway Rd. #101, Farmers Branch, TX 75244",972) 385-7272,http://iheartkolache.com/
(Mon-Sat) 6:00am ~ 4:00pm,"13901 Midway Rd. #101, Farmers Branch, TX 75244",972) 385-7272,http://iheartkolache.com/
에이스 도넛장비,"2211 Crown Rd., Dallas, TX 75229",469) 912-1004,https://www.acecomart.com
[email protected],"2211 Crown Rd., Dallas, TX 75229",469) 912-1004,https://www.acecomart.com
Kim's USA TaeKwonDo,"2150 Willow Grove Drive, Lewisville, TX 75067",972) 898-5222 / 972) 315-1103,http://www.kimsusa.net/
[email protected],"2150 Willow Grove Drive, Lewisville, TX 75067",972) 898-5222 / 972) 315-1103,http://www.kimsusa.net/
업소록,"1007 E 15th St.,, Suite #210 PLANO, TX 75074",972-212-4564 / 817) 537-2408 / 713) 461-1410 / 972.800.1063 / 469.399.0218 / 682) 554-6569 / 214) 779-5335 / 972) 389-9900 / 469) 939-7037 / 469) 831-4330 / 713) 952-3880 / 713) 973-1177,https://maps.google.com/maps?f=d&source=s_d&saddr=&daddr=1007+E+15th+St.%2C%2C+Suite+%23210+PLANO%2C+TX+75074&z=16&iwloc=A&z=auto
Robata & Sushi EBESU,"1007 E 15th St.,, Suite #210 PLANO, TX 75074",972-212-4564 / 817) 537-2408 / 713) 461-1410 / 972.800.1063 / 469.399.0218 / 682) 554-6569 / 214) 779-5335 / 972) 389-9900 / 469) 939-7037 / 469) 831-4330 / 713) 952-3880 / 713) 973-1177,https://maps.google.com/maps?f=d&source=s_d&saddr=&daddr=1007+E+15th+St.%2C%2C+Suite+%23210+PLANO%2C+TX+75074&z=16&iwloc=A&z=auto
Robata & Sushi EBESU,"1007 E 15th St.,, Suite #210 PLANO, TX 75074",972-212-4564,https://maps.google.com/maps?f=d&source=s_d&saddr=&daddr=1007+E+15th+St.%2C%2C+Suite+%23210+PLANO%2C+TX+75074&z=16&iwloc=A&z=auto
SYMPHONY JEWELERS (Northeast Mall),"1101 Melbourne Road Suite 3021 Hurst, TX 76053",817) 537-2408,https://www.symphonyjewelers.com
"(Mon-Sat) 10am ~ 9pm, (Sun) 12pm ~ 6pm","1101 Melbourne Road Suite 3021 Hurst, TX 76053",817) 537-2408,https://www.symphonyjewelers.com
리보석,"9501-P Long Point, Houston, TX 77055",713) 461-1410,https://maps.google.com/maps?f=d&source=s_d&saddr=&daddr=9501-P+Long+Point%2C+Houston%2C+TX+77055&z=16&iwloc=A&z=auto
벨라 헤어 살롱,"11434 Emerald St. #107, Dallas, TX 75229",972.800.1063 / 469.399.0218,https://maps.google.com/maps?f=d&source=s_d&saddr=&daddr=11434+Emerald+St.+%23107%2C+Dallas%2C+TX+75229&z=16&iwloc=A&z=auto
"월-토 오전10시-오후 7시, 일요일 예약필수","11434 Emerald St. #107, Dallas, TX 75229",972.800.1063 / 469.399.0218,https://maps.google.com/maps?f=d&source=s_d&saddr=&daddr=11434+Emerald+St.+%23107%2C+Dallas%2C+TX+75229&z=16&iwloc=A&z=auto
새언약 교회,"1816 J. T. Luther Dr #202, Fort Worth, TX 76115",682) 554-6569,http://www.unyag.com/
[email protected],"1816 J. T. Luther Dr #202, Fort Worth, TX 76115",682) 554-6569,http://www.unyag.com/
안윤선 보험,,214) 779-5335,
T-Mobile (캐롤튼 H마트 내),"2625 Old Denton Rd #216, Carrollton, TX 75007",972) 389-9900,https://maps.google.com/maps?f=d&source=s_d&saddr=&daddr=2625+Old+Denton+Rd+%23216%2C+Carrollton%2C+TX+75007&z=16&iwloc=A&z=auto
K-Story,"2548 Royal Ln. Dallas, TX 75229",469) 939-7037 / 469) 831-4330,https://maps.google.com/maps?f=d&source=s_d&saddr=&daddr=2548+Royal+Ln.+Dallas%2C+TX+75229&z=16&iwloc=A&z=auto
[email protected],"2548 Royal Ln. Dallas, TX 75229",469) 939-7037 / 469) 831-4330,https://maps.google.com/maps?f=d&source=s_d&saddr=&daddr=2548+Royal+Ln.+Dallas%2C+TX+75229&z=16&iwloc=A&z=auto
코암 패션,"8000 Harwin Dr. #210, Houston, TX 77036",713) 952-3880,https://maps.google.com/maps?f=d&source=s_d&saddr=&daddr=8000+Harwin+Dr.+%23210%2C+Houston%2C+TX+77036&z=16&iwloc=A&z=auto
굿 싸인 (Good Signs),"9355 Long Point Rd. #1, Houston, TX 77055",713) 973-1177,https://maps.google.com/maps?f=d&source=s_d&saddr=&daddr=9355+Long+Point+Rd.+%231%2C+Houston%2C+TX+77055&z=16&iwloc=A&z=auto
달라스 한인그리스도의교회,"13425 Webb Chaple Road, Farmers Branch, TX 75234",972) 466-4417,https://maps.google.com/maps?f=d&source=s_d&saddr=&daddr=13425+Webb+Chaple+Road%2C+Farmers+Branch%2C+TX+75234&z=16&iwloc=A&z=auto
렉서스 LEXUS (Park Place Lexus Grapevine),"901 Highway 114 East. Grapevine, TX 76051",866) 429-7724 / 972) 998-2795,http://www.parkplace.com/Dealership-Lexus-Grapevine
"(Mon-Fri) 8:30am ~ 8:00pm, (Sat) 9:00am ~ 6:00pm","901 Highway 114 East. Grapevine, TX 76051",866) 429-7724 / 972) 998-2795,http://www.parkplace.com/Dealership-Lexus-Grapevine
TOV photography,"3714 Arapaho Rd. Addison, TX 75010",469-844-8689,https://www.tovphotography.com
[email protected],"3714 Arapaho Rd. Addison, TX 75010",469-844-8689,https://www.tovphotography.com
44 자동차 정비/바디 (44 Auto Body & Repair),"11571 Reeder Rd, Dallas, TX 75229",972) 484-4444,https://maps.google.com/maps?f=d&source=s_d&saddr=&daddr=11571+Reeder+Rd%2C+Dallas%2C+TX+75229&z=16&iwloc=A&z=auto
아시아나 항공,"1640 W. 23rd St. #100, DFW Airport, Dallas, TX 75261",972) 456-3481,https://www.asianacargo.com
Maki Boy (Dallas),"2330 Royal Ln. #600, Dallas, TX 75229",972) 243-3777,https://maps.google.com/maps?f=d&source=s_d&saddr=&daddr=2330+Royal+Ln.+%23600%2C+Dallas%2C+TX+75229&z=16&iwloc=A&z=auto
불스원 (Bullsone USA),"1908 Royal Ln., #800, Dallas, TX 75229",214) 566-8111 / 469) 420-9634,https://www.bullsoneusa.com/
[email protected],"1908 Royal Ln., #800, Dallas, TX 75229",214) 566-8111 / 469) 420-9634,https://www.bullsoneusa.com/
복만네 식품,,847) 404-1999,https://maps.google.com/maps?f=d&source=s_d&saddr=&daddr=%EA%B0%A4%EB%9F%AC%EB%A6%AC%EC%95%84+%EB%A7%88%ED%8A%B8%2C+%EC%BD%94%EB%A7%88%ED%8A%B8%2C+%EC%8B%A0%EC%B4%8C%EB%A7%88%EC%BC%93%2C+%ED%95%9C%EC%95%84%EB%A6%84%EA%B1%B4%EA%B0%95%2C+%EB%A1%9C%EC%96%84%EB%B0%B1%ED%99%94%EC%A0%90%28%EC%BD%A9%EA%B0%80%EB%A3%A8%EB%A7%8C+%ED%8C%90%EB%A7%A4%29&z=16&iwloc=A&z=auto
Eye Level (ENopi 학원) 캐롤튼,"1616 W. Hebron Pkwy, Carrollton, TX 75010",972) 399-9051,http://www.eyelevelcarrollton.com
[email protected],"1616 W. Hebron Pkwy, Carrollton, TX 75010",972) 399-9051,http://www.eyelevelcarrollton.com
Compu Golf,"1405 W. Frankford Rd. #101, Carrollton, TX 75007",972) 242-7888,http://www.compugolfcenter.com
업소록,"151 Regal Row #120, Dallas, TX 75247",214) 637-2515 / 972) 488-0799 / 214) 630-1221 / 972) 272-2416 / 214) 941-9672 / 214) 770-9510 / 713) 784-8238 / 469) 606-5151 / 214) 575-8316 / 469) 744-8459,https://maps.google.com/maps?f=d&source=s_d&saddr=&daddr=151+Regal+Row+%23120%2C+Dallas%2C+TX+75247&z=16&iwloc=A&z=auto
Unigrace Corporation,"151 Regal Row #120, Dallas, TX 75247",214) 637-2515 / 972) 488-0799 / 214) 630-1221 / 972) 272-2416 / 214) 941-9672 / 214) 770-9510 / 713) 784-8238 / 469) 606-5151 / 214) 575-8316 / 469) 744-8459,https://maps.google.com/maps?f=d&source=s_d&saddr=&daddr=151+Regal+Row+%23120%2C+Dallas%2C+TX+75247&z=16&iwloc=A&z=auto
Unigrace Corporation,"151 Regal Row #120, Dallas, TX 75247",214) 637-2515,https://maps.google.com/maps?f=d&source=s_d&saddr=&daddr=151+Regal+Row+%23120%2C+Dallas%2C+TX+75247&z=16&iwloc=A&z=auto
Hana Hosiery,"11311 Harry Hines Blvd. #103, Dallas, TX 75229",972) 488-0799,https://maps.google.com/maps?f=d&source=s_d&saddr=&daddr=11311+Harry+Hines+Blvd.+%23103%2C+Dallas%2C+TX+75229&z=16&iwloc=A&z=auto
윈콘 국제법률사무소 (ENG only),"100 N Central Expy. #1310, Richardson, TX 75087",214) 630-1221,https://maps.google.com/maps?f=d&source=s_d&saddr=&daddr=100+N+Central+Expy.+%231310%2C+Richardson%2C+TX+75087&z=16&iwloc=A&z=auto
달라스 동부장로교회,"915 N. Jupiter Road, Garland, TX 75042",972) 272-2416,http://www.dongbooch.com
지정일 내과,"600 W. Campbell Rd. #4, Richardson, TX 75080",214) 941-9672,https://maps.google.com/maps?f=d&source=s_d&saddr=&daddr=600+W.+Campbell+Rd.+%234%2C+Richardson%2C+TX+75080&z=16&iwloc=A&z=auto
"피아노, 성악 레슨 (캐롤튼)",,214) 770-9510,
롯데 패션,"9889 Harwin Dr. #407, Houston, TX 77036",713) 784-8238,https://maps.google.com/maps?f=d&source=s_d&saddr=&daddr=9889+Harwin+Dr.+%23407%2C+Houston%2C+TX+77036&z=16&iwloc=A&z=auto
Kayla International,"2425 Mciver Ln. #180, Carrollton, TX 75006",469) 606-5151,https://maps.google.com/maps?f=d&source=s_d&saddr=&daddr=2425+Mciver+Ln.+%23180%2C+Carrollton%2C+TX+75006&z=16&iwloc=A&z=auto
메트로 시티은행 (Metro city bank 달라스),"9788 Walnut St. Ste 200, Dallas, TX 75243",214) 575-8316,https://www.metrocitybank.com
"(Mon-Fri) 9:00am ~ 5:00pm, (Sat) 9:00am ~ 2:00pm","9788 Walnut St. Ste 200, Dallas, TX 75243",214) 575-8316,https://www.metrocitybank.com
"Best Care Medical Clinic, PLLC (Carrollton)","1212 N. Josey Ln. #250, Carrollton, TX 75006",469) 744-8459,https://maps.google.com/maps?f=d&source=s_d&saddr=&daddr=1212+N.+Josey+Ln.+%23250%2C+Carrollton%2C+TX+75006&z=16&iwloc=A&z=auto
업소록,"7299 Harwin Dr. #A, Houston, TX 77036",713) 978-7915 / 214) 718-7070 / 214) 662-6221 / 281) 447-0177 / 972) 897-5871 / 972) 243-1786 / 214) 771-2133 / 469.465.8586 / 713) 784-5168 / 972) 488-8313,https://maps.google.com/maps?f=d&source=s_d&saddr=&daddr=7299+Harwin+Dr.+%23A%2C+Houston%2C+TX+77036&z=16&iwloc=A&z=auto
베스트 초이스 패션,"7299 Harwin Dr. #A, Houston, TX 77036",713) 978-7915 / 214) 718-7070 / 214) 662-6221 / 281) 447-0177 / 972) 897-5871 / 972) 243-1786 / 214) 771-2133 / 469.465.8586 / 713) 784-5168 / 972) 488-8313,https://maps.google.com/maps?f=d&source=s_d&saddr=&daddr=7299+Harwin+Dr.+%23A%2C+Houston%2C+TX+77036&z=16&iwloc=A&z=auto
베스트 초이스 패션,"7299 Harwin Dr. #A, Houston, TX 77036",713) 978-7915,https://maps.google.com/maps?f=d&source=s_d&saddr=&daddr=7299+Harwin+Dr.+%23A%2C+Houston%2C+TX+77036&z=16&iwloc=A&z=auto
정국환 부동산,"2809 Lake Ville Drive, Flower Mound, TX 75022",214) 718-7070,https://maps.google.com/maps?f=d&source=s_d&saddr=&daddr=2809+Lake+Ville+Drive%2C+Flower+Mound%2C+TX+75022&z=16&iwloc=A&z=auto
어드밴스 에어컨,"716 Clear Water Drive, Lewisville, TX 75056",214) 662-6221,https://maps.google.com/maps?f=d&source=s_d&saddr=&daddr=716+Clear+Water+Drive%2C+Lewisville%2C+TX+75056&z=16&iwloc=A&z=auto
[email protected],"716 Clear Water Drive, Lewisville, TX 75056",214) 662-6221,https://maps.google.com/maps?f=d&source=s_d&saddr=&daddr=716+Clear+Water+Drive%2C+Lewisville%2C+TX+75056&z=16&iwloc=A&z=auto
주상배 클리닉,"11811 N. Freeway #260, Houston, TX 77060",281) 447-0177,https://maps.google.com/maps?f=d&source=s_d&saddr=&daddr=11811+N.+Freeway+%23260%2C+Houston%2C+TX+77060&z=16&iwloc=A&z=auto
Jamco Roofing & Exteriors,,972) 897-5871,http://www.jamcoroofing.com
Handbag Warehouse,"11536 Harry Hines Blvd. #205, Dallas, TX 75229",972) 243-1786,http://www.thehandbagwarehouse.com
김동환 보험 (Nationwide),"2701 Old Denton Rd. #208, Carrollton, TX 75007",214) 771-2133,https://maps.google.com/maps?f=d&source=s_d&saddr=&daddr=2701+Old+Denton+Rd.+%23208%2C+Carrollton%2C+TX+75007&z=16&iwloc=A&z=auto
피테네스(FINETES) 달라스점,"1220 W. Trinity Mills Rd. Suite 430, Carrollton, TX 75006",469.465.8586,https://www.finetes.com
가네야마,"9527 Westheimer Rd. #D, Houston, TX 77063",713) 784-5168,https://maps.google.com/maps?f=d&source=s_d&saddr=&daddr=9527+Westheimer+Rd.+%23D%2C+Houston%2C+TX+77063&z=16&iwloc=A&z=auto
Crown Arts,"11311 Harry Hines Boulevard #502, Dallas, TX 75229",972) 488-8313,https://maps.google.com/maps?f=d&source=s_d&saddr=&daddr=11311+Harry+Hines+Boulevard+%23502%2C+Dallas%2C+TX+75229&z=16&iwloc=A&z=auto
업소록,"112 East Hallmark Ave., Killeen, TX 76541",254) 628-1116 / 214) 357-4878 / 469) 633-0070 / 713) 691-8200 / 972-745-0555 / 254) 338-9647 / 866) 411-6100 / 214) 228-4749 / 832) 437-9154 / 972.636.4010 / 817.203.0085,https://maps.google.com/maps?f=d&source=s_d&saddr=&daddr=112+East+Hallmark+Ave.%2C+Killeen%2C+TX+76541&z=16&iwloc=A&z=auto
순복음 새빛교회,"112 East Hallmark Ave., Killeen, TX 76541",254) 628-1116 / 214) 357-4878 / 469) 633-0070 / 713) 691-8200 / 972-745-0555 / 254) 338-9647 / 866) 411-6100 / 214) 228-4749 / 832) 437-9154 / 972.636.4010 / 817.203.0085,https://maps.google.com/maps?f=d&source=s_d&saddr=&daddr=112+East+Hallmark+Ave.%2C+Killeen%2C+TX+76541&z=16&iwloc=A&z=auto
순복음 새빛교회,"112 East Hallmark Ave., Killeen, TX 76541",254) 628-1116,https://maps.google.com/maps?f=d&source=s_d&saddr=&daddr=112+East+Hallmark+Ave.%2C+Killeen%2C+TX+76541&z=16&iwloc=A&z=auto
윤인선 척추신경 전문의 (Accident Recovery Chiropractic),"2639 Walnut Hill Ln. #110, Dallas, TX 75229",214) 357-4878,https://maps.google.com/maps?f=d&source=s_d&saddr=&daddr=2639+Walnut+Hill+Ln.+%23110%2C+Dallas%2C+TX+75229&z=16&iwloc=A&z=auto
릴렉스 더 백 (Relax The Back),"8240 Preston Rd Ste 105, Plano, TX 75024",469) 633-0070,https://www.relaxtheback.com
"(Mon-Sat) 10:00am ~ 7:00pm, (Sun) 12:00pm ~ 6:00pm","8240 Preston Rd Ste 105, Plano, TX 75024",469) 633-0070,https://www.relaxtheback.com
Green LED,"5900 N. Fry. #103, Houston, TX 77076",713) 691-8200,https://maps.google.com/maps?f=d&source=s_d&saddr=&daddr=5900+N.+Fry.+%23103%2C+Houston%2C+TX+77076&z=16&iwloc=A&z=auto
아시아 익스프레스,,972-745-0555,
베델교회,"322 E. Ave C, Killeen, TX 76541",254) 338-9647,https://maps.google.com/maps?f=d&source=s_d&saddr=&daddr=322+E.+Ave+C%2C+Killeen%2C+TX+76541&z=16&iwloc=A&z=auto
에너지 절약 회사 (Energy Progress Lighting),"1010 Hoyt Ave, Ridgefield, NJ 07657",866) 411-6100,http://www.eplled.com
BB 소방,,214) 228-4749,
DK 치과 (DK DENTAL),"870 S. Mason Rd. #144, Katy, TX 77450",832) 437-9154,https://maps.google.com/maps?f=d&source=s_d&saddr=&daddr=870+S.+Mason+Rd.+%23144%2C+Katy%2C+TX+77450&z=16&iwloc=A&z=auto
5 Star Dental,"3751 Main St. #1000, The Colony, TX 75056",972.636.4010 / 817.203.0085,https://maps.google.com/maps?f=d&source=s_d&saddr=&daddr=3751+Main+St.+%231000%2C+The+Colony%2C+TX+75056&z=16&iwloc=A&z=auto
5stardentalclinic.com,"3751 Main St. #1000, The Colony, TX 75056",972.636.4010 / 817.203.0085,https://maps.google.com/maps?f=d&source=s_d&saddr=&daddr=3751+Main+St.+%231000%2C+The+Colony%2C+TX+75056&z=16&iwloc=A&z=auto
업소록,"2257 Royal Ln. #102, Dallas, TX 75229",972) 481-9999 / 832) 633-8319 / 972-300-0038 / 713) 244-0120 / 832) 379-8881 / 281) 731-0038 / 972) 488-8177 / 972) 674-6817 / 214.214.0257 / 713) 468-9490,https://maps.google.com/maps?f=d&source=s_d&saddr=&daddr=2257+Royal+Ln.+%23102%2C+Dallas%2C+TX+75229&z=16&iwloc=A&z=auto
에스더 헤어살롱 (Esther Hair Salon),"2257 Royal Ln. #102, Dallas, TX 75229",972) 481-9999 / 832) 633-8319 / 972-300-0038 / 713) 244-0120 / 832) 379-8881 / 281) 731-0038 / 972) 488-8177 / 972) 674-6817 / 214.214.0257 / 713) 468-9490,https://maps.google.com/maps?f=d&source=s_d&saddr=&daddr=2257+Royal+Ln.+%23102%2C+Dallas%2C+TX+75229&z=16&iwloc=A&z=auto
에스더 헤어살롱 (Esther Hair Salon),"2257 Royal Ln. #102, Dallas, TX 75229",972) 481-9999,https://maps.google.com/maps?f=d&source=s_d&saddr=&daddr=2257+Royal+Ln.+%23102%2C+Dallas%2C+TX+75229&z=16&iwloc=A&z=auto
Josh Roh 회계사,"9600 Long Point Rd., #110, Houston, TX 77055",832) 633-8319,https://maps.google.com/maps?f=d&source=s_d&saddr=&daddr=9600+Long+Point+Rd.%2C+%23110%2C+Houston%2C+TX+77055&z=16&iwloc=A&z=auto
루이 까스텔 (Louis Castel),"4070 TX - 121 Suite 424 Carrollton, TX 75010 (갤러리아 마트 쇼핑몰)",972-300-0038,https://maps.google.com/maps?f=d&source=s_d&saddr=&daddr=4070+TX+-+121+Suite+424+Carrollton%2C+TX+75010+%28%EA%B0%A4%EB%9F%AC%EB%A6%AC%EC%95%84+%EB%A7%88%ED%8A%B8+%EC%87%BC%ED%95%91%EB%AA%B0%29&z=16&iwloc=A&z=auto
Cap Topia,"9777 Harwin Dr. #104, Houston, TX 77036",713) 244-0120,https://maps.google.com/maps?f=d&source=s_d&saddr=&daddr=9777+Harwin+Dr.+%23104%2C+Houston%2C+TX+77036&z=16&iwloc=A&z=auto
송정원,"14525 Katy Frwy., Houston, TX 77079",832) 379-8881,https://maps.google.com/maps?f=d&source=s_d&saddr=&daddr=14525+Katy+Frwy.%2C+Houston%2C+TX+77079&z=16&iwloc=A&z=auto
박광호 부동산,"25528 Aidine, West Field Spring, TX 77373",281) 731-0038,https://maps.google.com/maps?f=d&source=s_d&saddr=&daddr=25528+Aidine%2C+West+Field+Spring%2C+TX+77373&z=16&iwloc=A&z=auto
그레고리 펠 법률사무실 (The Fell Law Firm),"3021 E. Renner Rd. #140, Richardson, TX 75082",972) 488-8177,https://maps.google.com/maps?f=d&source=s_d&saddr=&daddr=3021+E.+Renner+Rd.+%23140%2C+Richardson%2C+TX+75082&z=16&iwloc=A&z=auto
felllawfirm.com,"3021 E. Renner Rd. #140, Richardson, TX 75082",972) 488-8177,https://maps.google.com/maps?f=d&source=s_d&saddr=&daddr=3021+E.+Renner+Rd.+%23140%2C+Richardson%2C+TX+75082&z=16&iwloc=A&z=auto
집수리 (내부・외부),,972) 674-6817,
오늘 한끼 (Today's meal),"2405 S. Stemmons Fwy, Lewisville, TX 75067 (시온마켓 푸드코트)",214.214.0257,https://maps.google.com/maps?f=d&source=s_d&saddr=&daddr=2405+S.+Stemmons+Fwy%2C+Lewisville%2C+TX+75067+%28%EC%8B%9C%EC%98%A8%EB%A7%88%EC%BC%93+%ED%91%B8%EB%93%9C%EC%BD%94%ED%8A%B8%29&z=16&iwloc=A&z=auto
앤드류 라 치과 (휴스턴),"9863 Long Point, Houston, TX 77055",713) 468-9490,https://maps.google.com/maps?f=d&source=s_d&saddr=&daddr=9863+Long+Point%2C+Houston%2C+TX+77055&z=16&iwloc=A&z=auto
업소록,"3111 Cross Timbers Rd #100, Flower Mound, TX 75028",972) 906-9797 / 915) 751-8625 / 832) 993-2188 / 832) 493-0813 / 469) 767-4905 / 972) 245-2483 / 469) 238-9322 / 972) 243-8880 / 972) 484-2002 / 713) 697-7056,http://www.drsongfm.com
송영철 치과,"3111 Cross Timbers Rd #100, Flower Mound, TX 75028",972) 906-9797 / 915) 751-8625 / 832) 993-2188 / 832) 493-0813 / 469) 767-4905 / 972) 245-2483 / 469) 238-9322 / 972) 243-8880 / 972) 484-2002 / 713) 697-7056,http://www.drsongfm.com
송영철 치과,"3111 Cross Timbers Rd #100, Flower Mound, TX 75028",972) 906-9797,http://www.drsongfm.com
"(Mon, Wed, Fri) 9:00am ~ 6:00pm, (Tue, Thur) 9:00am ~ 1:00pm, (Sat) Appointment Only","3111 Cross Timbers Rd #100, Flower Mound, TX 75028",972) 906-9797,http://www.drsongfm.com
교회 협의회,,915) 751-8625,
뷰티풀 헤어살롱,"10001 Long Point #F, Houston, TX 77055",832) 993-2188,https://maps.google.com/maps?f=d&source=s_d&saddr=&daddr=10001+Long+Point+%23F%2C+Houston%2C+TX+77055&z=16&iwloc=A&z=auto
하나님의 꿈의 교회,"8009 Long Point Road, Houston, TX 77055",832) 493-0813,https://maps.google.com/maps?f=d&source=s_d&saddr=&daddr=8009+Long+Point+Road%2C+Houston%2C+TX+77055&z=16&iwloc=A&z=auto
전*현직 한인 회장단 협의회,,469) 767-4905,
New Bite 치과 (뉴 바이트 치과),"1111 W. Frankford Rd #101, Carrollton, TX 75007",972) 245-2483,https://maps.google.com/maps?f=d&source=s_d&saddr=&daddr=1111+W.+Frankford+Rd+%23101%2C+Carrollton%2C+TX+75007&z=16&iwloc=A&z=auto
"www,newbitedentistry.com","1111 W. Frankford Rd #101, Carrollton, TX 75007",972) 245-2483,https://maps.google.com/maps?f=d&source=s_d&saddr=&daddr=1111+W.+Frankford+Rd+%23101%2C+Carrollton%2C+TX+75007&z=16&iwloc=A&z=auto
할렐루야 축구선교회,,469) 238-9322,
한미리 레스토랑 (Hanmiri Restaurant),"2216 Royal Ln. #119, Dallas, TX 75229",972) 243-8880,https://maps.google.com/maps?f=d&source=s_d&saddr=&daddr=2216+Royal+Ln.+%23119%2C+Dallas%2C+TX+75229&z=16&iwloc=A&z=auto
한밭 설렁탕 (Han Bat Shul Lung Tang),"2257 Royal Ln. #101, Dallas, TX 75229",972) 484-2002,https://www.lahanbat.wixsite.com/lahanbat
(Mon-Sun) 7:30am ~ 10:00pm,"2257 Royal Ln. #101, Dallas, TX 75229",972) 484-2002,https://www.lahanbat.wixsite.com/lahanbat
김동수 내과,"6500 N. Frwy. #116, Houston, TX 77076",713) 697-7056,https://maps.google.com/maps?f=d&source=s_d&saddr=&daddr=6500+N.+Frwy.+%23116%2C+Houston%2C+TX+77076&z=16&iwloc=A&z=auto
어스틴 해병대 전우회,"2527 Royal Ln. Suite 130, Dallas, TX 75229",512) 785-9719 / 214.200.5876 / 972) 466-0203 / 405) 670-2415 / 469) 688-6200 / 214) 554-3602 / 601977486502395.1073741835.600094803357330 / 888) 817-5113 / 972-656-4782 / 713) 896-9200 / 817) 492-1890 / 817) 488-1234,https://maps.google.com/maps?f=d&source=s_d&saddr=&daddr=2527+Royal+Ln.+Suite+130%2C+Dallas%2C+TX+75229&z=16&iwloc=A&z=auto
어스틴 해병대 전우회,,512) 785-9719,
잔 BEERS,"2527 Royal Ln. Suite 130, Dallas, TX 75229",214.200.5876,https://maps.google.com/maps?f=d&source=s_d&saddr=&daddr=2527+Royal+Ln.+Suite+130%2C+Dallas%2C+TX+75229&z=16&iwloc=A&z=auto
더페이스 샵 (The Face Shop),"2625 Old Denton Rd #334, Carrollton, TX 75007",972) 466-0203,https://www.facebook.com/thefaceshopdallas/
[email protected],"2625 Old Denton Rd #334, Carrollton, TX 75007",972) 466-0203,https://www.facebook.com/thefaceshopdallas/
Kim's Beauty Shop,"4300 SE 40th Street, Del City, OK 73115",405) 670-2415,https://maps.google.com/maps?f=d&source=s_d&saddr=&daddr=4300+SE+40th+Street%2C+Del+City%2C+OK+73115&z=16&iwloc=A&z=auto
달라스 정토 열린법회,"2011 W. Spring Creek Pkwy #650, Plano, TX 75023",469) 688-6200 / 214) 554-3602 / 601977486502395.1073741835.600094803357330,https://www.facebook.com/media/set/?set=a.601977486502395.1073741835.600094803357330&type=3
[email protected],"2011 W. Spring Creek Pkwy #650, Plano, TX 75023",469) 688-6200 / 214) 554-3602 / 601977486502395.1073741835.600094803357330,https://www.facebook.com/media/set/?set=a.601977486502395.1073741835.600094803357330&type=3
Estock Chair,,888) 817-5113,http://estockchair.com/
[email protected],,888) 817-5113,http://estockchair.com/
신한은행 텍사스 론센터 (Shinhan Bank Rexas Loan Center),"2216 Royal Ln. #102, Dallas, TX 75229",972-656-4782,https://maps.google.com/maps?f=d&source=s_d&saddr=&daddr=2216+Royal+Ln.+%23102%2C+Dallas%2C+TX+75229&z=16&iwloc=A&z=auto
남침례교 텍사스 남부지회,,713) 896-9200,
Best KM Corp (Kahuna),"4709 Colley ville Blvd #580 Colleyville, TX 76034",817) 492-1890,https://maps.google.com/maps?f=d&source=s_d&saddr=&daddr=4709+Colley+ville+Blvd+%23580+Colleyville%2C+TX+76034&z=16&iwloc=A&z=auto
J. Tiger Martial Arts,"100 W. Southlake Blvd #90, Southlake, TX 76092",817) 488-1234,https://www.jtigers.com
"(Mon-Fri) 11:00am ~ 7:30pm, (Sat) 10:00am ~ 12:30pm, (Sun) Closed","100 W. Southlake Blvd #90, Southlake, TX 76092",817) 488-1234,https://www.jtigers.com
업소록,"3272 S. Broadway, Edmond Ok 73013",405) 340-9959 / 972) 386-7387 / 713) 885-7119 / 512) 968-7571 / 972) 252-9595 / 972) 243-2639 / 512) 671-9669 / 713) 273-1838 / 713) 461-9494 / 214) 453-9696 / 972) 243-1323,https://www.allaboutcha.net
All About Cha,"3272 S. Broadway, Edmond Ok 73013",405) 340-9959 / 972) 386-7387 / 713) 885-7119 / 512) 968-7571 / 972) 252-9595 / 972) 243-2639 / 512) 671-9669 / 713) 273-1838 / 713) 461-9494 / 214) 453-9696 / 972) 243-1323,https://www.allaboutcha.net
All About Cha,"3272 S. Broadway, Edmond Ok 73013",405) 340-9959,https://www.allaboutcha.net
Petland,"11909 Preston Rd. #1428, Dallas, TX 75230",972) 386-7387,https://www.dallaspetland.com
JP Art Studio,"10067 Timberoak Dr. Houston, TX 77080",713) 885-7119,https://www.jparthouston.com
[email protected],"10067 Timberoak Dr. Houston, TX 77080",713) 885-7119,https://www.jparthouston.com
Berkeley2 Academy,"9707 Anderson Mill Rd. #330, Austin, TX 78750",512) 968-7571,http://www.berkeley2academy.com
Irving Chiropractic Grande Center,"2668 N. Beltline Road, Irving, TX 75062",972) 252-9595,https://maps.google.com/maps?f=d&source=s_d&saddr=&daddr=2668+N.+Beltline+Road%2C+Irving%2C+TX+75062&z=16&iwloc=A&z=auto
한일환 CPA,"2625 Old Denton Rd. #508, Carrollton, TX 75007",972) 243-2639,https://maps.google.com/maps?f=d&source=s_d&saddr=&daddr=2625+Old+Denton+Rd.+%23508%2C+Carrollton%2C+TX+75007&z=16&iwloc=A&z=auto
라운드락 한인장로교회,"211 Glenn Drive, Round Rock, TX 78664",512) 671-9669,http://www.rrkpc.net
[email protected],"211 Glenn Drive, Round Rock, TX 78664",512) 671-9669,http://www.rrkpc.net
아메리칸 제일은행 (Spring Branch),"1318 Blalock Road, Houston, TX 77055",713) 273-1838,https://afnb.com
"(Mon-Thu) 9:00am ~ 5:00pm, (Fri) 9:00am ~ 5:30pm, (Sat) 9:00am ~ 1:00pm","1318 Blalock Road, Houston, TX 77055",713) 273-1838,https://afnb.com
BBQ 가든,"1949 Gessner Road, Houston, TX 77080",713) 461-9494,https://maps.google.com/maps?f=d&source=s_d&saddr=&daddr=1949+Gessner+Road%2C+Houston%2C+TX+77080&z=16&iwloc=A&z=auto
문두형 텍스 서비스,"2633 Royal Ln. #201, Dallas, TX 75229",214) 453-9696 / 972) 243-1323,https://maps.google.com/maps?f=d&source=s_d&saddr=&daddr=2633+Royal+Ln.+%23201%2C+Dallas%2C+TX+75229&z=16&iwloc=A&z=auto
업소록,"2625 Old Denton Rd. #308, Carrollton, TX 75007",214) 405-5296 / 972) 242-3838 / 972) 671-6398 / 832) 831-8655 / 917-496-3739 / 254) 634-0505 / 254) 699-9696 / 405) 677-2144 / 972) 323-6360 / 800) 225-2525,https://maps.google.com/maps?f=d&source=s_d&saddr=&daddr=2625+Old+Denton+Rd.+%23308%2C+Carrollton%2C+TX+75007&z=16&iwloc=A&z=auto
조경관리 Lawn Care,"2625 Old Denton Rd. #308, Carrollton, TX 75007",214) 405-5296 / 972) 242-3838 / 972) 671-6398 / 832) 831-8655 / 917-496-3739 / 254) 634-0505 / 254) 699-9696 / 405) 677-2144 / 972) 323-6360 / 800) 225-2525,https://maps.google.com/maps?f=d&source=s_d&saddr=&daddr=2625+Old+Denton+Rd.+%23308%2C+Carrollton%2C+TX+75007&z=16&iwloc=A&z=auto
조경관리 Lawn Care,,214) 405-5296,
박준 뷰티랩 (Park Jun's Hair Salon),"2625 Old Denton Rd. #308, Carrollton, TX 75007",972) 242-3838,https://maps.google.com/maps?f=d&source=s_d&saddr=&daddr=2625+Old+Denton+Rd.+%23308%2C+Carrollton%2C+TX+75007&z=16&iwloc=A&z=auto
미용재생 성형외과,,972) 671-6398,
김세준 임플란트,"1899 W. 26 St. #205, Houston, TX 77008",832) 831-8655,https://maps.google.com/maps?f=d&source=s_d&saddr=&daddr=1899+W.+26+St.+%23205%2C+Houston%2C+TX+77008&z=16&iwloc=A&z=auto
재미한국학교 남서부지역 협의회 (SouthWest Korean Schools Association),,917-496-3739,
[email protected],,917-496-3739,
Best Painting & Body,"318 N. 10th Street, Killeen, TX 76541",254) 634-0505,https://maps.google.com/maps?f=d&source=s_d&saddr=&daddr=318+N.+10th+Street%2C+Killeen%2C+TX+76541&z=16&iwloc=A&z=auto
친치과 클리닉,"2030 Heights Dr. #2, Harker Heights, TX 76548",254) 699-9696,https://maps.google.com/maps?f=d&source=s_d&saddr=&daddr=2030+Heights+Dr.+%232%2C+Harker+Heights%2C+TX+76548&z=16&iwloc=A&z=auto
오클라호마 한인학교 이사회,,405) 677-2144,
풍기인삼 농협 황풍정,"2625 Old Denton Rd. Carrollton, TX 75007",972) 323-6360,https://maps.google.com/maps?f=d&source=s_d&saddr=&daddr=2625+Old+Denton+Rd.+Carrollton%2C+TX+75007&z=16&iwloc=A&z=auto
노스웨스트항공 (국내예약),,800) 225-2525,
업소록,"8582 Katy Freeway #220, Houston, TX 77024",832) 455-1144 / 713-688-5501 / 972) 315-0811 / 972) 646-0960 / 973) 573-7819 / 469) 233-4706 / 713) 266-6020 / 214) 352-6677 / 469) 407-0182 / 214-218-2753 / 214) 587-4886,https://maps.google.com/maps?f=d&source=s_d&saddr=&daddr=8582+Katy+Freeway+%23220%2C+Houston%2C+TX+77024&z=16&iwloc=A&z=auto
장애우 부모후원회,"8582 Katy Freeway #220, Houston, TX 77024",832) 455-1144 / 713-688-5501 / 972) 315-0811 / 972) 646-0960 / 973) 573-7819 / 469) 233-4706 / 713) 266-6020 / 214) 352-6677 / 469) 407-0182 / 214-218-2753 / 214) 587-4886,https://maps.google.com/maps?f=d&source=s_d&saddr=&daddr=8582+Katy+Freeway+%23220%2C+Houston%2C+TX+77024&z=16&iwloc=A&z=auto
장애우 부모후원회,,832) 455-1144,
Y2 건축,"8582 Katy Freeway #220, Houston, TX 77024",713-688-5501,https://maps.google.com/maps?f=d&source=s_d&saddr=&daddr=8582+Katy+Freeway+%23220%2C+Houston%2C+TX+77024&z=16&iwloc=A&z=auto
Evergreen Dental,"225 E. State Highway 121, Suite 117 Coppell, TX 75019",972) 315-0811,http://www.evergreendentaldfw.com
[email protected],"225 E. State Highway 121, Suite 117 Coppell, TX 75019",972) 315-0811,http://www.evergreendentaldfw.com
루민종합병원 Lumin Care (McKinney),"210 N. Custer Rd. #100, McKinney, TX 75071",972) 646-0960 / 973) 573-7819,http://lumincare.luminhealth.com
"(Mon-Fri) 8:00am ~ 6:00pm, (Sat) 9:00am ~ 3:00pm","210 N. Custer Rd. #100, McKinney, TX 75071",972) 646-0960 / 973) 573-7819,http://lumincare.luminhealth.com
이석호 부동산,"1002 Raintree Cir. #100, Allen, TX 75013",469) 233-4706,https://maps.google.com/maps?f=d&source=s_d&saddr=&daddr=1002+Raintree+Cir.+%23100%2C+Allen%2C+TX+75013&z=16&iwloc=A&z=auto
원 트레이딩 (One Trading),"9889 Harwin Dr. #308, Houston, TX 77036",713) 266-6020,https://maps.google.com/maps?f=d&source=s_d&saddr=&daddr=9889+Harwin+Dr.+%23308%2C+Houston%2C+TX+77036&z=16&iwloc=A&z=auto
미래 한방 클리닉 (플레이노),"601 W. Parker Rd. #101, Plano, TX 75023",214) 352-6677,https://maps.google.com/maps?f=d&source=s_d&saddr=&daddr=601+W.+Parker+Rd.+%23101%2C+Plano%2C+TX+75023&z=16&iwloc=A&z=auto
Friends Zhuncity,,469) 407-0182,http://www.friends.zhuncity.com
[상담 프로그램] Over a Cup of Coffee,462 Houston St. Coppell. TX,214-218-2753,https://maps.google.com/maps?f=d&source=s_d&saddr=&daddr=462+Houston+St.+Coppell.+TX&z=16&iwloc=A&z=auto
[email protected],462 Houston St. Coppell. TX,214-218-2753,https://maps.google.com/maps?f=d&source=s_d&saddr=&daddr=462+Houston+St.+Coppell.+TX&z=16&iwloc=A&z=auto
애니콜 택시,,214) 587-4886,
업소록,"11496 Luna Rd. #250, Dallas, TX 75234",972) 241-5455 / 972) 245-2665 / 713) 977-7001 / 972) 705-6390 / 972) 979-3962 / 945-257-7590 / 214) 618-1411 / 972) 584-7001 / 214) 238- 5592 / 972-849-6492 / 972) 247-6086,https://www.wiztx.modoo.at
위즈 택배,"11496 Luna Rd. #250, Dallas, TX 75234",972) 241-5455 / 972) 245-2665 / 713) 977-7001 / 972) 705-6390 / 972) 979-3962 / 945-257-7590 / 214) 618-1411 / 972) 584-7001 / 214) 238- 5592 / 972-849-6492 / 972) 247-6086,https://www.wiztx.modoo.at
위즈 택배,"11496 Luna Rd. #250, Dallas, TX 75234",972) 241-5455 / 972) 245-2665,https://www.wiztx.modoo.at
(Mon-Fri) 10:00am ~ 6:00pm,"11496 Luna Rd. #250, Dallas, TX 75234",972) 241-5455 / 972) 245-2665,https://www.wiztx.modoo.at
글로리 트레이딩,"6701 Harwin Dr. #109, Houston, TX 77036",713) 977-7001,https://maps.google.com/maps?f=d&source=s_d&saddr=&daddr=6701+Harwin+Dr.+%23109%2C+Houston%2C+TX+77036&z=16&iwloc=A&z=auto
BBVA Compass Bank - Hebron,"4033 Old Denton Rd Carrollton, TX 75007",972) 705-6390,https://www.bbvacompass.com
"(Mon–Thu) 9:00am ~ 5:00pm, (Fri) 9:00am ~ 6:00pm, (Sat) 9:00am ~ 1:00pm","4033 Old Denton Rd Carrollton, TX 75007",972) 705-6390,https://www.bbvacompass.com
공간 건축 & 인테리어,"3426 Caleche Ct., Plano, TX 75023",972) 979-3962,https://maps.google.com/maps?f=d&source=s_d&saddr=&daddr=3426+Caleche+Ct.%2C+Plano%2C+TX+75023&z=16&iwloc=A&z=auto
[email protected],"3426 Caleche Ct., Plano, TX 75023",972) 979-3962,https://maps.google.com/maps?f=d&source=s_d&saddr=&daddr=3426+Caleche+Ct.%2C+Plano%2C+TX+75023&z=16&iwloc=A&z=auto
프라우드(Proud) 업소용 냉장고,,945-257-7590,https://www.proudcr.com
[email protected],,945-257-7590,https://www.proudcr.com
인 프레타 (In-Fretta),"5588 TX-121 #300, Plano, TX 75024",214) 618-1411,https://www.in-fretta.com/
"(Mon-Thu) 11:00am ~ 10:00pm, (Fri-Sat) 11:00am ~ 11:00pm, (Sun) 12:00pm ~ 9:00pm","5588 TX-121 #300, Plano, TX 75024",214) 618-1411,https://www.in-fretta.com/
"Next Kernel, Inc.","2240 Royal Ln. #214, Dallas, TX 75229",972) 584-7001,https://www.nextkernel.com
[email protected],"2240 Royal Ln. #214, Dallas, TX 75229",972) 584-7001,https://www.nextkernel.com
릴렉스 더 백 (RELAX THE BACK),,214) 238- 5592,
synca-wellness.us/product/jp3000,,214) 238- 5592,
Chin's Painting,,972-849-6492,
Dallas Embroidery Co,"11536 Harry Hines Blvd. #213, Dallas, TX 75229",972) 247-6086,https://maps.google.com/maps?f=d&source=s_d&saddr=&daddr=11536+Harry+Hines+Blvd.+%23213%2C+Dallas%2C+TX+75229&z=16&iwloc=A&z=auto
업소록,"12200 Ford Rd. #295 Farmers Branch, TX 75234",469) 422-8441 / 469-456-1901 / 972) 410-3600 / 281) 227-2828 / 214) 984-7107 / 972) 900-9366 / 469) 744-4416 / 469) 964-5088 / 770-497-0404 / 404-808-6253 / 972) 488-8888 / 972) 997-6339 / 972) 681-7777,https://www.tttinvestment.com
트리플 티 부동산 (Triple-T Realty),"12200 Ford Rd. #295 Farmers Branch, TX 75234",469) 422-8441 / 469-456-1901 / 972) 410-3600 / 281) 227-2828 / 214) 984-7107 / 972) 900-9366 / 469) 744-4416 / 469) 964-5088 / 770-497-0404 / 404-808-6253 / 972) 488-8888 / 972) 997-6339 / 972) 681-7777,https://www.tttinvestment.com
트리플 티 부동산 (Triple-T Realty),"12200 Ford Rd. #295 Farmers Branch, TX 75234",469) 422-8441,https://www.tttinvestment.com
갤러리아 텍산 순두부 (Texan Tofu),"4060 TX-121 #186, Carrollton, TX 75010 (갤러리아 마트내)",469-456-1901,https://maps.google.com/maps?f=d&source=s_d&saddr=&daddr=4060+TX-121+%23186%2C+Carrollton%2C+TX+75010+%28%EA%B0%A4%EB%9F%AC%EB%A6%AC%EC%95%84+%EB%A7%88%ED%8A%B8%EB%82%B4%29&z=16&iwloc=A&z=auto
C2 Eduation Center (Flower Mound),"3851 Long Prairie Rd #130, Flower Mound, TX 75028",972) 410-3600,https://www.c2educate.com/
[email protected],"3851 Long Prairie Rd #130, Flower Mound, TX 75028",972) 410-3600,https://www.c2educate.com/
마이크 에어컨,"11015 Vissonnet Street, Houston, TX 77099",281) 227-2828,https://maps.google.com/maps?f=d&source=s_d&saddr=&daddr=11015+Vissonnet+Street%2C+Houston%2C+TX+77099&z=16&iwloc=A&z=auto
그레이스 웨이 카운셀링,"4975 Preston Park Blvd. #790, Plano, TX 75093",214) 984-7107,https://maps.google.com/maps?f=d&source=s_d&saddr=&daddr=4975+Preston+Park+Blvd.+%23790%2C+Plano%2C+TX+75093&z=16&iwloc=A&z=auto
이상원 부동산,"850 E. State Hwy. 114 #100, Southlake, TX 76092",972) 900-9366 / 469) 744-4416,https://maps.google.com/maps?f=d&source=s_d&saddr=&daddr=850+E.+State+Hwy.+114+%23100%2C+Southlake%2C+TX+76092&z=16&iwloc=A&z=auto
강신형 부동산,,469) 964-5088,
[email protected],,469) 964-5088,
융 건축 (Yung Architecture),,770-497-0404 / 404-808-6253,https://www.yungarchitecture.com
[email protected],,770-497-0404 / 404-808-6253,https://www.yungarchitecture.com
Fashion Mart,"2527 Royal Ln. #100, Dallas, TX 75229",972) 488-8888,https://maps.google.com/maps?f=d&source=s_d&saddr=&daddr=2527+Royal+Ln.+%23100%2C+Dallas%2C+TX+75229&z=16&iwloc=A&z=auto
인테그리티 홈케어 (Integrity Home Care Services),"2695 Villa Creek Dr. #105, Dallas, TX 75234",972) 997-6339 / 972) 681-7777,https://maps.google.com/maps?f=d&source=s_d&saddr=&daddr=2695+Villa+Creek+Dr.+%23105%2C+Dallas%2C+TX+75234&z=16&iwloc=A&z=auto
integrityhcstexas.com,"2695 Villa Creek Dr. #105, Dallas, TX 75234",972) 997-6339 / 972) 681-7777,https://maps.google.com/maps?f=d&source=s_d&saddr=&daddr=2695+Villa+Creek+Dr.+%23105%2C+Dallas%2C+TX+75234&z=16&iwloc=A&z=auto
업소록,"001 Coit Rd #164 Plano, TX 75075",214) 501-2878 / 512) 968-7571 / 713) 465-8099 / 512) 496-2229 / 972) 484-4414 / 214) 207-3254 / 214) 226-8263 / 467) 878-9111 / 201) 232-5599 / 972) 619-1234 / 281) 630-4492 / 214) 960-0401,https://maps.google.com/maps?f=d&source=s_d&saddr=&daddr=001+Coit+Rd+%23164++Plano%2C+TX+75075&z=16&iwloc=A&z=auto
화산 순두부 (Volcano Korean Restaurant),"001 Coit Rd #164 Plano, TX 75075",214) 501-2878 / 512) 968-7571 / 713) 465-8099 / 512) 496-2229 / 972) 484-4414 / 214) 207-3254 / 214) 226-8263 / 467) 878-9111 / 201) 232-5599 / 972) 619-1234 / 281) 630-4492 / 214) 960-0401,https://maps.google.com/maps?f=d&source=s_d&saddr=&daddr=001+Coit+Rd+%23164++Plano%2C+TX+75075&z=16&iwloc=A&z=auto
화산 순두부 (Volcano Korean Restaurant),"001 Coit Rd #164 Plano, TX 75075",214) 501-2878,https://maps.google.com/maps?f=d&source=s_d&saddr=&daddr=001+Coit+Rd+%23164++Plano%2C+TX+75075&z=16&iwloc=A&z=auto
버클리 아카데미 (Berkeley Academy) Northwest Austin,"12871 Research Blvd. #105, Austin, TX 78750",512) 968-7571,https://www.berkeley2academy.com
[email protected],"12871 Research Blvd. #105, Austin, TX 78750",512) 968-7571,https://www.berkeley2academy.com
현용식 회계사,"9501 Long Point Rd., #I, Houston, TX 77055",713) 465-8099,https://maps.google.com/maps?f=d&source=s_d&saddr=&daddr=9501+Long+Point+Rd.%2C+%23I%2C+Houston%2C+TX+77055&z=16&iwloc=A&z=auto
민금사 부동산,"13101 El Camino Road, Austin, TX 78727",512) 496-2229,https://maps.google.com/maps?f=d&source=s_d&saddr=&daddr=13101+El+Camino+Road%2C+Austin%2C+TX+78727&z=16&iwloc=A&z=auto
"아키 종합건설 및 설계 (Archi Design + Construction, Inc.)","11408 N. Stemmons FWY #100, Dallas, TX 75229",972) 484-4414 / 214) 207-3254,http://www.archiinc.com
[email protected],"11408 N. Stemmons FWY #100, Dallas, TX 75229",972) 484-4414 / 214) 207-3254,http://www.archiinc.com
정상 집수리전문,,214) 226-8263,
긱섬 버섯 (Gitxm),,467) 878-9111 / 201) 232-5599,http://gitxmushroom.com/
[email protected],,467) 878-9111 / 201) 232-5599,http://gitxmushroom.com/
Hyatt Regency North Dallas,"701 E. Campbell Road, Richardson, TX 75081",972) 619-1234,https://www.northdallas.hyatt.com
휴스턴 NW 에어 (Mr. 심),"8730 Village Terrace, Houston, TX 77040",281) 630-4492,https://maps.google.com/maps?f=d&source=s_d&saddr=&daddr=8730+Village+Terrace%2C+Houston%2C+TX+77040&z=16&iwloc=A&z=auto
순례자 교회,"1303 N. Maryland Ave, Carrollton, TX 75006",214) 960-0401,https://maps.google.com/maps?f=d&source=s_d&saddr=&daddr=1303+N.+Maryland+Ave%2C+Carrollton%2C+TX+75006&z=16&iwloc=A&z=auto
업소록,"10110 Sahara Street, San Antonio, TX 78216",210) 348-0066 / 972) 686-5505 / 469) 900-8019 / 1.800.991.3594 / 972) 745-0555 / 214) 731-8584 / 254) 519-2875 / 713) 789-0220 / 214) 718-6327 / 713) 785-3619 / 915) 751-8625 / 915) 637-5356,https://maps.google.com/maps?f=d&source=s_d&saddr=&daddr=10110+Sahara+Street%2C+San+Antonio%2C+TX+78216&z=16&iwloc=A&z=auto
조선자 회계사,"10110 Sahara Street, San Antonio, TX 78216",210) 348-0066 / 972) 686-5505 / 469) 900-8019 / 1.800.991.3594 / 972) 745-0555 / 214) 731-8584 / 254) 519-2875 / 713) 789-0220 / 214) 718-6327 / 713) 785-3619 / 915) 751-8625 / 915) 637-5356,https://maps.google.com/maps?f=d&source=s_d&saddr=&daddr=10110+Sahara+Street%2C+San+Antonio%2C+TX+78216&z=16&iwloc=A&z=auto
조선자 회계사,"10110 Sahara Street, San Antonio, TX 78216",210) 348-0066,https://maps.google.com/maps?f=d&source=s_d&saddr=&daddr=10110+Sahara+Street%2C+San+Antonio%2C+TX+78216&z=16&iwloc=A&z=auto
가미 가제 (Kaze),"3919 Pavillion Court, Mesquite, TX 75150",972) 686-5505,https://maps.google.com/maps?f=d&source=s_d&saddr=&daddr=3919+Pavillion+Court%2C+Mesquite%2C+TX+75150&z=16&iwloc=A&z=auto
포차카야 (POCHAKAYA KOREAN POCHA & IZAKAYA),4109 state highway 121 Carrollton Texas 75010,469) 900-8019,https://maps.google.com/maps?f=d&source=s_d&saddr=&daddr=4109+state+highway+121+Carrollton+Texas+75010&z=16&iwloc=A&z=auto
pochakayatx.com,4109 state highway 121 Carrollton Texas 75010,469) 900-8019,https://maps.google.com/maps?f=d&source=s_d&saddr=&daddr=4109+state+highway+121+Carrollton+Texas+75010&z=16&iwloc=A&z=auto
아시아 익스프레스 (Asia Express Inc.),"2970 Blystone Ln. #102, Dallas, TX 75220",1.800.991.3594 / 972) 745-0555,http://www.asiaexpress.info
[email protected],"2970 Blystone Ln. #102, Dallas, TX 75220",1.800.991.3594 / 972) 745-0555,http://www.asiaexpress.info
캐롤톤 프라자 슈퍼마켓,"3040 N. Josey Lane, Carrollton, TX 75007",214) 731-8584,https://maps.google.com/maps?f=d&source=s_d&saddr=&daddr=3040+N.+Josey+Lane%2C+Carrollton%2C+TX+75007&z=16&iwloc=A&z=auto
중앙종합치과,"3202 South WS Young Dr. #101, Killeen, TX 76542",254) 519-2875,https://maps.google.com/maps?f=d&source=s_d&saddr=&daddr=3202+South+WS+Young+Dr.+%23101%2C+Killeen%2C+TX+76542&z=16&iwloc=A&z=auto
박영일 부동산,,713) 789-0220,
유진 인테리어,"1100 Meredith Ln. #211, Plano, TX 75093",214) 718-6327,https://maps.google.com/maps?f=d&source=s_d&saddr=&daddr=1100+Meredith+Ln.+%23211%2C+Plano%2C+TX+75093&z=16&iwloc=A&z=auto
Casa Diva (써밋 패션),"5912 Hillcroft #A-2, Houston, TX 77036",713) 785-3619,https://maps.google.com/maps?f=d&source=s_d&saddr=&daddr=5912+Hillcroft+%23A-2%2C+Houston%2C+TX+77036&z=16&iwloc=A&z=auto
엘파소 중앙침례교회,"5307 Hondo Pass, El Paso, TX 79924",915) 751-8625 / 915) 637-5356,http://www.epcbc.net
업소록,"2775 Villacreek Dr. #122, Farmers Branch, TX 75234",972) 693-3397 / 469) 877-5517 / 469-500-6880 / 281) 888-4336 / 972) 322-7200 / 214-454-9804 / 469) 556-2019 / 972) 306-9554 / 972) 641-6604 / 972) 820-1067,https://maps.google.com/maps?f=d&source=s_d&saddr=&daddr=2775+Villacreek+Dr.+%23122%2C+Farmers+Branch%2C+TX+75234&z=16&iwloc=A&z=auto
한국 부동산,"2775 Villacreek Dr. #122, Farmers Branch, TX 75234",972) 693-3397 / 469) 877-5517 / 469-500-6880 / 281) 888-4336 / 972) 322-7200 / 214-454-9804 / 469) 556-2019 / 972) 306-9554 / 972) 641-6604 / 972) 820-1067,https://maps.google.com/maps?f=d&source=s_d&saddr=&daddr=2775+Villacreek+Dr.+%23122%2C+Farmers+Branch%2C+TX+75234&z=16&iwloc=A&z=auto
한국 부동산,"2775 Villacreek Dr. #122, Farmers Branch, TX 75234",972) 693-3397,https://maps.google.com/maps?f=d&source=s_d&saddr=&daddr=2775+Villacreek+Dr.+%23122%2C+Farmers+Branch%2C+TX+75234&z=16&iwloc=A&z=auto
DFW 한인 세탁협회,,469) 877-5517,
K-BEAUTY COSMETICS,2532 Old Denton Rd Suite #102 Carrollton TX 75006,469-500-6880,https://maps.google.com/maps?f=d&source=s_d&saddr=&daddr=2532+Old+Denton+Rd+Suite+%23102+Carrollton+TX+75006&z=16&iwloc=A&z=auto
JK오토센터,"2004 Blalock Rd. #K, Houston, TX 77080",281) 888-4336,https://maps.google.com/maps?f=d&source=s_d&saddr=&daddr=2004+Blalock+Rd.+%23K%2C+Houston%2C+TX+77080&z=16&iwloc=A&z=auto
SBA 융자 (Dallas),"11169 Harry Hines Blvd., Dallas, TX 75229",972) 322-7200,https://maps.google.com/maps?f=d&source=s_d&saddr=&daddr=11169+Harry+Hines+Blvd.%2C+Dallas%2C+TX+75229&z=16&iwloc=A&z=auto
토왕 건설,"1200 Elk Grove Road, Richardson, TX 75081",214-454-9804,https://maps.google.com/maps?f=d&source=s_d&saddr=&daddr=1200+Elk+Grove+Road%2C+Richardson%2C+TX+75081&z=16&iwloc=A&z=auto
이정란 반영구 화장,"1411 E. Sandy Lake #110, Coppell, TX 75019",469) 556-2019,https://maps.google.com/maps?f=d&source=s_d&saddr=&daddr=1411+E.+Sandy+Lake+%23110%2C+Coppell%2C+TX+75019&z=16&iwloc=A&z=auto
Wagner Piano,"17711 Knollmeadow Ln, Dallas, TX 75287",972) 306-9554,https://www.sampiano.com
베이크 마크 (Bakemark),"3115 N. Great SW Pkwy. #200, Grand Prairie, TX 75050",972) 641-6604,https://maps.google.com/maps?f=d&source=s_d&saddr=&daddr=3115+N.+Great+SW+Pkwy.+%23200%2C+Grand+Prairie%2C+TX+75050&z=16&iwloc=A&z=auto
yourbakemark.com,"3115 N. Great SW Pkwy. #200, Grand Prairie, TX 75050",972) 641-6604,https://maps.google.com/maps?f=d&source=s_d&saddr=&daddr=3115+N.+Great+SW+Pkwy.+%23200%2C+Grand+Prairie%2C+TX+75050&z=16&iwloc=A&z=auto
해성 한의원,"2625 Old Denton Rd. #554, Carrollton, TX 75007",972) 820-1067,https://maps.google.com/maps?f=d&source=s_d&saddr=&daddr=2625+Old+Denton+Rd.+%23554%2C+Carrollton%2C+TX+75007&z=16&iwloc=A&z=auto
업소록,"5339 Alpha Rd. #120, Dallas, TX 75243",214) 676-6573 / 713) 972-5837 / 713) 783-4464 / 972) 247-3020 / 682) 234-8941 / 713) 975-0096 / 972) 680-2800 / 469) 939-7097 / 972) 243-8282 / 972) 455-4326 / 832) 715-6803,https://maps.google.com/maps?f=d&source=s_d&saddr=&daddr=5339+Alpha+Rd.+%23120%2C+Dallas%2C+TX+75243&z=16&iwloc=A&z=auto
조앤리 부동산,"5339 Alpha Rd. #120, Dallas, TX 75243",214) 676-6573 / 713) 972-5837 / 713) 783-4464 / 972) 247-3020 / 682) 234-8941 / 713) 975-0096 / 972) 680-2800 / 469) 939-7097 / 972) 243-8282 / 972) 455-4326 / 832) 715-6803,https://maps.google.com/maps?f=d&source=s_d&saddr=&daddr=5339+Alpha+Rd.+%23120%2C+Dallas%2C+TX+75243&z=16&iwloc=A&z=auto
조앤리 부동산,"5339 Alpha Rd. #120, Dallas, TX 75243",214) 676-6573,https://maps.google.com/maps?f=d&source=s_d&saddr=&daddr=5339+Alpha+Rd.+%23120%2C+Dallas%2C+TX+75243&z=16&iwloc=A&z=auto
이종현 부동산,,713) 972-5837,
앰코 트레이딩,"9889 Harwin Dr. #301-306, Houston, TX 77036",713) 783-4464,https://maps.google.com/maps?f=d&source=s_d&saddr=&daddr=9889+Harwin+Dr.+%23301-306%2C+Houston%2C+TX+77036&z=16&iwloc=A&z=auto
Angels Total Fashion,"11536 Harry Hines Blvd. #103, Dallas, TX 75229",972) 247-3020,https://maps.google.com/maps?f=d&source=s_d&saddr=&daddr=11536+Harry+Hines+Blvd.+%23103%2C+Dallas%2C+TX+75229&z=16&iwloc=A&z=auto
하나 부동산 Golden Tree,"2625 N. Josey Ln. #116, Carrollton, TX 75007",682) 234-8941,https://maps.google.com/maps?f=d&source=s_d&saddr=&daddr=2625+N.+Josey+Ln.+%23116%2C+Carrollton%2C+TX+75007&z=16&iwloc=A&z=auto
에스에스 패션,"6701 Harwin Dr. #117, Houston, TX 77036",713) 975-0096,https://maps.google.com/maps?f=d&source=s_d&saddr=&daddr=6701+Harwin+Dr.+%23117%2C+Houston%2C+TX+77036&z=16&iwloc=A&z=auto
삼성 SDI (Dallas),"2745 Dallas Pkwy. #460, Plano, TX 75093",972) 680-2800,https://www.esdillc.com
[email protected],"2745 Dallas Pkwy. #460, Plano, TX 75093",972) 680-2800,https://www.esdillc.com
올림피아 골프텍 (Olympia Golf Tech),"11441 N. Stemmons Fwy. #207, Dallas, TX 75229",469) 939-7097 / 972) 243-8282,http://www.olympiagolftech.com
박진학 재정계획,"5080 Spctrum Dr #902 W, Addison, TX 75001",972) 455-4326,https://maps.google.com/maps?f=d&source=s_d&saddr=&daddr=5080+Spctrum+Dr+%23902+W%2C+Addison%2C+TX+75001&z=16&iwloc=A&z=auto
휴스턴 박사모,"5411 Bellaire Blvd, Bellaire, TX 77401",832) 715-6803,https://maps.google.com/maps?f=d&source=s_d&saddr=&daddr=5411+Bellaire+Blvd%2C+Bellaire%2C+TX+77401&z=16&iwloc=A&z=auto
업소록,CMIT 음악원 (CMIT Music Institute of Texas),972) 323-9200 / 714) 287-2490 / 469) 301-4961 / 713) 975-6714 / 866) 937-5937 / 713) 468-2123 / 713) 532-2300 / 832) 413-1755 / 817) 924-3829 / 972-972-0668 / 517) 777-5127 / 713) 461-0538,http://www.cmitmusic.com
[email protected],CMIT 음악원 (CMIT Music Institute of Texas),972) 323-9200 / 714) 287-2490 / 469) 301-4961 / 713) 975-6714 / 866) 937-5937 / 713) 468-2123 / 713) 532-2300 / 832) 413-1755 / 817) 924-3829 / 972-972-0668 / 517) 777-5127 / 713) 461-0538,http://www.cmitmusic.com
[email protected],"2701 Old Denton Rd #230, Carrollton, TX 75007",972) 323-9200 / 714) 287-2490,http://www.cmitmusic.com
맥키니 반석교회,"105 New Hope Rd. E McKinney, TX 75071",469) 301-4961,https://maps.google.com/maps?f=d&source=s_d&saddr=&daddr=105+New+Hope+Rd.+E++McKinney%2C++TX+75071&z=16&iwloc=A&z=auto
SW 트레이딩,"8000 Harwin Dr. #410, Houston, TX 77036",713) 975-6714,https://maps.google.com/maps?f=d&source=s_d&saddr=&daddr=8000+Harwin+Dr.+%23410%2C+Houston%2C+TX+77036&z=16&iwloc=A&z=auto
YEP Energy (Your Energy Provider),"5773 Woodway Dr. #311, Houston, TX 77057",866) 937-5937,http://www.yeptexas.com
실버대학 (순복음교회),"1520 Witte Road, Houston, TX 77080",713) 468-2123,https://maps.google.com/maps?f=d&source=s_d&saddr=&daddr=1520+Witte+Road%2C+Houston%2C+TX+77080&z=16&iwloc=A&z=auto
BC 트레이딩,"6885 Harwin Dr. #G, Houston, TX 77036",713) 532-2300,https://maps.google.com/maps?f=d&source=s_d&saddr=&daddr=6885+Harwin+Dr.+%23G%2C+Houston%2C+TX+77036&z=16&iwloc=A&z=auto
Got Coverage Inc,"2015 8th Ave, Fort Worth, TX 76110",832) 413-1755 / 817) 924-3829,https://maps.google.com/maps?f=d&source=s_d&saddr=&daddr=2015+8th+Ave%2C+Fort+Worth%2C+TX+76110&z=16&iwloc=A&z=auto
gotcoverage.me,"2015 8th Ave, Fort Worth, TX 76110",832) 413-1755 / 817) 924-3829,https://maps.google.com/maps?f=d&source=s_d&saddr=&daddr=2015+8th+Ave%2C+Fort+Worth%2C+TX+76110&z=16&iwloc=A&z=auto
KDT Solution,"2727 LBJ Freeway, ste 226 Dallas, Tx 75234",972-972-0668,https://www.kdtusa.net
아이비 아카데미 (IVY ACADEMY),"9801 Anderson Mill Rd #206, Austin, TX 78750",517) 777-5127,https://www.ivyeliteacademy.com
[email protected],"9801 Anderson Mill Rd #206, Austin, TX 78750",517) 777-5127,https://www.ivyeliteacademy.com
솔고 건강센터 (휴스턴 솔고 무료체험관),"1200 Blalock Rd #112, Houston, TX 77055",713) 461-0538,https://maps.google.com/maps?f=d&source=s_d&saddr=&daddr=1200+Blalock+Rd+%23112%2C+Houston%2C+TX+77055&z=16&iwloc=A&z=auto
업소록,"1110 E. Parker Rd. #108, Plano, TX 75074 ​",844) 567-3155 / 469) 814-0045 / 469) 569-6550 / 972) 322-7200 / 361) 882-8885 / 512) 453-9920 / 972) 438-5211 / 214) 952-1075 / 469-877-4988 / 713) 779-5530 / 832) 808-9888,https://maps.google.com/maps?f=d&source=s_d&saddr=&daddr=1110+E.+Parker+Rd.+%23108%2C+Plano%2C+TX+75074+%E2%80%8B&z=16&iwloc=A&z=auto
더 보일링 팟 (The Boiling Pots),"1110 E. Parker Rd. #108, Plano, TX 75074 ​",844) 567-3155 / 469) 814-0045 / 469) 569-6550 / 972) 322-7200 / 361) 882-8885 / 512) 453-9920 / 972) 438-5211 / 214) 952-1075 / 469-877-4988 / 713) 779-5530 / 832) 808-9888,https://maps.google.com/maps?f=d&source=s_d&saddr=&daddr=1110+E.+Parker+Rd.+%23108%2C+Plano%2C+TX+75074+%E2%80%8B&z=16&iwloc=A&z=auto
​http://theboilingpots.com/,"1110 E. Parker Rd. #108, Plano, TX 75074 ​",844) 567-3155 / 469) 814-0045,https://maps.google.com/maps?f=d&source=s_d&saddr=&daddr=1110+E.+Parker+Rd.+%23108%2C+Plano%2C+TX+75074+%E2%80%8B&z=16&iwloc=A&z=auto
UNI 보험 (제니 윤),"4101 McEwen Dr. #235 Dallas, TX 75244",469) 569-6550,https://maps.google.com/maps?f=d&source=s_d&saddr=&daddr=4101+McEwen+Dr.+%23235+Dallas%2C+TX+75244&z=16&iwloc=A&z=auto
[email protected],"4101 McEwen Dr. #235 Dallas, TX 75244",469) 569-6550,https://maps.google.com/maps?f=d&source=s_d&saddr=&daddr=4101+McEwen+Dr.+%23235+Dallas%2C+TX+75244&z=16&iwloc=A&z=auto
SBA 융자 (Carrollton),"2625 N. Josey Ln. #116, Carrollton, TX 75007",972) 322-7200,https://maps.google.com/maps?f=d&source=s_d&saddr=&daddr=2625+N.+Josey+Ln.+%23116%2C+Carrollton%2C+TX+75007&z=16&iwloc=A&z=auto
아카 일본식당,"415 N Water Street, Corpus Christi, TX 78401",361) 882-8885,https://maps.google.com/maps?f=d&source=s_d&saddr=&daddr=415+N+Water+Street%2C+Corpus+Christi%2C+TX+78401&z=16&iwloc=A&z=auto
엔탑 아카데미 (N Top Academy),"12885 Research Blvd. #107, Austin, TX 78750",512) 453-9920,http://www.ntopacademy.com
[email protected],"12885 Research Blvd. #107, Austin, TX 78750",512) 453-9920,http://www.ntopacademy.com
달라스 예수사랑교회,"1000 Armeda Drive, Irving, TX 75061",972) 438-5211,https://maps.google.com/maps?f=d&source=s_d&saddr=&daddr=1000+Armeda+Drive%2C+Irving%2C+TX+75061&z=16&iwloc=A&z=auto
General 핸디맨,,214) 952-1075,
하우스 리모델링,,469-877-4988,
명동식당,"6415 Bissonnet, Houston, TX 77074",713) 779-5530,https://maps.google.com/maps?f=d&source=s_d&saddr=&daddr=6415+Bissonnet%2C+Houston%2C+TX+77074&z=16&iwloc=A&z=auto
또래오래치킨,"1302 Blalock Road, Houston, TX 77055",832) 808-9888,https://maps.google.com/maps?f=d&source=s_d&saddr=&daddr=1302+Blalock+Road%2C+Houston%2C+TX+77055&z=16&iwloc=A&z=auto
업소록,"9883 Long Point Road, Houston, TX 77055",832) 767-8065 / 254) 554-8668 / 972) 484-8989 / 915) 757-2517 / 469) 363-5785 / 214) 923-8611 / 214-888-3255 / 281) 852-0352 / 281) 537-0054 / 972) 620-3992 / 972.810.0031 / 469.660.7167,https://maps.google.com/maps?f=d&source=s_d&saddr=&daddr=9883+Long+Point+Road%2C+Houston%2C+TX+77055&z=16&iwloc=A&z=auto
해피 모아,"9883 Long Point Road, Houston, TX 77055",832) 767-8065 / 254) 554-8668 / 972) 484-8989 / 915) 757-2517 / 469) 363-5785 / 214) 923-8611 / 214-888-3255 / 281) 852-0352 / 281) 537-0054 / 972) 620-3992 / 972.810.0031 / 469.660.7167,https://maps.google.com/maps?f=d&source=s_d&saddr=&daddr=9883+Long+Point+Road%2C+Houston%2C+TX+77055&z=16&iwloc=A&z=auto
해피 모아,"9883 Long Point Road, Houston, TX 77055",832) 767-8065,https://maps.google.com/maps?f=d&source=s_d&saddr=&daddr=9883+Long+Point+Road%2C+Houston%2C+TX+77055&z=16&iwloc=A&z=auto
김정기 의료원,"3106 WS. Young Dr. #B203, Killeen, TX 76541",254) 554-8668,https://maps.google.com/maps?f=d&source=s_d&saddr=&daddr=3106+WS.+Young+Dr.+%23B203%2C+Killeen%2C+TX+76541&z=16&iwloc=A&z=auto
E&A 헤어아트 (E&A Hair Art),"2527 Royal Ln. #145B, Dallas, TX 75229",972) 484-8989,https://maps.google.com/maps?f=d&source=s_d&saddr=&daddr=2527+Royal+Ln.+%23145B%2C+Dallas%2C+TX+75229&z=16&iwloc=A&z=auto
한인 연합감리교회,"4925 Fairbanks Drive, El Paso, TX 79924",915) 757-2517,https://maps.google.com/maps?f=d&source=s_d&saddr=&daddr=4925+Fairbanks+Drive%2C+El+Paso%2C+TX+79924&z=16&iwloc=A&z=auto
성훈 페인트,"2103 Hampton Ct., Carrollton, TX 75006",469) 363-5785,https://maps.google.com/maps?f=d&source=s_d&saddr=&daddr=2103+Hampton+Ct.%2C+Carrollton%2C+TX+75006&z=16&iwloc=A&z=auto
드림빌 홈인스펙션 Dreamville Home Inspections LLC,,214-888-3255,
[email protected],,214-888-3255,
플라워 투고,"5766 SM 1960 E, Houston, TX 77346",281) 852-0352 / 281) 537-0054,https://maps.google.com/maps?f=d&source=s_d&saddr=&daddr=5766+SM+1960+E%2C+Houston%2C+TX+77346&z=16&iwloc=A&z=auto
유림 통나무집 (YOULIM),"2525 Royal Ln. #317, Dallas, TX 75229",972) 620-3992,https://maps.google.com/maps?f=d&source=s_d&saddr=&daddr=2525+Royal+Ln.+%23317%2C+Dallas%2C+TX+75229&z=16&iwloc=A&z=auto
임재영 연방세무사,"1220 W. Trinity Mills Rd # Suite 300, Carrollton, TX 75006",972.810.0031 / 469.660.7167,https://maps.google.com/maps?f=d&source=s_d&saddr=&daddr=1220+W.+Trinity+Mills+Rd+%23+Suite+300%2C+Carrollton%2C+TX+75006&z=16&iwloc=A&z=auto
[email protected],"1220 W. Trinity Mills Rd # Suite 300, Carrollton, TX 75006",972.810.0031 / 469.660.7167,https://maps.google.com/maps?f=d&source=s_d&saddr=&daddr=1220+W.+Trinity+Mills+Rd+%23+Suite+300%2C+Carrollton%2C+TX+75006&z=16&iwloc=A&z=auto
업소록,"1549 Campbell Road, Houston, TX 77055",713) 434-6040 / 214) 321-7777 / 972) 309-8880 / 972) 415-6283 / 213) 388-9099 / 281) 773-5003 / 972.971.4608 / 512) 459-6499 / 512) 619-5336 / 713) 271-0118 / 214) 360-9798,https://www.sycon.us
싸이콘 건축,"1549 Campbell Road, Houston, TX 77055",713) 434-6040 / 214) 321-7777 / 972) 309-8880 / 972) 415-6283 / 213) 388-9099 / 281) 773-5003 / 972.971.4608 / 512) 459-6499 / 512) 619-5336 / 713) 271-0118 / 214) 360-9798,https://www.sycon.us
싸이콘 건축,"1549 Campbell Road, Houston, TX 77055",713) 434-6040,https://www.sycon.us
[email protected],"1549 Campbell Road, Houston, TX 77055",713) 434-6040,https://www.sycon.us
Spring Smile Dental (김태희 치과) 달라스,"3535 N. Buckner Blvd. #114, Dallas, TX 75228",214) 321-7777,https://maps.google.com/maps?f=d&source=s_d&saddr=&daddr=3535+N.+Buckner+Blvd.+%23114%2C+Dallas%2C+TX+75228&z=16&iwloc=A&z=auto
East West Bank (플레이노점),"3911 W. Park Blvd. #601, Plano, TX 75075",972) 309-8880,http://www.eastwestbank.com
서강대학교,,972) 415-6283,
빅베어농축흑염소,"922 S. Vermont Ave., Los Angeles, CA 90006",213) 388-9099,https://maps.google.com/maps?f=d&source=s_d&saddr=&daddr=922+S.+Vermont+Ave.%2C+Los+Angeles%2C+CA+90006&z=16&iwloc=A&z=auto
김용만 보험,"3542 Ashfield Drvie, Houston, TX 77082",281) 773-5003,https://maps.google.com/maps?f=d&source=s_d&saddr=&daddr=3542+Ashfield+Drvie%2C+Houston%2C+TX+77082&z=16&iwloc=A&z=auto
구원센터(Soul Winning Center),,972.971.4608,https://maps.google.com/maps?f=d&source=s_d&saddr=&daddr=2727+LBJ+Fwy%2C+Dallas&z=16&iwloc=A&z=auto
동산한의원,,512) 459-6499 / 512) 619-5336,
밍루 침술원,"9889 Bellaire #A-119, Houston, TX 77036",713) 271-0118,https://maps.google.com/maps?f=d&source=s_d&saddr=&daddr=9889+Bellaire+%23A-119%2C+Houston%2C+TX+77036&z=16&iwloc=A&z=auto
상록수 장의 서비스 (미셀),,214) 360-9798,
업소록,"1111 Gessner #A-1, Houston, TX 77055",713) 365-9669 / 214) 507-1187 / 972) 960-1111 / 972) 896-0611 / 580) 353-6730 / 817) 505-6588 / 972-423-1804 / 713) 364-1580 / 210) 233-1833 / 432) 413-7353 / 214.214.0257 / 214.613.2858,https://maps.google.com/maps?f=d&source=s_d&saddr=&daddr=1111+Gessner+%23A-1%2C+Houston%2C+TX+77055&z=16&iwloc=A&z=auto
동서 한방 클리닉 (East West Wellness Clinic),"1111 Gessner #A-1, Houston, TX 77055",713) 365-9669 / 214) 507-1187 / 972) 960-1111 / 972) 896-0611 / 580) 353-6730 / 817) 505-6588 / 972-423-1804 / 713) 364-1580 / 210) 233-1833 / 432) 413-7353 / 214.214.0257 / 214.613.2858,https://maps.google.com/maps?f=d&source=s_d&saddr=&daddr=1111+Gessner+%23A-1%2C+Houston%2C+TX+77055&z=16&iwloc=A&z=auto
동서 한방 클리닉 (East West Wellness Clinic),"1111 Gessner #A-1, Houston, TX 77055",713) 365-9669,https://maps.google.com/maps?f=d&source=s_d&saddr=&daddr=1111+Gessner+%23A-1%2C+Houston%2C+TX+77055&z=16&iwloc=A&z=auto
한소망 교회,"2783 Valwood Parkway, Farmers Branch, TX 75234",214) 507-1187,https://maps.google.com/maps?f=d&source=s_d&saddr=&daddr=2783+Valwood+Parkway%2C+Farmers+Branch%2C+TX+75234&z=16&iwloc=A&z=auto
특수치료*수술전문치과,"14856 Preston Rd. #104, Dallas, TX 75254",972) 960-1111,https://maps.google.com/maps?f=d&source=s_d&saddr=&daddr=14856+Preston+Rd.+%23104%2C+Dallas%2C+TX+75254&z=16&iwloc=A&z=auto
제이슨마 부동산,"14455 Webb Chapel Road, Farmers Branch, TX 75234",972) 896-0611,https://maps.google.com/maps?f=d&source=s_d&saddr=&daddr=14455+Webb+Chapel+Road%2C+Farmers+Branch%2C+TX+75234&z=16&iwloc=A&z=auto
Sister Beauty Supply,"1313 SW Lee Boulevard, Lawton, OK 73501",580) 353-6730,https://maps.google.com/maps?f=d&source=s_d&saddr=&daddr=1313+SW+Lee+Boulevard%2C+Lawton%2C+OK+73501&z=16&iwloc=A&z=auto
예은 수학 SAT(알링턴),,817) 505-6588,
권태선동물병원(Park Mall Animal Clinic),"2462 K Ave. Plano, TX 75074",972-423-1804,https://www.pmacplano.com
[email protected],"2462 K Ave. Plano, TX 75074",972-423-1804,https://www.pmacplano.com
휴스턴 한인학교 (The Houston Korean School),"1809 Hollister Road, Houston, TX 77080",713) 364-1580,https://www.houstonks.org
[email protected],"1809 Hollister Road, Houston, TX 77080",713) 364-1580,https://www.houstonks.org
양재현 공인회계사 (CPA),"6011 Rittiman Plaza, San Antonio, TX 78218",210) 233-1833 / 432) 413-7353,https://maps.google.com/maps?f=d&source=s_d&saddr=&daddr=6011+Rittiman+Plaza%2C+San+Antonio%2C+TX+78218&z=16&iwloc=A&z=auto
[email protected],"6011 Rittiman Plaza, San Antonio, TX 78218",210) 233-1833 / 432) 413-7353,https://maps.google.com/maps?f=d&source=s_d&saddr=&daddr=6011+Rittiman+Plaza%2C+San+Antonio%2C+TX+78218&z=16&iwloc=A&z=auto
오늘 한끼( TODAY'S MEAL) & 원돈 (ONEDON),"1호점 시온마트 푸드코트 2405 S. STEMMONS FRWY. #126, LEWISVILLE, TX 75067 / 2호점 11434 EMERALD ST. #108, DALLAS, TX 75229",214.214.0257 / 214.613.2858,https://maps.google.com/maps?f=d&source=s_d&saddr=&daddr=1%ED%98%B8%EC%A0%90+%EC%8B%9C%EC%98%A8%EB%A7%88%ED%8A%B8+%ED%91%B8%EB%93%9C%EC%BD%94%ED%8A%B8+2405+S.+STEMMONS+FRWY.+%23126%2C+LEWISVILLE%2C+TX+75067+%2F+2%ED%98%B8%EC%A0%90+11434+EMERALD+ST.+%23108%2C+DALLAS%2C+TX+75229&z=16&iwloc=A&z=auto
업소록,"8075 FM. 423 Bldg. 3 #100, Frisco, TX 75034",214) 469-1001 / 469) 345-2422 / 972) 991-1100 / 469) 774-4104 / 214) 769-7716 / 713) 973-6060 / 405) 341-1016 / 512) 230-2416 / 469) 407-4411 / 832) 859-1520 / 512) 695-1481,http://www.forestdentalcafe.com
포레스트 덴탈 카페 (Forest Dental Cafe),"8075 FM. 423 Bldg. 3 #100, Frisco, TX 75034",214) 469-1001 / 469) 345-2422 / 972) 991-1100 / 469) 774-4104 / 214) 769-7716 / 713) 973-6060 / 405) 341-1016 / 512) 230-2416 / 469) 407-4411 / 832) 859-1520 / 512) 695-1481,http://www.forestdentalcafe.com
[email protected],"8075 FM. 423 Bldg. 3 #100, Frisco, TX 75034",214) 469-1001,http://www.forestdentalcafe.com
Wholesale Bakery Depot,"11311 Harry Hines Blvd. #404, Dallas, TX 75229",469) 345-2422,https://maps.google.com/maps?f=d&source=s_d&saddr=&daddr=11311+Harry+Hines+Blvd.+%23404%2C+Dallas%2C+TX+75229&z=16&iwloc=A&z=auto
영 종합보험 (Young Insurance Center),"5930 LBJ Fwy. #438, Dallas, TX 75240",972) 991-1100 / 469) 774-4104,https://maps.google.com/maps?f=d&source=s_d&saddr=&daddr=5930+LBJ+Fwy.+%23438%2C+Dallas%2C+TX+75240&z=16&iwloc=A&z=auto
[email protected],"5930 LBJ Fwy. #438, Dallas, TX 75240",972) 991-1100 / 469) 774-4104,https://maps.google.com/maps?f=d&source=s_d&saddr=&daddr=5930+LBJ+Fwy.+%23438%2C+Dallas%2C+TX+75240&z=16&iwloc=A&z=auto
아리따움 플레이노 (ARITAUM),"3320 K. Ave. #306, Plano, TX 75074",214) 769-7716,https://maps.google.com/maps?f=d&source=s_d&saddr=&daddr=3320+K.+Ave.+%23306%2C+Plano%2C+TX+75074&z=16&iwloc=A&z=auto
K- 비디오,"10011 K Long Point Road, Carrollton, TX 75007",713) 973-6060,https://maps.google.com/maps?f=d&source=s_d&saddr=&daddr=10011+K+Long+Point+Road%2C+Carrollton%2C+TX+75007&z=16&iwloc=A&z=auto
Dragon Kim's Taekwondo Fitness,"2600 E 2nd Street, Edmond, OK 73034",405) 341-1016,http://www.dragonkimstkd.com
[email protected],"2600 E 2nd Street, Edmond, OK 73034",405) 341-1016,http://www.dragonkimstkd.com
최재은 변호사,"7000 N. Mo Pac Ewy. #200, Austin, TX 78731",512) 230-2416,https://maps.google.com/maps?f=d&source=s_d&saddr=&daddr=7000+N.+Mo+Pac+Ewy.+%23200%2C+Austin%2C+TX+78731&z=16&iwloc=A&z=auto
십자가그사랑교회,"3712 Central Drive, Bedford, TX 76021",469) 407-4411,https://www.loveofthecross.com
[email protected],"3712 Central Drive, Bedford, TX 76021",469) 407-4411,https://www.loveofthecross.com
이화여자대학교 (휴스턴),,832) 859-1520,
조아 부동산 (강수지),"800 Newman Dr., Austin, TX 78703",512) 695-1481,https://www.susiekang.com
[email protected],"800 Newman Dr., Austin, TX 78703",512) 695-1481,https://www.susiekang.com
업소록,"1461 S. Belt Line Rd. #500, Coppell, TX 75019",214) 681-7722 / 972) 402-9799 / 214) 991-6300 / 972) 243-0434 / 972) 410-0042 / 469) 585-4603 / 972) 566-2600 / 214) 528-8400 / 214) 734-5742 / 214) 605-9424 / 817) 714-8825,https://maps.google.com/maps?f=d&source=s_d&saddr=&daddr=1461+S.+Belt+Line+Rd.+%23500%2C+Coppell%2C+TX+75019&z=16&iwloc=A&z=auto
그레이스 부동산,"1461 S. Belt Line Rd. #500, Coppell, TX 75019",214) 681-7722 / 972) 402-9799 / 214) 991-6300 / 972) 243-0434 / 972) 410-0042 / 469) 585-4603 / 972) 566-2600 / 214) 528-8400 / 214) 734-5742 / 214) 605-9424 / 817) 714-8825,https://maps.google.com/maps?f=d&source=s_d&saddr=&daddr=1461+S.+Belt+Line+Rd.+%23500%2C+Coppell%2C+TX+75019&z=16&iwloc=A&z=auto
그레이스 부동산,"1461 S. Belt Line Rd. #500, Coppell, TX 75019",214) 681-7722,https://maps.google.com/maps?f=d&source=s_d&saddr=&daddr=1461+S.+Belt+Line+Rd.+%23500%2C+Coppell%2C+TX+75019&z=16&iwloc=A&z=auto
I Luv Pho,"8350 N. MacArthur Blvd. #100, Irving, TX 75063",972) 402-9799,https://maps.google.com/maps?f=d&source=s_d&saddr=&daddr=8350+N.+MacArthur+Blvd.+%23100%2C+Irving%2C+TX+75063&z=16&iwloc=A&z=auto
뉴비젼 영상제작,"2000 Royal Lane #200, Dallas, TX 75229",214) 991-6300,https://maps.google.com/maps?f=d&source=s_d&saddr=&daddr=2000+Royal+Lane+%23200%2C+Dallas%2C+TX+75229&z=16&iwloc=A&z=auto
[email protected],"2000 Royal Lane #200, Dallas, TX 75229",214) 991-6300,https://maps.google.com/maps?f=d&source=s_d&saddr=&daddr=2000+Royal+Lane+%23200%2C+Dallas%2C+TX+75229&z=16&iwloc=A&z=auto
영동회관 (Korea House Restaurant & Sushi Bar Dallas),"2598 Royal Lane, Dallas, TX 75229",972) 243-0434,http://www.koreahousedallas.com
(Mon-Sun) 10:30am ~ 10:00pm (7days open),"2598 Royal Lane, Dallas, TX 75229",972) 243-0434,http://www.koreahousedallas.com
Family Center VitaleHEALTH (김혜영 클리닉),"1020 Flower Mound RD, suite 100, Flower Mound, TX 75028 // 4217 Marsh Ridge Rd, Suite 110, Carrollton, TX 75010",972) 410-0042,https://www.vitalehealth.org
[email protected],"1020 Flower Mound RD, suite 100, Flower Mound, TX 75028 // 4217 Marsh Ridge Rd, Suite 110, Carrollton, TX 75010",972) 410-0042,https://www.vitalehealth.org
JP 디자인,"1316 Lakehurst Dr., Flower Mound, TX 75022",469) 585-4603,http://www.jpdesignconsulting.com
"(Mon-Fri) 9:00am ~ 5:00pm, (Sat-Sun) 9:00am ~ 12:00pm","1316 Lakehurst Dr., Flower Mound, TX 75022",469) 585-4603,http://www.jpdesignconsulting.com
Betty J. Park. M. D,"7777 Forest Ln. #C755, Dallas, TX 75230",972) 566-2600,http://www.dermatologyofdallas.com
송태림 변호사 (The Tailim Song Law Firm),"8111 LBJ Fwy. #480, Dallas, TX 75251",214) 528-8400,https://maps.google.com/maps?f=d&source=s_d&saddr=&daddr=8111+LBJ+Fwy.+%23480%2C+Dallas%2C+TX+75251&z=16&iwloc=A&z=auto
달라스 한인 가정상담센터,"2534 Royal Ln. #228, Dallas, TX 75229",214) 734-5742,https://maps.google.com/maps?f=d&source=s_d&saddr=&daddr=2534+Royal+Ln.+%23228%2C+Dallas%2C+TX+75229&z=16&iwloc=A&z=auto
Jr Simba,"11500 N. Stemmons Fwy Ste 122, Dallas, TX 75229",214) 605-9424 / 817) 714-8825,https://maps.google.com/maps?f=d&source=s_d&saddr=&daddr=11500+N.+Stemmons+Fwy+Ste+122%2C+Dallas%2C+TX+75229&z=16&iwloc=A&z=auto
업소록,"11528 Harry Hines Blvd. #211, Dallas, TX 75229",972) 247-1661 / 972) 241-1234 / 972) 832-9999 / 972) 243-6989 / 972) 506-9466 / 918) 258-4929 / 972) 372-0707 / 281) 469-6262 / 214-923-0061 / 214) 366-3413 / 817) 831-0321,http://www.cleviewcap.com
Cleview Inc.,"11528 Harry Hines Blvd. #211, Dallas, TX 75229",972) 247-1661 / 972) 241-1234 / 972) 832-9999 / 972) 243-6989 / 972) 506-9466 / 918) 258-4929 / 972) 372-0707 / 281) 469-6262 / 214-923-0061 / 214) 366-3413 / 817) 831-0321,http://www.cleviewcap.com
Cleview Inc.,"11528 Harry Hines Blvd. #211, Dallas, TX 75229",972) 247-1661,http://www.cleviewcap.com
"(Mon-Fri) 9:30am ~ 6:00pm, (Sat) 9:30am ~ 4:00pm","11528 Harry Hines Blvd. #211, Dallas, TX 75229",972) 247-1661,http://www.cleviewcap.com
IBS (International Building Service),"2356 Glenda Lane Suite A, Dallas, TX 75229",972) 241-1234,https://www.ibsfirst.com
[email protected],"2356 Glenda Lane Suite A, Dallas, TX 75229",972) 241-1234,https://www.ibsfirst.com
달라스 제칠일안식일예수재림교회,"2115 Denton Drive, Carrollton, TX 75006",972) 832-9999,https://maps.google.com/maps?f=d&source=s_d&saddr=&daddr=2115+Denton+Drive%2C+Carrollton%2C+TX+75006&z=16&iwloc=A&z=auto
비즈 아이디어 (biz ideas),"1901 Royal Ln. #111, Dallas, TX 75229",972) 243-6989 / 972) 506-9466,http://www.bizideastx.com/
[email protected],"1901 Royal Ln. #111, Dallas, TX 75229",972) 243-6989 / 972) 506-9466,http://www.bizideastx.com/
털사 순복음선교교회,"500 N. 9th Street, Arrow, OK 74012",918) 258-4929,http://www.tfgchurch.org
프라임 교정전문치과 (Prime orthodontics),"1609 W. Hebron Pkwy. #112, Carrollton, TX 75010",972) 372-0707,http://www.primeorthodontics.com
대한 체육관 (송철),"11304 Huffmeister Road, Houston, TX 77065",281) 469-6262,https://maps.google.com/maps?f=d&source=s_d&saddr=&daddr=11304+Huffmeister+Road%2C+Houston%2C+TX+77065&z=16&iwloc=A&z=auto
GCS,"3827 Vine Crest, Dallas, TX 75229",214-923-0061,https://maps.google.com/maps?f=d&source=s_d&saddr=&daddr=3827+Vine+Crest%2C+Dallas%2C+TX+75229&z=16&iwloc=A&z=auto
박운서 CPA,"2625 Old Denton Rd. #508, Carrollton, TX 75007",214) 366-3413,https://maps.google.com/maps?f=d&source=s_d&saddr=&daddr=2625+Old+Denton+Rd.+%23508%2C+Carrollton%2C+TX+75007&z=16&iwloc=A&z=auto
T&R 종합의료원,"2919 Markum Drive, Fort Worth, TX 76117",817) 831-0321,https://maps.google.com/maps?f=d&source=s_d&saddr=&daddr=2919+Markum+Drive%2C+Fort+Worth%2C+TX+76117&z=16&iwloc=A&z=auto
업소록,"420 E Round Grove #200 S4, Lewisville, TX 75057",972) 375-6388 / 972) 241-5678 / 972) 438-9660 / 469) 939-4102 / 469) 248-3385 / 405) 321-5575 / 972) 484-1999 / 214)435-4371 / 214.377.1020 / 972.525.2200 / 469) 900-8060 / 832) 325-4601 / 972.241.3894 / 682.552.4193,https://maps.google.com/maps?f=d&source=s_d&saddr=&daddr=420+E+Round+Grove+%23200+S4%2C++Lewisville%2C+TX+75057&z=16&iwloc=A&z=auto
Queen Skin Care(퀸 스킨 케어),"420 E Round Grove #200 S4, Lewisville, TX 75057",972) 375-6388 / 972) 241-5678 / 972) 438-9660 / 469) 939-4102 / 469) 248-3385 / 405) 321-5575 / 972) 484-1999 / 214)435-4371 / 214.377.1020 / 972.525.2200 / 469) 900-8060 / 832) 325-4601 / 972.241.3894 / 682.552.4193,https://maps.google.com/maps?f=d&source=s_d&saddr=&daddr=420+E+Round+Grove+%23200+S4%2C++Lewisville%2C+TX+75057&z=16&iwloc=A&z=auto
Queen Skin Care(퀸 스킨 케어),"420 E Round Grove #200 S4, Lewisville, TX 75057",972) 375-6388,https://maps.google.com/maps?f=d&source=s_d&saddr=&daddr=420+E+Round+Grove+%23200+S4%2C++Lewisville%2C+TX+75057&z=16&iwloc=A&z=auto
Jung Me Trading Co,"11528 Harry Hines Blvd. #A107, Dallas, TX 75229",972) 241-5678,http://www.hijungme.com
Kimco 도넛,"2204 Hinton D.r #102, Irving, TX 75061",972) 438-9660 / 469) 939-4102,https://maps.google.com/maps?f=d&source=s_d&saddr=&daddr=2204+Hinton+D.r+%23102%2C+Irving%2C+TX+75061&z=16&iwloc=A&z=auto
"(Mon-Fri) 9:00am ~ 5:00pm, (Sat-Sun) Appointment Only","2204 Hinton D.r #102, Irving, TX 75061",972) 438-9660 / 469) 939-4102,https://maps.google.com/maps?f=d&source=s_d&saddr=&daddr=2204+Hinton+D.r+%23102%2C+Irving%2C+TX+75061&z=16&iwloc=A&z=auto
Happy Energy Solution Inc,"2216 Royal Ln. #102, Dallas, TX 75229",469) 248-3385,https://maps.google.com/maps?f=d&source=s_d&saddr=&daddr=2216+Royal+Ln.+%23102%2C+Dallas%2C+TX+75229&z=16&iwloc=A&z=auto
선 테일러 & 턱시도 대여,"912 W. Main Street, Norman, OK 73069",405) 321-5575,https://maps.google.com/maps?f=d&source=s_d&saddr=&daddr=912+W.+Main+Street%2C+Norman%2C+OK+73069&z=16&iwloc=A&z=auto
라디오 액티브 오디오 & 비디오 (Radioactive Audio Video),"11407 Emerald St. #110, Dallas, TX 75229",972) 484-1999 / 214)435-4371,https://maps.google.com/maps?f=d&source=s_d&saddr=&daddr=11407+Emerald+St.+%23110%2C+Dallas%2C+TX+75229&z=16&iwloc=A&z=auto
[email protected],"11407 Emerald St. #110, Dallas, TX 75229",972) 484-1999 / 214)435-4371,https://maps.google.com/maps?f=d&source=s_d&saddr=&daddr=11407+Emerald+St.+%23110%2C+Dallas%2C+TX+75229&z=16&iwloc=A&z=auto
Commonwealth Business Bank (CBB Bank),"2164 Royal Ln, Dallas, TX 75229",214.377.1020 / 972.525.2200,http://www.cbb-bank.com
"(Mon-Fri) 9am ~ 5pm, (Sat) 9am-1pm, (Sun) Closed","2164 Royal Ln, Dallas, TX 75229",214.377.1020 / 972.525.2200,http://www.cbb-bank.com
밥도둑,"2625 Old Denton Rd., suite 452, Carrollton TX 75007",469) 900-8060,https://maps.google.com/maps?f=d&source=s_d&saddr=&daddr=2625+Old+Denton+Rd.%2C+suite+452%2C+Carrollton+TX+75007&z=16&iwloc=A&z=auto
한진해운,"9821 Katy Freeway #350, Houston, TX 77020",832) 325-4601,https://maps.google.com/maps?f=d&source=s_d&saddr=&daddr=9821+Katy+Freeway+%23350%2C+Houston%2C+TX+77020&z=16&iwloc=A&z=auto
아줌마 캐더링,"13850 N. Stemmons Fwy #110, Famers Branch, TX 75234",972.241.3894 / 682.552.4193,https://maps.google.com/maps?f=d&source=s_d&saddr=&daddr=13850+N.+Stemmons+Fwy+%23110%2C+Famers+Branch%2C+TX+75234&z=16&iwloc=A&z=auto
업소록,"2340 E. Trinity Mills Rd. #300, Carrollton, TX 75006",214) 616-9527 / 972) 670-6544 / 972) 652-0088 / 580) 357-0681 / 918) 855-0267 / 918) 584-0566 / 972) 247-9111 / 972.372.0685 / 469.473.4010 / 469.702.2079 / 469.758.6392 / 972-807-2333 / 770-757-4433 / 972) 241-6862,https://maps.google.com/maps?f=d&source=s_d&saddr=&daddr=2340+E.+Trinity+Mills+Rd.+%23300%2C+Carrollton%2C+TX+75006&z=16&iwloc=A&z=auto
협동통신,"2340 E. Trinity Mills Rd. #300, Carrollton, TX 75006",214) 616-9527 / 972) 670-6544 / 972) 652-0088 / 580) 357-0681 / 918) 855-0267 / 918) 584-0566 / 972) 247-9111 / 972.372.0685 / 469.473.4010 / 469.702.2079 / 469.758.6392 / 972-807-2333 / 770-757-4433 / 972) 241-6862,https://maps.google.com/maps?f=d&source=s_d&saddr=&daddr=2340+E.+Trinity+Mills+Rd.+%23300%2C+Carrollton%2C+TX+75006&z=16&iwloc=A&z=auto
협동통신,,214) 616-9527,
황인호 변호사,"2340 E. Trinity Mills Rd. #300, Carrollton, TX 75006",972) 670-6544,https://maps.google.com/maps?f=d&source=s_d&saddr=&daddr=2340+E.+Trinity+Mills+Rd.+%23300%2C+Carrollton%2C+TX+75006&z=16&iwloc=A&z=auto
한울 회계법인,"1878 Royal Ln. #200, Dallas, TX 75229",972) 652-0088,https://maps.google.com/maps?f=d&source=s_d&saddr=&daddr=1878+Royal+Ln.+%23200%2C+Dallas%2C+TX+75229&z=16&iwloc=A&z=auto
로턴 한인장로교회,"920 NW. 38th Street, Lawton, OK 73505",580) 357-0681,https://maps.google.com/maps?f=d&source=s_d&saddr=&daddr=920+NW.+38th+Street%2C+Lawton%2C+OK+73505&z=16&iwloc=A&z=auto
성명숙 부동산,"8990 S. Sheridan Road, Tulsa, OK 74133",918) 855-0267,https://maps.google.com/maps?f=d&source=s_d&saddr=&daddr=8990+S.+Sheridan+Road%2C+Tulsa%2C+OK+74133&z=16&iwloc=A&z=auto
하버드 옷*구두수선,"1118 S. Harvard Road, Tulsa, OK 74112",918) 584-0566,https://maps.google.com/maps?f=d&source=s_d&saddr=&daddr=1118+S.+Harvard+Road%2C+Tulsa%2C+OK+74112&z=16&iwloc=A&z=auto
뉴스코리아 방어운전교육,"2000 Royal Lane, Dallas, TX 75229",972) 247-9111,https://maps.google.com/maps?f=d&source=s_d&saddr=&daddr=2000+Royal+Lane%2C+Dallas%2C+TX+75229&z=16&iwloc=A&z=auto
매드포치킨(Mad for Chicken),,972.372.0685 / 469.473.4010 / 469.702.2079 / 469.758.6392,https://www.madforchicken.com
장수돌침대 달라스 지점,"2570 Royal Ln. Dallas, TX 75229 (해리하인즈 고려갈비 옆)",972-807-2333 / 770-757-4433,https://maps.google.com/maps?f=d&source=s_d&saddr=&daddr=2570+Royal+Ln.+Dallas%2C+TX+75229+%28%ED%95%B4%EB%A6%AC%ED%95%98%EC%9D%B8%EC%A6%88+%EA%B3%A0%EB%A0%A4%EA%B0%88%EB%B9%84+%EC%98%86%29&z=16&iwloc=A&z=auto
홍선희 치과,"13740 Midway Rd. #560, Dallas, TX 75244",972) 241-6862,https://www.dallasmidwaydental.com
[email protected],"13740 Midway Rd. #560, Dallas, TX 75244",972) 241-6862,https://www.dallasmidwaydental.com
업소록,"9901 E. Valley Ranch Pkwy, Irving, TX 75063",972) 444-0660 / 214) 235-9465 / 469) 563-8744 / 972) 815-6395 / 713) 341-5820 / 281) 531-9095 / 972)242-1234 / 972) 251-1269 / 254) 519-0772 / 469.835.7248 / 469.888.1404,https://www.vracu.com
밸리렌치 한의원 (Valley Ranch Acupuncture),"9901 E. Valley Ranch Pkwy, Irving, TX 75063",972) 444-0660 / 214) 235-9465 / 469) 563-8744 / 972) 815-6395 / 713) 341-5820 / 281) 531-9095 / 972)242-1234 / 972) 251-1269 / 254) 519-0772 / 469.835.7248 / 469.888.1404,https://www.vracu.com
밸리렌치 한의원 (Valley Ranch Acupuncture),"9901 E. Valley Ranch Pkwy, Irving, TX 75063",972) 444-0660,https://www.vracu.com
[email protected],"9901 E. Valley Ranch Pkwy, Irving, TX 75063",972) 444-0660,https://www.vracu.com
[email protected],텍사스 도넛협회 (Texas Donut Association of USA),214) 235-9465,https://www.txdonut.com
[email protected],,214) 235-9465,https://www.txdonut.com
할렐루야 기도원,"101 W. Bancroft Drive, Garland, TX 75040",469) 563-8744,https://maps.google.com/maps?f=d&source=s_d&saddr=&daddr=101+W.+Bancroft+Drive%2C+Garland%2C+TX+75040&z=16&iwloc=A&z=auto
달라스 실로암 교회 (Dallas Siloam Church),"12900 Valley Branch #404, Farmers Branch, TX 75234",972) 815-6395,https://maps.google.com/maps?f=d&source=s_d&saddr=&daddr=12900+Valley+Branch+%23404%2C+Farmers+Branch%2C+TX+75234&z=16&iwloc=A&z=auto
[email protected],"12900 Valley Branch #404, Farmers Branch, TX 75234",972) 815-6395,https://maps.google.com/maps?f=d&source=s_d&saddr=&daddr=12900+Valley+Branch+%23404%2C+Farmers+Branch%2C+TX+75234&z=16&iwloc=A&z=auto
SK 이노베이션,"11700 Katy Fwy. #900, Houston, TX 77079",713) 341-5820,https://maps.google.com/maps?f=d&source=s_d&saddr=&daddr=11700+Katy+Fwy.+%23900%2C+Houston%2C+TX+77079&z=16&iwloc=A&z=auto
웨스트 할로우 동물병원,"13664 Westheimer Rd. #A, Houston, TX 77077",281) 531-9095,https://www.westhollow.com
케이팝패션(K-POP Fashion),,972)242-1234,https://maps.google.com/maps?f=d&source=s_d&saddr=&daddr=2625+Old+Denton+Rd.+%23258%2C+Carrollton%2C+TX75007&z=16&iwloc=A&z=auto
[email protected],,972)242-1234,https://maps.google.com/maps?f=d&source=s_d&saddr=&daddr=2625+Old+Denton+Rd.+%23258%2C+Carrollton%2C+TX75007&z=16&iwloc=A&z=auto
북텍사스 중앙대학교 동문회,,972) 251-1269,
퍼니처 월드 (Furniture World),"506 W Veterans Memorial Blvd, Killeen, TX 76541",254) 519-0772,https://www.facebook.com/furnitureworldtexas
[email protected],"506 W Veterans Memorial Blvd, Killeen, TX 76541",254) 519-0772,https://www.facebook.com/furnitureworldtexas
페어뷰 교회 (Fairview Church),"885 S State Hwy 5 Fairview, TX 75069",469.835.7248 / 469.888.1404,https://www.jesusaction.org
[email protected],"885 S State Hwy 5 Fairview, TX 75069",469.835.7248 / 469.888.1404,https://www.jesusaction.org
업소록,"14670 Memorial Drive, Houston, TX 77079",281) 493-2932 / 972) 242-7269 / 210) 945-9723 / 214-205-3389 / 214-499-2199 / 214) 738-7177 / 972.561.0756 / 469) 795-6744 / 214) 893-8684 / 214) 350-5593 / 972-898-8445 / 972) 898-8445 / 817) 500-5363 / 817) 786-4722,https://maps.google.com/maps?f=d&source=s_d&saddr=&daddr=14670+Memorial+Drive%2C+Houston%2C+TX+77079&z=16&iwloc=A&z=auto
스시진,"14670 Memorial Drive, Houston, TX 77079",281) 493-2932 / 972) 242-7269 / 210) 945-9723 / 214-205-3389 / 214-499-2199 / 214) 738-7177 / 972.561.0756 / 469) 795-6744 / 214) 893-8684 / 214) 350-5593 / 972-898-8445 / 972) 898-8445 / 817) 500-5363 / 817) 786-4722,https://maps.google.com/maps?f=d&source=s_d&saddr=&daddr=14670+Memorial+Drive%2C+Houston%2C+TX+77079&z=16&iwloc=A&z=auto
스시진,"14670 Memorial Drive, Houston, TX 77079",281) 493-2932,https://maps.google.com/maps?f=d&source=s_d&saddr=&daddr=14670+Memorial+Drive%2C+Houston%2C+TX+77079&z=16&iwloc=A&z=auto
Metro PCS,"1016 Trinity Mill Road, Carrollton, TX 75006",972) 242-7269,https://maps.google.com/maps?f=d&source=s_d&saddr=&daddr=1016+Trinity+Mill+Road%2C+Carrollton%2C+TX+75006&z=16&iwloc=A&z=auto
한미장로교회,"305 W. Byrd Boulevard, Universal City, TX 78148",210) 945-9723,https://maps.google.com/maps?f=d&source=s_d&saddr=&daddr=305+W.+Byrd+Boulevard%2C+Universal+City%2C+TX+78148&z=16&iwloc=A&z=auto
SR 건축,,214-205-3389 / 214-499-2199,
[email protected],,214-205-3389 / 214-499-2199,
글로벌 침례 신학교,"3108 Valley View Lane, Farmers Branch, TX 75244",214) 738-7177,https://maps.google.com/maps?f=d&source=s_d&saddr=&daddr=3108+Valley+View+Lane%2C+Farmers+Branch%2C+TX+75244&z=16&iwloc=A&z=auto
David Lee 부동산 (The Michael Group R.E Service),"1845 Precinct Line Rd. #206, Hurst, TX 76054",972.561.0756,https://maps.google.com/maps?f=d&source=s_d&saddr=&daddr=1845+Precinct+Line+Rd.+%23206%2C+Hurst%2C+TX+76054&z=16&iwloc=A&z=auto
[email protected],"1845 Precinct Line Rd. #206, Hurst, TX 76054",972.561.0756,https://maps.google.com/maps?f=d&source=s_d&saddr=&daddr=1845+Precinct+Line+Rd.+%23206%2C+Hurst%2C+TX+76054&z=16&iwloc=A&z=auto
부동산 뱅크 (Realty Bank Group),"107 Suncreek Dr. #140, Allen, TX 75013",469) 795-6744 / 214) 893-8684,https://maps.google.com/maps?f=d&source=s_d&saddr=&daddr=107+Suncreek+Dr.+%23140%2C+Allen%2C+TX+75013&z=16&iwloc=A&z=auto
[email protected],"107 Suncreek Dr. #140, Allen, TX 75013",469) 795-6744 / 214) 893-8684,https://maps.google.com/maps?f=d&source=s_d&saddr=&daddr=107+Suncreek+Dr.+%23140%2C+Allen%2C+TX+75013&z=16&iwloc=A&z=auto
J&K 토탈간판,"2512 Program Dr. #104, Dallas, TX 75220",214) 350-5593,https://maps.google.com/maps?f=d&source=s_d&saddr=&daddr=2512+Program+Dr.+%23104%2C+Dallas%2C+TX+75220&z=16&iwloc=A&z=auto
정영희 부동산,"2337 Shoreham Circle, Lewisville, TX 75056",972-898-8445 / 972) 898-8445,http://www.jungyoungheerealtor.com
[email protected],"2337 Shoreham Circle, Lewisville, TX 75056",972-898-8445 / 972) 898-8445,http://www.jungyoungheerealtor.com
구몬 Kumon Math and Reading Center (Euless),"2900 Hwy 121, #135, Bedford, TX 76021",817) 500-5363 / 817) 786-4722,http://www.kumon.com
[email protected],"2900 Hwy 121, #135, Bedford, TX 76021",817) 500-5363 / 817) 786-4722,http://www.kumon.com
업소록,"1224 N. Eastern Avenue, Moore, OK 73160",405) 799-1945 / 972) 793-3828 / 800) 227-4262 / 972) 993-2685 / 972) 620-0377 / 214) 630-4000 / 972) 820-8080 / 972) 408-7878 / 214) 995-4507 / 972) 867-5000 / 214) 918-2430,https://maps.google.com/maps?f=d&source=s_d&saddr=&daddr=1224+N.+Eastern+Avenue%2C+Moore%2C+OK+73160&z=16&iwloc=A&z=auto
동아식품,"1224 N. Eastern Avenue, Moore, OK 73160",405) 799-1945 / 972) 793-3828 / 800) 227-4262 / 972) 993-2685 / 972) 620-0377 / 214) 630-4000 / 972) 820-8080 / 972) 408-7878 / 214) 995-4507 / 972) 867-5000 / 214) 918-2430,https://maps.google.com/maps?f=d&source=s_d&saddr=&daddr=1224+N.+Eastern+Avenue%2C+Moore%2C+OK+73160&z=16&iwloc=A&z=auto
동아식품,"1224 N. Eastern Avenue, Moore, OK 73160",405) 799-1945,https://maps.google.com/maps?f=d&source=s_d&saddr=&daddr=1224+N.+Eastern+Avenue%2C+Moore%2C+OK+73160&z=16&iwloc=A&z=auto
S&J Piano Tuner (피아노 조율 센터),,972) 793-3828,https://sj-piano-tuner.business.site/
아시아나 항공 (Asiana Airlines),,800) 227-4262,https://www.flyasiana.com
다이소 Irving (Daiso Japan),"7615 N. MacArthur Blvd., Irving, TX 75063",972) 993-2685,http://www.daisojapan.com
M-Trading Co.,"11347 Harry Hines Boulevard, Dallas, TX 75229",972) 620-0377,https://maps.google.com/maps?f=d&source=s_d&saddr=&daddr=11347+Harry+Hines+Boulevard%2C+Dallas%2C+TX+75229&z=16&iwloc=A&z=auto
시티유니폼 (CiTi Uniforms),"1348 Inwood Road, Dallas, TX 75247",214) 630-4000,http://citiuniform.com
[email protected],"1348 Inwood Road, Dallas, TX 75247",214) 630-4000,http://citiuniform.com
정스 태권도 (Chung's TaeKwonDo),"3810 Timberglen Road, Dallas, TX, 75287",972) 820-8080,https://maps.google.com/maps?f=d&source=s_d&saddr=&daddr=3810+Timberglen+Road%2C+Dallas%2C+TX%2C+75287&z=16&iwloc=A&z=auto
동성중고등학교,,972) 408-7878,
Komfort Window Tinting,"2525 Royal Ln. #316, Dallas, TX 75229",214) 995-4507,https://maps.google.com/maps?f=d&source=s_d&saddr=&daddr=2525+Royal+Ln.+%23316%2C+Dallas%2C+TX+75229&z=16&iwloc=A&z=auto
현대 HYUNDAI (Huffines Hyundai),"909 Coit Road, Plano, TX 75075",972) 867-5000 / 214) 918-2430,http://www.huffineshyundaiplano.com
"(Mon-Sat) 7:00am ~ 9:00pm, (Sat) 8:00am ~ 9:00pm","909 Coit Road, Plano, TX 75075",972) 867-5000 / 214) 918-2430,http://www.huffineshyundaiplano.com
업소록,"1615 Hillendahl Drive, Houston, TX 77055",832) 725-7283 / 214) 699-1004 / 210) 884-2176 / 469) 684-0037 / 281) 451-8297 / 254) 702-4325 / 469) 342-7010 / 512) 761-4222 / 512) 970-2688 / 972) 247-8111 / 469-544-6774 / 713) 960-1311,https://maps.google.com/maps?f=d&source=s_d&saddr=&daddr=1615+Hillendahl+Drive%2C+Houston%2C+TX+77055&z=16&iwloc=A&z=auto
스프링 브랜치 양로원,"1615 Hillendahl Drive, Houston, TX 77055",832) 725-7283 / 214) 699-1004 / 210) 884-2176 / 469) 684-0037 / 281) 451-8297 / 254) 702-4325 / 469) 342-7010 / 512) 761-4222 / 512) 970-2688 / 972) 247-8111 / 469-544-6774 / 713) 960-1311,https://maps.google.com/maps?f=d&source=s_d&saddr=&daddr=1615+Hillendahl+Drive%2C+Houston%2C+TX+77055&z=16&iwloc=A&z=auto
스프링 브랜치 양로원,"1615 Hillendahl Drive, Houston, TX 77055",832) 725-7283,https://maps.google.com/maps?f=d&source=s_d&saddr=&daddr=1615+Hillendahl+Drive%2C+Houston%2C+TX+77055&z=16&iwloc=A&z=auto
JLB Real Estate Company,"10501 Waters Drive, Irving, TX 75063",214) 699-1004,http://www.dallaszip.com
재미대한볼링협회,,210) 884-2176,
나눔교회,"4561 N. Josey Ln, Carrollton, TX 75010",469) 684-0037,https://www.nahnum.org
휴스턴 해병 전우회,"110 LakesideValley Drive, Houston, TX 77042",281) 451-8297,https://maps.google.com/maps?f=d&source=s_d&saddr=&daddr=110+LakesideValley+Drive%2C+Houston%2C+TX+77042&z=16&iwloc=A&z=auto
박윤주 부동산,,254) 702-4325,
루민종합병원 Lumin Care (Prosper),"1000 North Preston Rd #60, Prosper, TX 75078",469) 342-7010,http://lumincare.luminhealth.com
"(Mon-Fri) 8:00am ~ 8:00pm, (Sat-Sun) 8:00am ~ 6:00pm","1000 North Preston Rd #60, Prosper, TX 75078",469) 342-7010,http://lumincare.luminhealth.com
D. Kim Insurance (다나 김 종합보험),"6901 N. Lamar Blvd. Suite 132. Austin, TX 78752",512) 761-4222 / 512) 970-2688,https://maps.google.com/maps?f=d&source=s_d&saddr=&daddr=6901+N.+Lamar+Blvd.+Suite+132.+Austin%2C+TX+78752&z=16&iwloc=A&z=auto
[email protected],"6901 N. Lamar Blvd. Suite 132. Austin, TX 78752",512) 761-4222 / 512) 970-2688,https://maps.google.com/maps?f=d&source=s_d&saddr=&daddr=6901+N.+Lamar+Blvd.+Suite+132.+Austin%2C+TX+78752&z=16&iwloc=A&z=auto
조금조 종합보험,1012 W Hebron Pkwy #124 Carrollton TX 75010,972) 247-8111 / 469-544-6774,https://maps.google.com/maps?f=d&source=s_d&saddr=&daddr=1012+W+Hebron+Pkwy+%23124+Carrollton+TX+75010&z=16&iwloc=A&z=auto
[email protected],1012 W Hebron Pkwy #124 Carrollton TX 75010,972) 247-8111 / 469-544-6774,https://maps.google.com/maps?f=d&source=s_d&saddr=&daddr=1012+W+Hebron+Pkwy+%23124+Carrollton+TX+75010&z=16&iwloc=A&z=auto
니코 성형외과,"1001 W. Loop S. #813, Houston, TX 77027",713) 960-1311,http://www.drnikko.com
"(Mon-Thu) 9:00am ~ 5:00pm, (Fri) 9:00am ~ 3:00pm","1001 W. Loop S. #813, Houston, TX 77027",713) 960-1311,http://www.drnikko.com
업소록,"2727 LBJ Fwy. #230, Dallas, TX 75243",214) 742-1100 / 713) 979-3930 / 713) 973-1123 / 443) 857-0129 / 210) 967-6010 / 817) 889-4725 / 214) 529-0592 / 713) 932-0549 / 972) 406-0605 / 512) 789-9870 / 713) 467-1741,https://maps.google.com/maps?f=d&source=s_d&saddr=&daddr=2727+LBJ+Fwy.+%23230%2C+Dallas%2C+TX+75243&z=16&iwloc=A&z=auto
브라이언 민 변호사,"2727 LBJ Fwy. #230, Dallas, TX 75243",214) 742-1100 / 713) 979-3930 / 713) 973-1123 / 443) 857-0129 / 210) 967-6010 / 817) 889-4725 / 214) 529-0592 / 713) 932-0549 / 972) 406-0605 / 512) 789-9870 / 713) 467-1741,https://maps.google.com/maps?f=d&source=s_d&saddr=&daddr=2727+LBJ+Fwy.+%23230%2C+Dallas%2C+TX+75243&z=16&iwloc=A&z=auto
브라이언 민 변호사,"2727 LBJ Fwy. #230, Dallas, TX 75243",214) 742-1100,https://maps.google.com/maps?f=d&source=s_d&saddr=&daddr=2727+LBJ+Fwy.+%23230%2C+Dallas%2C+TX+75243&z=16&iwloc=A&z=auto
대우 아메리카,"10497 Town & Country Way #140, Houston, TX 77024",713) 979-3930,https://www.posco-daewoo.com
휴스턴 한인장로교회,"9002 Ruland Road, Houston, TX 77055",713) 973-1123 / 443) 857-0129,https://www.facebook.com/kpch.org
[email protected],"9002 Ruland Road, Houston, TX 77055",713) 973-1123 / 443) 857-0129,https://www.facebook.com/kpch.org
KWIK KAR (박만길),"11715 O'Connor Road, San Antonio, TX 78233",210) 967-6010,https://maps.google.com/maps?f=d&source=s_d&saddr=&daddr=11715+O%27Connor+Road%2C+San+Antonio%2C+TX+78233&z=16&iwloc=A&z=auto
포트워스 한인회,"6336 Waverly Way, Fort Worth, TX 76116",817) 889-4725,https://maps.google.com/maps?f=d&source=s_d&saddr=&daddr=6336+Waverly+Way%2C+Fort+Worth%2C+TX+76116&z=16&iwloc=A&z=auto
[email protected],"6336 Waverly Way, Fort Worth, TX 76116",817) 889-4725,https://maps.google.com/maps?f=d&source=s_d&saddr=&daddr=6336+Waverly+Way%2C+Fort+Worth%2C+TX+76116&z=16&iwloc=A&z=auto
JK 건축,"2030 Royal Lane, Dallas, TX 75229",214) 529-0592,https://maps.google.com/maps?f=d&source=s_d&saddr=&daddr=2030+Royal+Lane%2C+Dallas%2C+TX+75229&z=16&iwloc=A&z=auto
김석주 회계사,"9505 Long Point Rd., Houston, TX 77055",713) 932-0549,https://maps.google.com/maps?f=d&source=s_d&saddr=&daddr=9505+Long+Point+Rd.%2C+Houston%2C+TX+77055&z=16&iwloc=A&z=auto
Sportsman Barber Shop,"3702 Jefferson Street, Austin, TX 78731",512) 789-9870,https://maps.google.com/maps?f=d&source=s_d&saddr=&daddr=3702+Jefferson+Street%2C+Austin%2C+TX+78731&z=16&iwloc=A&z=auto
피터정 소아과,"915 Gessner Dr. #760, Houston, TX 77024",713) 467-1741,https://maps.google.com/maps?f=d&source=s_d&saddr=&daddr=915+Gessner+Dr.+%23760%2C+Houston%2C+TX+77024&z=16&iwloc=A&z=auto
업소록,"10906 Dennis Road, Dallas, TX 75229",214) 316-6058 / 469) 682-7038 / 214) 773-3144 / 713) 932-0240 / 918) 749-4600 / 972) 488-8468 / 469-892-5229 / 972) 996-7010 / 469.735.6419 / 405) 623-4604,https://maps.google.com/maps?f=d&source=s_d&saddr=&daddr=10906+Dennis+Road%2C+Dallas%2C+TX+75229&z=16&iwloc=A&z=auto
크리스탈 글래스,"10906 Dennis Road, Dallas, TX 75229",214) 316-6058 / 469) 682-7038 / 214) 773-3144 / 713) 932-0240 / 918) 749-4600 / 972) 488-8468 / 469-892-5229 / 972) 996-7010 / 469.735.6419 / 405) 623-4604,https://maps.google.com/maps?f=d&source=s_d&saddr=&daddr=10906+Dennis+Road%2C+Dallas%2C+TX+75229&z=16&iwloc=A&z=auto
크리스탈 글래스,"10906 Dennis Road, Dallas, TX 75229",214) 316-6058,https://maps.google.com/maps?f=d&source=s_d&saddr=&daddr=10906+Dennis+Road%2C+Dallas%2C+TX+75229&z=16&iwloc=A&z=auto
Bear Design-Build,"2695 Villa Creek Dr. #110, Dallas, TX 75234",469) 682-7038,http://beardesignbuild.com
[email protected],"2695 Villa Creek Dr. #110, Dallas, TX 75234",469) 682-7038,http://beardesignbuild.com
진유 반영구 화장,,214) 773-3144,
초음파 검사 센터,"8830 Long Point #105, Houston, TX 77055",713) 932-0240,https://maps.google.com/maps?f=d&source=s_d&saddr=&daddr=8830+Long+Point+%23105%2C+Houston%2C+TX+77055&z=16&iwloc=A&z=auto
Dillon International,"7335 S. Lewis Ave. #302, Tulsa, OK 74136",918) 749-4600,https://www.dillonadopt.com
Ace Windows Tinting,"2341 Royal Lane, Dallas, TX 75229",972) 488-8468,https://maps.google.com/maps?f=d&source=s_d&saddr=&daddr=2341+Royal+Lane%2C+Dallas%2C+TX+75229&z=16&iwloc=A&z=auto
ACI 달라스 택배,"1445 Mac Arthur Dr STE 240, Carrollton, TX 75007",469-892-5229,https://maps.google.com/maps?f=d&source=s_d&saddr=&daddr=1445+Mac+Arthur+Dr+STE+240%2C+Carrollton%2C+TX+75007&z=16&iwloc=A&z=auto
루민종합병원 Lumin Care (Plano),"3909 W Parker Rd #104, Plano, TX 75023",972) 996-7010,https://maps.google.com/maps?f=d&source=s_d&saddr=&daddr=3909+W+Parker+Rd+%23104%2C+Plano%2C+TX+75023&z=16&iwloc=A&z=auto
lumincare.luminhealth.com,"3909 W Parker Rd #104, Plano, TX 75023",972) 996-7010,https://maps.google.com/maps?f=d&source=s_d&saddr=&daddr=3909+W+Parker+Rd+%23104%2C+Plano%2C+TX+75023&z=16&iwloc=A&z=auto
한국 국악협회 / 한국 전통춤협회 텍사스 지부,"11500 N. Stemmons Fwy. #186, Dallas, TX 75229",469.735.6419,https://www.dallaskoreandance.org
오클라호마 한미여성회,,405) 623-4604,
업소록,"2400 North Josey Lane, Carrollton, TX 75006",214) 629-3066 / 214) 484-7010 / 972) 243-5323 / 713) 446-0275 / 405) 670-2533 / 214-214-0270 / 469) 685-8918 / 281) 890-5380 / 214) 267-6493 / 214) 762-2222 / 469) 443-0303,https://maps.google.com/maps?f=d&source=s_d&saddr=&daddr=2400+North+Josey+Lane%2C+Carrollton%2C+TX+75006&z=16&iwloc=A&z=auto
물방울 장애우 후원회,"2400 North Josey Lane, Carrollton, TX 75006",214) 629-3066 / 214) 484-7010 / 972) 243-5323 / 713) 446-0275 / 405) 670-2533 / 214-214-0270 / 469) 685-8918 / 281) 890-5380 / 214) 267-6493 / 214) 762-2222 / 469) 443-0303,https://maps.google.com/maps?f=d&source=s_d&saddr=&daddr=2400+North+Josey+Lane%2C+Carrollton%2C+TX+75006&z=16&iwloc=A&z=auto
물방울 장애우 후원회,"2400 North Josey Lane, Carrollton, TX 75006",214) 629-3066,https://maps.google.com/maps?f=d&source=s_d&saddr=&daddr=2400+North+Josey+Lane%2C+Carrollton%2C+TX+75006&z=16&iwloc=A&z=auto
Marsh Lane Dental,"3747 Walnut Hill Lane, Dallas, TX 75229",214) 484-7010,http://www.mymarshlanedental.com
[email protected],"3747 Walnut Hill Lane, Dallas, TX 75229",214) 484-7010,http://www.mymarshlanedental.com
현대 전기공사,"2712 Satsuma Dr #300, Dallas, TX 75229",972) 243-5323,https://maps.google.com/maps?f=d&source=s_d&saddr=&daddr=2712+Satsuma+Dr+%23300%2C+Dallas%2C+TX+75229&z=16&iwloc=A&z=auto
프레스티지 프린터스,"3560 Lang Road, Houston, TX 77092",713) 446-0275,https://maps.google.com/maps?f=d&source=s_d&saddr=&daddr=3560+Lang+Road%2C+Houston%2C+TX+77092&z=16&iwloc=A&z=auto
Rodeo Cleaners,"4329 SE 44th Street, Del City, OK 73135",405) 670-2533,https://maps.google.com/maps?f=d&source=s_d&saddr=&daddr=4329+SE+44th+Street%2C+Del+City%2C+OK+73135&z=16&iwloc=A&z=auto
JinaJina 스킨케어,"1025 W Hebron Pkwy #130, Carrollton, TX 75010",214-214-0270,https://maps.google.com/maps?f=d&source=s_d&saddr=&daddr=1025+W+Hebron+Pkwy+%23130%2C+Carrollton%2C+TX+75010&z=16&iwloc=A&z=auto
김용규 카이로프랙틱 (캐롤튼),"1017 E. Trinity Mills Rd. #108, Carrollton, TX 75006",469) 685-8918,https://maps.google.com/maps?f=d&source=s_d&saddr=&daddr=1017+E.+Trinity+Mills+Rd.+%23108%2C+Carrollton%2C+TX+75006&z=16&iwloc=A&z=auto
이광선 정형외과 (사이페어),"11307 FM 1960 #110, Houston, TX 77065",281) 890-5380,https://maps.google.com/maps?f=d&source=s_d&saddr=&daddr=11307+FM+1960+%23110%2C+Houston%2C+TX+77065&z=16&iwloc=A&z=auto
버드와이저,"1805 Record Crossing Road, Dallas, TX 75235",214) 267-6493,https://maps.google.com/maps?f=d&source=s_d&saddr=&daddr=1805+Record+Crossing+Road%2C+Dallas%2C+TX+75235&z=16&iwloc=A&z=auto
Eastside Dojo,"3420 K Ave #303, Plano, TX 75074",214) 762-2222 / 469) 443-0303,https://maps.google.com/maps?f=d&source=s_d&saddr=&daddr=3420+K+Ave+%23303%2C+Plano%2C+TX+75074&z=16&iwloc=A&z=auto
eastsidedojo.com,"3420 K Ave #303, Plano, TX 75074",214) 762-2222 / 469) 443-0303,https://maps.google.com/maps?f=d&source=s_d&saddr=&daddr=3420+K+Ave+%23303%2C+Plano%2C+TX+75074&z=16&iwloc=A&z=auto
업소록,"2625 Old Denton Rd. #242, Carrollton, TX 75007",214) 900-9186 / 281) 888-8862 / 469) 777-0307 / 972) 758-8777 / 214-280-3339 / 972-742-2500 / 972) 245-7006 / 214-731-6069 / 254) 681-4989 / 972-363-6600 / 469-892-5095 / 713) 480-4733,https://maps.google.com/maps?f=d&source=s_d&saddr=&daddr=2625+Old+Denton+Rd.+%23242%2C+Carrollton%2C+TX+75007&z=16&iwloc=A&z=auto
동아 비디오,"2625 Old Denton Rd. #242, Carrollton, TX 75007",214) 900-9186 / 281) 888-8862 / 469) 777-0307 / 972) 758-8777 / 214-280-3339 / 972-742-2500 / 972) 245-7006 / 214-731-6069 / 254) 681-4989 / 972-363-6600 / 469-892-5095 / 713) 480-4733,https://maps.google.com/maps?f=d&source=s_d&saddr=&daddr=2625+Old+Denton+Rd.+%23242%2C+Carrollton%2C+TX+75007&z=16&iwloc=A&z=auto
동아 비디오,"2625 Old Denton Rd. #242, Carrollton, TX 75007",214) 900-9186,https://maps.google.com/maps?f=d&source=s_d&saddr=&daddr=2625+Old+Denton+Rd.+%23242%2C+Carrollton%2C+TX+75007&z=16&iwloc=A&z=auto
유나이티드 머천서비스,"10333 Harwin Dr. #236, Houston, TX 77036",281) 888-8862,https://maps.google.com/maps?f=d&source=s_d&saddr=&daddr=10333+Harwin+Dr.+%23236%2C+Houston%2C+TX+77036&z=16&iwloc=A&z=auto
KG 종합보험 (KG FINANCIAL GROUP),781 Lakeside Cir. Lewisville. TX 75057,469) 777-0307,https://maps.google.com/maps?f=d&source=s_d&saddr=&daddr=781+Lakeside+Cir.+Lewisville.+TX+75057&z=16&iwloc=A&z=auto
[email protected],781 Lakeside Cir. Lewisville. TX 75057,469) 777-0307,https://maps.google.com/maps?f=d&source=s_d&saddr=&daddr=781+Lakeside+Cir.+Lewisville.+TX+75057&z=16&iwloc=A&z=auto
럭키키즈 덴탈 (Lucky Kids Dental),"2301 Colt Rd. #A, Plano, TX 75075",972) 758-8777,http://www.luckykidsdental.com
[email protected],"2301 Colt Rd. #A, Plano, TX 75075",972) 758-8777,http://www.luckykidsdental.com
힐링터치 마사지 체어 바디프렌드,"6121 W. Park Blvd, suite D101, Plano TX 75093 (윌로우 밴드 몰 1층 Neiman Marcus 앞) / 3811 S. Cooper St., Ste 2050 Arlington, TX 76015 (팍스 몰 2층 푸드코트 건너편)",214-280-3339 / 972-742-2500,https://www.healingtouchchairs.com/korean
[email protected],"6121 W. Park Blvd, suite D101, Plano TX 75093 (윌로우 밴드 몰 1층 Neiman Marcus 앞) / 3811 S. Cooper St., Ste 2050 Arlington, TX 76015 (팍스 몰 2층 푸드코트 건너편)",214-280-3339 / 972-742-2500,https://www.healingtouchchairs.com/korean
장명선 CPA,"2670 Lake Vista Dr # 201 Lewisville,TX 75067",972) 245-7006,https://maps.google.com/maps?f=d&source=s_d&saddr=&daddr=2670+Lake+Vista+Dr+%23+201+Lewisville%2CTX+75067&z=16&iwloc=A&z=auto
[email protected],"2670 Lake Vista Dr # 201 Lewisville,TX 75067",972) 245-7006,https://maps.google.com/maps?f=d&source=s_d&saddr=&daddr=2670+Lake+Vista+Dr+%23+201+Lewisville%2CTX+75067&z=16&iwloc=A&z=auto
한신포차,"1060 W Frankford RD suit#212, Carrollton, TX 75007",214-731-6069,https://maps.google.com/maps?f=d&source=s_d&saddr=&daddr=1060+W+Frankford+RD+suit%23212%2C+Carrollton%2C+TX+75007&z=16&iwloc=A&z=auto
김윤희 부동산,"2209 Excel Drive, Killeen, TX 76542",254) 681-4989,https://maps.google.com/maps?f=d&source=s_d&saddr=&daddr=2209+Excel+Drive%2C+Killeen%2C+TX+76542&z=16&iwloc=A&z=auto
[email protected],"2209 Excel Drive, Killeen, TX 76542",254) 681-4989,https://maps.google.com/maps?f=d&source=s_d&saddr=&daddr=2209+Excel+Drive%2C+Killeen%2C+TX+76542&z=16&iwloc=A&z=auto
차병원 Cha Clinic (척추신경 한방병원),"1060 W. Frankford Rd #110 Carrollton, TX 75007",972-363-6600 / 469-892-5095,https://www.chachiro.com
[email protected],"1060 W. Frankford Rd #110 Carrollton, TX 75007",972-363-6600 / 469-892-5095,https://www.chachiro.com
조이 포토그래피,,713) 480-4733,
업소록,"2540 Glenda Ln. #108, Dallas, TX 75229",214) 457-4320 / 972) 484-6107 / 972) 481-7777 / 214) 213-3665 / 281) 752-0700 / 214) 790-4906 / 713) 647-8300 / 817) 781-5016 / 214) 631-2900 / 713) 468-3155 / 469) 358-6457,https://maps.google.com/maps?f=d&source=s_d&saddr=&daddr=2540+Glenda+Ln.+%23108%2C+Dallas%2C+TX+75229&z=16&iwloc=A&z=auto
HD Builders,"2540 Glenda Ln. #108, Dallas, TX 75229",214) 457-4320 / 972) 484-6107 / 972) 481-7777 / 214) 213-3665 / 281) 752-0700 / 214) 790-4906 / 713) 647-8300 / 817) 781-5016 / 214) 631-2900 / 713) 468-3155 / 469) 358-6457,https://maps.google.com/maps?f=d&source=s_d&saddr=&daddr=2540+Glenda+Ln.+%23108%2C+Dallas%2C+TX+75229&z=16&iwloc=A&z=auto
HD Builders,"2540 Glenda Ln. #108, Dallas, TX 75229",214) 457-4320 / 972) 484-6107,https://maps.google.com/maps?f=d&source=s_d&saddr=&daddr=2540+Glenda+Ln.+%23108%2C+Dallas%2C+TX+75229&z=16&iwloc=A&z=auto
(Mon-Fri) 8:00am ~ 5:00pm,"2540 Glenda Ln. #108, Dallas, TX 75229",214) 457-4320 / 972) 484-6107,https://maps.google.com/maps?f=d&source=s_d&saddr=&daddr=2540+Glenda+Ln.+%23108%2C+Dallas%2C+TX+75229&z=16&iwloc=A&z=auto
에스트라다 변호사,"3010 LBJ Fwy. #430, Dallas, TX 75234",972) 481-7777,https://maps.google.com/maps?f=d&source=s_d&saddr=&daddr=3010+LBJ+Fwy.+%23430%2C+Dallas%2C+TX+75234&z=16&iwloc=A&z=auto
한성 핸디맨,,214) 213-3665,
휴스턴 한인중앙장로 교회,"14311 Park Row, Houston, TX 77084",281) 752-0700,http://www.kcpch.org/ver16/
신촌 비디오,"11422 Harry Hines Blvd. #210, Dallas, TX 75229",214) 790-4906,https://maps.google.com/maps?f=d&source=s_d&saddr=&daddr=11422+Harry+Hines+Blvd.+%23210%2C+Dallas%2C+TX+75229&z=16&iwloc=A&z=auto
아이엠에스 오토 서비스,"2122 Gessner Road, Houston, TX 77080",713) 647-8300,https://maps.google.com/maps?f=d&source=s_d&saddr=&daddr=2122+Gessner+Road%2C+Houston%2C+TX+77080&z=16&iwloc=A&z=auto
포트워스 태런카운티 한인 여성회,,817) 781-5016,
[email protected],,817) 781-5016,
O.K 상점가구상,"712 W Mockingbird Ln, Dallas, TX 75247",214) 631-2900,https://maps.google.com/maps?f=d&source=s_d&saddr=&daddr=712+W+Mockingbird+Ln%2C+Dallas%2C+TX+75247&z=16&iwloc=A&z=auto
안수현 카이로프랙틱,"1416 Campbell Rd. #100, Katy, TX 77055",713) 468-3155,https://maps.google.com/maps?f=d&source=s_d&saddr=&daddr=1416+Campbell+Rd.+%23100%2C+Katy%2C+TX+77055&z=16&iwloc=A&z=auto
고철호 부동산,,469) 358-6457,
업소록,"2625 N. Josey lane #112, Carrollton TX 75007",972-782-9721 / 254) 680-4691 / 512.568.8594 / 214) 854-1476 / 972) 972-4930 / 972) 245-9680 / 972) 365-8993 / 469) 955-0766 / 469)258-6730 / 469) 661.9025 / 972) 530-7374,https://maps.google.com/maps?f=d&source=s_d&saddr=&daddr=2625+N.+Josey+lane+%23112%2C+Carrollton+TX+75007&z=16&iwloc=A&z=auto
뱅크카드 서비스 네이비지 비즈니스 솔루션,"2625 N. Josey lane #112, Carrollton TX 75007",972-782-9721 / 254) 680-4691 / 512.568.8594 / 214) 854-1476 / 972) 972-4930 / 972) 245-9680 / 972) 365-8993 / 469) 955-0766 / 469)258-6730 / 469) 661.9025 / 972) 530-7374,https://maps.google.com/maps?f=d&source=s_d&saddr=&daddr=2625+N.+Josey+lane+%23112%2C+Carrollton+TX+75007&z=16&iwloc=A&z=auto
뱅크카드 서비스 네이비지 비즈니스 솔루션,"2625 N. Josey lane #112, Carrollton TX 75007",972-782-9721,https://maps.google.com/maps?f=d&source=s_d&saddr=&daddr=2625+N.+Josey+lane+%23112%2C+Carrollton+TX+75007&z=16&iwloc=A&z=auto
[email protected],"2625 N. Josey lane #112, Carrollton TX 75007",972-782-9721,https://maps.google.com/maps?f=d&source=s_d&saddr=&daddr=2625+N.+Josey+lane+%23112%2C+Carrollton+TX+75007&z=16&iwloc=A&z=auto
한미은혜침례교회,"401 S. Ann Boulevard, Harker Heights, Killeen, TX 76548",254) 680-4691,https://maps.google.com/maps?f=d&source=s_d&saddr=&daddr=401+S.+Ann+Boulevard%2C+Harker+Heights%2C+Killeen%2C+TX+76548&z=16&iwloc=A&z=auto
최지형 부동산,"13785 Research Blvd. Suite 125, Austin, TX 78750",512.568.8594,https://www.MRGrealtor.com
[email protected],"13785 Research Blvd. Suite 125, Austin, TX 78750",512.568.8594,https://www.MRGrealtor.com
천연올게닉 화장품,,214) 854-1476,
김봉룡 CPA (Kim BR CPA),"1445 Mac Arthur Dr. Ste 100, Carrollton, TX 75007",972) 972-4930,https://www.brkimcpa.com
[email protected],"1445 Mac Arthur Dr. Ste 100, Carrollton, TX 75007",972) 972-4930,https://www.brkimcpa.com
리빙월드 (Living World),"2640 Old Denton Rd., #124, Carrollton, TX 75007",972) 245-9680 / 972) 365-8993,http://www.livingworlddallas.com
[email protected],"2640 Old Denton Rd., #124, Carrollton, TX 75007",972) 245-9680 / 972) 365-8993,http://www.livingworlddallas.com
석란 (H-Mart내),"2625 Old Denton Road, Carrollton, TX 75007",469) 955-0766,https://maps.google.com/maps?f=d&source=s_d&saddr=&daddr=2625+Old+Denton+Road%2C+Carrollton%2C+TX+75007&z=16&iwloc=A&z=auto
Better Life Chiropractic,"9555 Lebanon Rd. Ste 1003 Frisco, TX 75035",469)258-6730,https://maps.google.com/maps?f=d&source=s_d&saddr=&daddr=9555+Lebanon+Rd.+Ste+1003+Frisco%2C+TX+75035&z=16&iwloc=A&z=auto
thebetterlifechiro.com,"9555 Lebanon Rd. Ste 1003 Frisco, TX 75035",469)258-6730,https://maps.google.com/maps?f=d&source=s_d&saddr=&daddr=9555+Lebanon+Rd.+Ste+1003+Frisco%2C+TX+75035&z=16&iwloc=A&z=auto
Flamin Pan,"2129 W Parker Rd Suite 306, Plano TX 75023",469) 661.9025,https://maps.google.com/maps?f=d&source=s_d&saddr=&daddr=2129+W+Parker+Rd+Suite+306%2C+Plano+TX+75023&z=16&iwloc=A&z=auto
스파덴탈,"5435 N. Garland Ave. #125, Garland, TX 75040",972) 530-7374,https://maps.google.com/maps?f=d&source=s_d&saddr=&daddr=5435+N.+Garland+Ave.+%23125%2C+Garland%2C+TX+75040&z=16&iwloc=A&z=auto
업소록,"902 Frostwood #178, Houston, TX 77024",713) 973-2550 / 405) 314-8199 / 972) 624-7812 / 214) 463-4895 / 832) 744-2940 / 512) 789-5171 / 703-969-2720 / 469) 814-0882 / 281) 772-5368 / 713) 465-1448,https://maps.google.com/maps?f=d&source=s_d&saddr=&daddr=902+Frostwood+%23178%2C+Houston%2C+TX+77024&z=16&iwloc=A&z=auto
김풍영 산부인과,"902 Frostwood #178, Houston, TX 77024",713) 973-2550 / 405) 314-8199 / 972) 624-7812 / 214) 463-4895 / 832) 744-2940 / 512) 789-5171 / 703-969-2720 / 469) 814-0882 / 281) 772-5368 / 713) 465-1448,https://maps.google.com/maps?f=d&source=s_d&saddr=&daddr=902+Frostwood+%23178%2C+Houston%2C+TX+77024&z=16&iwloc=A&z=auto
김풍영 산부인과,"902 Frostwood #178, Houston, TX 77024",713) 973-2550,https://maps.google.com/maps?f=d&source=s_d&saddr=&daddr=902+Frostwood+%23178%2C+Houston%2C+TX+77024&z=16&iwloc=A&z=auto
윤수연 부동산,"1624 S.W. 122nd, Oklahoma City, OK 73170",405) 314-8199,http://www.kw.com
메이플트리 치과 (Mapletree Family Dentistry),"3388 Main St. #200, Frisco, TX 75033",972) 624-7812,https://www.mapletreedentistry.com
"(Mon-Fri) 8:00am ~ 5:00pm, (Sat) Appointment Only","3388 Main St. #200, Frisco, TX 75033",972) 624-7812,https://www.mapletreedentistry.com
웰던 플러밍,,214) 463-4895,
휴스턴 수영협회,,832) 744-2940,
참 코리안 바베큐,"1200 W. Howard Ln. #B, Austin, TX 78753",512) 789-5171,https://maps.google.com/maps?f=d&source=s_d&saddr=&daddr=1200+W.+Howard+Ln.+%23B%2C+Austin%2C+TX+78753&z=16&iwloc=A&z=auto
매스뮤추얼 (BJ Lee),"13455 Noel Rd. 20th Floor, Dallas, TX 75240",703-969-2720,https://maps.google.com/maps?f=d&source=s_d&saddr=&daddr=13455+Noel+Rd.+20th+Floor%2C+Dallas%2C+TX+75240&z=16&iwloc=A&z=auto
뚜레주르 플레이노 (Tous Les Jours),"3320 K. Ave, Plano, TX 75074",469) 814-0882,https://maps.google.com/maps?f=d&source=s_d&saddr=&daddr=3320+K.+Ave%2C+Plano%2C+TX+75074&z=16&iwloc=A&z=auto
Priority 최영근,,281) 772-5368,
그레이스 미용실,"1200 Blalock Rd. #102, Houston, TX 77055",713) 465-1448,https://maps.google.com/maps?f=d&source=s_d&saddr=&daddr=1200+Blalock+Rd.+%23102%2C+Houston%2C+TX+77055&z=16&iwloc=A&z=auto
업소록,"6565 N. MacArthur Blvd., Suite 100, Las Colinas, TX 75039",214.282.3250 / 972) 998-4402 / 972) 599-1623 / 713) 973-1066 / 512) 454-6364 / 469 573 0117 / 972) 247-8606 / 713) 464-5100 / 972) 906-9986 / 832) 283-7724,https://maps.google.com/maps?f=d&source=s_d&saddr=&daddr=6565+N.+MacArthur+Blvd.%2C+Suite+100%2C+Las+Colinas%2C+TX+75039&z=16&iwloc=A&z=auto
뉴욕라이프 (사라최),"6565 N. MacArthur Blvd., Suite 100, Las Colinas, TX 75039",214.282.3250 / 972) 998-4402 / 972) 599-1623 / 713) 973-1066 / 512) 454-6364 / 469 573 0117 / 972) 247-8606 / 713) 464-5100 / 972) 906-9986 / 832) 283-7724,https://maps.google.com/maps?f=d&source=s_d&saddr=&daddr=6565+N.+MacArthur+Blvd.%2C+Suite+100%2C+Las+Colinas%2C+TX+75039&z=16&iwloc=A&z=auto
뉴욕라이프 (사라최),"6565 N. MacArthur Blvd., Suite 100, Las Colinas, TX 75039",214.282.3250,https://maps.google.com/maps?f=d&source=s_d&saddr=&daddr=6565+N.+MacArthur+Blvd.%2C+Suite+100%2C+Las+Colinas%2C+TX+75039&z=16&iwloc=A&z=auto
[email protected],"6565 N. MacArthur Blvd., Suite 100, Las Colinas, TX 75039",214.282.3250,https://maps.google.com/maps?f=d&source=s_d&saddr=&daddr=6565+N.+MacArthur+Blvd.%2C+Suite+100%2C+Las+Colinas%2C+TX+75039&z=16&iwloc=A&z=auto
한결같은 교회,"8581 5th Street, Frisco, TX 75034",972) 998-4402,http://www.friscooneway.com
[email protected],"8581 5th Street, Frisco, TX 75034",972) 998-4402,http://www.friscooneway.com
마음수련 (Plano Meditation) 플레이노,"3115 W Parker Rd. #120, Plano, TX 75023",972) 599-1623,https://www.meditationtexas.org
"(Mon-Sat) 10:00am ~ 10:00pm, (Sun) 10:00am ~ 3:00pm","3115 W Parker Rd. #120, Plano, TX 75023",972) 599-1623,https://www.meditationtexas.org
두산 떡집,"10191 Westview, Houston, TX 77043",713) 973-1066,https://maps.google.com/maps?f=d&source=s_d&saddr=&daddr=10191+Westview%2C+Houston%2C+TX+77043&z=16&iwloc=A&z=auto
아리랑,"6801 Airport Blvd., Austin, TX 78752",512) 454-6364,https://maps.google.com/maps?f=d&source=s_d&saddr=&daddr=6801+Airport+Blvd.%2C+Austin%2C+TX+78752&z=16&iwloc=A&z=auto
Dallas Custom Roofing,,469 573 0117,http://www.dallascustomroofing.com
스마일 치과,"2527 Royal Ln. #137, Dallas, TX 75229",972) 247-8606,https://maps.google.com/maps?f=d&source=s_d&saddr=&daddr=2527+Royal+Ln.+%23137%2C+Dallas%2C+TX+75229&z=16&iwloc=A&z=auto
TK Fitting USA,"16300 Katy Freeway #220, Houston, TX 77094",713) 464-5100,https://maps.google.com/maps?f=d&source=s_d&saddr=&daddr=16300+Katy+Freeway+%23220%2C+Houston%2C+TX+77094&z=16&iwloc=A&z=auto
"(Mon,Wed,Thu) 8:00am ~ 12:00pm, 2:00pm ~ 6:00pm, (Tue) 2:00pm ~ 6:00pm, (Fri) 8:00am ~ 12:00pm",텍사스 건스테드 카이로프랙틱 코펠점 (Texas Gonstead Chiropractic),972) 906-9986,http://texasgonstead.com
"(Mon,Wed,Thu) 8:00am ~ 12:00pm, 2:00pm ~ 6:00pm, (Tue) 2:00pm ~ 6:00pm, (Fri) 8:00am ~ 12:00pm","230 N Denton Tap Rd #112, Coppell, TX 75019",972) 906-9986,http://texasgonstead.com
이브핑크,"1302 Blalock Road, Houston, TX 77055",832) 283-7724,https://maps.google.com/maps?f=d&source=s_d&saddr=&daddr=1302+Blalock+Road%2C+Houston%2C+TX+77055&z=16&iwloc=A&z=auto
업소록,"9875 Long Point Road, Houston, TX 77055",713) 464-0992 / 214) 923-9972 / 469) 353-4172 / 972) 484-2994 / 469) 767-5065 / 972) 458-7979 / 281) 495-2230 / 972-527-2534 / 972-241-6734 / 214) 973-5881 / 619) 341-9655 / 469) 200-0540,https://maps.google.com/maps?f=d&source=s_d&saddr=&daddr=9875+Long+Point+Road%2C+Houston%2C+TX+77055&z=16&iwloc=A&z=auto
띵가띵가 노래방,"9875 Long Point Road, Houston, TX 77055",713) 464-0992 / 214) 923-9972 / 469) 353-4172 / 972) 484-2994 / 469) 767-5065 / 972) 458-7979 / 281) 495-2230 / 972-527-2534 / 972-241-6734 / 214) 973-5881 / 619) 341-9655 / 469) 200-0540,https://maps.google.com/maps?f=d&source=s_d&saddr=&daddr=9875+Long+Point+Road%2C+Houston%2C+TX+77055&z=16&iwloc=A&z=auto
띵가띵가 노래방,"9875 Long Point Road, Houston, TX 77055",713) 464-0992,https://maps.google.com/maps?f=d&source=s_d&saddr=&daddr=9875+Long+Point+Road%2C+Houston%2C+TX+77055&z=16&iwloc=A&z=auto
듀베나 음이온 이불,"2240 Royal Ln. #306, Dallas, TX 75229",214) 923-9972,https://maps.google.com/maps?f=d&source=s_d&saddr=&daddr=2240+Royal+Ln.+%23306%2C+Dallas%2C+TX+75229&z=16&iwloc=A&z=auto
엄마손 칼국수,"2625 Old Denton Rd. #556, Carrollton, TX 75007",469) 353-4172,https://maps.google.com/maps?f=d&source=s_d&saddr=&daddr=2625+Old+Denton+Rd.+%23556%2C+Carrollton%2C+TX+75007&z=16&iwloc=A&z=auto
달동네 (Dal Dong Nae Chicken & Hof),"11445 Emerald St #109, Dallas, TX 75229",972) 484-2994,https://maps.google.com/maps?f=d&source=s_d&saddr=&daddr=11445+Emerald+St+%23109%2C+Dallas%2C+TX+75229&z=16&iwloc=A&z=auto
문스 플러밍,,469) 767-5065,
Lenscrafters,,972) 458-7979,
local.lenscrafters.com,,972) 458-7979,
컴파운드숍 약국,"11851 Wilcrest #A, Houston, TX 77031",281) 495-2230,https://maps.google.com/maps?f=d&source=s_d&saddr=&daddr=11851+Wilcrest+%23A%2C+Houston%2C+TX+77031&z=16&iwloc=A&z=auto
달라스 주택 건설회사,"2828 Forrest Ln. #1153, Dallas, TX 75234",972-527-2534 / 972-241-6734,https://maps.google.com/maps?f=d&source=s_d&saddr=&daddr=2828+Forrest+Ln.+%231153%2C+Dallas%2C+TX+75234&z=16&iwloc=A&z=auto
미래 여행사 (Mirae Travel),,214) 973-5881 / 619) 341-9655,
[email protected],,214) 973-5881 / 619) 341-9655,
Eye Level (ENopi 학원) 프리스코,"12398 FM 423 Suite #1400, Frisco, TX 75034",469) 200-0540,http://www.myeyelevel.com
[email protected],"12398 FM 423 Suite #1400, Frisco, TX 75034",469) 200-0540,http://www.myeyelevel.com
라임애드,"1908 Royal Ln. #550, Dallas, TX 75229",469) 271-1045 / 972) 241-0193 / 281) 857-3578 / 213) 820-3369 / 714) 713-2230 / 972) 745-7788 / 972) 312-9979 / 972) 276-5901 / 713) 588-9836 / 512) 345-6940 / 214) 357-6245,https://maps.google.com/maps?f=d&source=s_d&saddr=&daddr=1908+Royal+Ln.+%23550%2C+Dallas%2C+TX+75229&z=16&iwloc=A&z=auto
라임애드,"1908 Royal Ln. #550, Dallas, TX 75229",469) 271-1045,https://maps.google.com/maps?f=d&source=s_d&saddr=&daddr=1908+Royal+Ln.+%23550%2C+Dallas%2C+TX+75229&z=16&iwloc=A&z=auto
혜민 한의원 (Wellness Acupuncture Clinic),"2700 Old Denton Rd. #108 Carrollton, TX 75007",972) 241-0193,https://ko-kr.facebook.com/WellnessAcupuncture/
[email protected],"2700 Old Denton Rd. #108 Carrollton, TX 75007",972) 241-0193,https://ko-kr.facebook.com/WellnessAcupuncture/
휴스턴 문학 동호회,,281) 857-3578,
잠도깨비,,213) 820-3369 / 714) 713-2230,https://www.tassleep.com
Pan Acean Noodles & Grill,"777 S. MacArthur Blvd. #401, Coppell, TX 75019",972) 745-7788,http://www.panaceancoppell.com
"(Sun-Thur) 11:00am ~ 9:30pm, (Fri-Sat) 11:00am ~ 10:30pm","777 S. MacArthur Blvd. #401, Coppell, TX 75019",972) 745-7788,http://www.panaceancoppell.com
Jin Korean BBQ,"3420 K Ave. #200, Plano, TX 75074",972) 312-9979,http://www.jinkoreanbbq.com
[email protected],"3420 K Ave. #200, Plano, TX 75074",972) 312-9979,http://www.jinkoreanbbq.com
성서침례교회,"1144 Rock Creek Drive, Garland, TX 75040",972) 276-5901,https://maps.google.com/maps?f=d&source=s_d&saddr=&daddr=1144+Rock+Creek+Drive%2C+Garland%2C+TX+75040&z=16&iwloc=A&z=auto
JEI 재능 교육 (슈가랜드) – JEI Learning Center of Sugar Land,"16525 Lexington Blvd., Ste. 130, Sugar Land, TX 77479",713) 588-9836,http://sugarland.jeilearning.com/
[email protected],"16525 Lexington Blvd., Ste. 130, Sugar Land, TX 77479",713) 588-9836,http://sugarland.jeilearning.com/
Great Hills Country Club,"5914 Lost Horizon Drive, Austin, TX 78759",512) 345-6940,http://www.greathillscc.org
Serenity 네일살롱 (Serenity Nail Spa & Lash),"5621 W. Lovers Lane, Dallas, TX 75029",214) 357-6245,https://maps.google.com/maps?f=d&source=s_d&saddr=&daddr=5621+W.+Lovers+Lane%2C+Dallas%2C+TX+75029&z=16&iwloc=A&z=auto
한나이슬 (Hanna Isul Medspa),"6336 Waverly Way, Fort Worth, TX 76116",817) 377-4331 / 214) 952-3099 / 972) 294-5452 / 214) 350-8949 / 512) 672-1142 / 405) 732-3055 / 214) 738-1133 / 972) 492-3066 / 972) 236-7608 / 469.879.6868,http://www.hannaisul.com/
한나이슬 (Hanna Isul Medspa),"6336 Waverly Way, Fort Worth, TX 76116",817) 377-4331,http://www.hannaisul.com/
[email protected],"6336 Waverly Way, Fort Worth, TX 76116",817) 377-4331,http://www.hannaisul.com/
달라스 은혜성결교회,"3114 Old Denton Road, Carrollton, TX 75007",214) 952-3099,https://maps.google.com/maps?f=d&source=s_d&saddr=&daddr=3114+Old+Denton+Road%2C+Carrollton%2C+TX+75007&z=16&iwloc=A&z=auto
iheart Kolache (The Colony),"3805 Main St #110, The Colony, TX 75056",972) 294-5452,http://iheartkolache.com/
"(Mon-Sat) 6:00am ~ 2:00pm, (Sun) 6:00am ~ 11:45am","3805 Main St #110, The Colony, TX 75056",972) 294-5452,http://iheartkolache.com/
달라스 홀세일 리커 (Dallas Wholesale Liquor),"2617 Freewood Drive, Dallas, TX 75220",214) 350-8949,https://maps.google.com/maps?f=d&source=s_d&saddr=&daddr=2617+Freewood+Drive%2C+Dallas%2C+TX+75220&z=16&iwloc=A&z=auto
삼성 SDS,"12100 Samsung Boulevard, Austin, TX 78754",512) 672-1142,https://maps.google.com/maps?f=d&source=s_d&saddr=&daddr=12100+Samsung+Boulevard%2C+Austin%2C+TX+78754&z=16&iwloc=A&z=auto
서울가든 (오클라호마),"6012 SE 15th St. #7, Midwest City, OK 73110",405) 732-3055,https://maps.google.com/maps?f=d&source=s_d&saddr=&daddr=6012+SE+15th+St.+%237%2C+Midwest+City%2C+OK+73110&z=16&iwloc=A&z=auto
Irving Art of Science,"705 Cowboys Pkwy #2008, Irving, TX 75063",214) 738-1133,http://www.irvingartofscience.com
[email protected],"705 Cowboys Pkwy #2008, Irving, TX 75063",214) 738-1133,http://www.irvingartofscience.com
Sam's Shoes Repair,"3065 Josey Ln. #58, Dallas, TX 75007",972) 492-3066,https://maps.google.com/maps?f=d&source=s_d&saddr=&daddr=3065+Josey+Ln.+%2358%2C+Dallas%2C+TX+75007&z=16&iwloc=A&z=auto
Fairway Family Medicine,"4100 Fairway Dr. #320, Carrollton, TX 75010",972) 236-7608,https://www.fairwayfamilydoctor.com
[email protected],"4100 Fairway Dr. #320, Carrollton, TX 75010",972) 236-7608,https://www.fairwayfamilydoctor.com
카후나 마사지 체어(Kahuna Chair),"4709 Colleyville Blvd #580, Colleyville , Tx 76034 / 4060 SH 121. #170, Carrollton, TX 75010",469.879.6868,https://maps.google.com/maps?f=d&source=s_d&saddr=&daddr=4709+Colleyville+Blvd+%23580%2C+Colleyville+%2C+Tx++76034+%2F+4060+SH+121.+%23170%2C+Carrollton%2C+TX+75010&z=16&iwloc=A&z=auto
업소록,"690 Beelpam Lane, Garland, TX 75040",469) 363-6284 / 972) 495-1347 / 713) 783-5560 / 210) 653-2700 / 972) 434-8020 / 214) 789-7608 / 512) 444-0999 / 214) 263-4727 / 972) 988-9477 / 281) 408-0180 / 972) 693-5375,https://www.avocadorollnsushi.com
아보카도,"690 Beelpam Lane, Garland, TX 75040",469) 363-6284 / 972) 495-1347 / 713) 783-5560 / 210) 653-2700 / 972) 434-8020 / 214) 789-7608 / 512) 444-0999 / 214) 263-4727 / 972) 988-9477 / 281) 408-0180 / 972) 693-5375,https://www.avocadorollnsushi.com
아보카도,"690 Beelpam Lane, Garland, TX 75040",469) 363-6284 / 972) 495-1347,https://www.avocadorollnsushi.com
스티브 구 치과,"2450 Fondren #320, Houston, TX 77063",713) 783-5560,https://maps.google.com/maps?f=d&source=s_d&saddr=&daddr=2450+Fondren+%23320%2C+Houston%2C+TX+77063&z=16&iwloc=A&z=auto
Kim's Academy of Tae Kwon Do,"4447 Thousand Oaks, San Antonio, TX 78233",210) 653-2700,http://www.kimsacta.com
[email protected],"4447 Thousand Oaks, San Antonio, TX 78233",210) 653-2700,http://www.kimsacta.com
에이스 트랜스 미션,"1440 S. State Hwy. 121 #6, Lewisville, TX 75067",972) 434-8020,https://maps.google.com/maps?f=d&source=s_d&saddr=&daddr=1440+S.+State+Hwy.+121+%236%2C+Lewisville%2C+TX+75067&z=16&iwloc=A&z=auto
Appliance Repair DFW,,214) 789-7608,
Jimmy Clay Golf Club,"5400 Jimmy Clay Drive, Austin, TX 78744",512) 444-0999,http://www.austinpubliclinks.com
아이컴,"2240 Royal Ln. #214, Dallas, TX 75229",214) 263-4727,https://maps.google.com/maps?f=d&source=s_d&saddr=&daddr=2240+Royal+Ln.+%23214%2C+Dallas%2C+TX+75229&z=16&iwloc=A&z=auto
최충 부동산,"11536 Harry Hines Blvd. #217, Dallas, TX 75229",972) 988-9477,https://maps.google.com/maps?f=d&source=s_d&saddr=&daddr=11536+Harry+Hines+Blvd.+%23217%2C+Dallas%2C+TX+75229&z=16&iwloc=A&z=auto
J3 Construction,"875 N. Eldridge Pkwy. #171, Houston, TX 77079",281) 408-0180,https://maps.google.com/maps?f=d&source=s_d&saddr=&daddr=875+N.+Eldridge+Pkwy.+%23171%2C+Houston%2C+TX+77079&z=16&iwloc=A&z=auto
일어학원,"2639 Walnut Hill Ln #118, Dallas, TX 75229",972) 693-5375,https://maps.google.com/maps?f=d&source=s_d&saddr=&daddr=2639+Walnut+Hill+Ln+%23118%2C+Dallas%2C+TX+75229&z=16&iwloc=A&z=auto
업소록,"721 Hebron Pkwy #103, Lewisville, TX 75057",972) 956-9009 / 703) 969-2720 / 972) 896-7200 / 214-907-4469 / 30 (1-888-848-2630 / 469-392-5901 / 512) 459-3177 / 972) 783-2586 / 915) 757-1534 / 972) 406-3540 / 832) 581-2092,https://maps.google.com/maps?f=d&source=s_d&saddr=&daddr=721+Hebron+Pkwy+%23103%2C+Lewisville%2C+TX+75057&z=16&iwloc=A&z=auto
회 먹는 날,"721 Hebron Pkwy #103, Lewisville, TX 75057",972) 956-9009 / 703) 969-2720 / 972) 896-7200 / 214-907-4469 / 30 (1-888-848-2630 / 469-392-5901 / 512) 459-3177 / 972) 783-2586 / 915) 757-1534 / 972) 406-3540 / 832) 581-2092,https://maps.google.com/maps?f=d&source=s_d&saddr=&daddr=721+Hebron+Pkwy+%23103%2C+Lewisville%2C+TX+75057&z=16&iwloc=A&z=auto
회 먹는 날,"721 Hebron Pkwy #103, Lewisville, TX 75057",972) 956-9009 / 703) 969-2720,https://maps.google.com/maps?f=d&source=s_d&saddr=&daddr=721+Hebron+Pkwy+%23103%2C+Lewisville%2C+TX+75057&z=16&iwloc=A&z=auto
"목(5:00pm-9:30pm) 금,토(5:00pm-11:00pm) 일(5:00pm-10:00pm)","721 Hebron Pkwy #103, Lewisville, TX 75057",972) 956-9009 / 703) 969-2720,https://maps.google.com/maps?f=d&source=s_d&saddr=&daddr=721+Hebron+Pkwy+%23103%2C+Lewisville%2C+TX+75057&z=16&iwloc=A&z=auto
CJ DFW,,972) 896-7200,
AK Glass (글래스),4229 Hunter Dr. #3610 Carrollton TX 7510,214-907-4469,https://maps.google.com/maps?f=d&source=s_d&saddr=&daddr=4229+Hunter+Dr.+%233610+Carrollton+TX+7510&z=16&iwloc=A&z=auto
[email protected],4229 Hunter Dr. #3610 Carrollton TX 7510,214-907-4469,https://maps.google.com/maps?f=d&source=s_d&saddr=&daddr=4229+Hunter+Dr.+%233610+Carrollton+TX+7510&z=16&iwloc=A&z=auto
OTA 헬스메이트,"3558 W. Airport Fwy Irving, TX 75062",30 (1-888-848-2630,https://maps.google.com/maps?f=d&source=s_d&saddr=&daddr=3558+W.+Airport+Fwy+Irving%2C+TX+75062&z=16&iwloc=A&z=auto
[email protected],"3558 W. Airport Fwy Irving, TX 75062",30 (1-888-848-2630,https://maps.google.com/maps?f=d&source=s_d&saddr=&daddr=3558+W.+Airport+Fwy+Irving%2C+TX+75062&z=16&iwloc=A&z=auto
데이글로우 치과,931 Ridgeview Dr. Suite 1200 Allen TX 75013,469-392-5901,https://maps.google.com/maps?f=d&source=s_d&saddr=&daddr=931+Ridgeview+Dr.+Suite+1200+Allen+TX+75013&z=16&iwloc=A&z=auto
[email protected],931 Ridgeview Dr. Suite 1200 Allen TX 75013,469-392-5901,https://maps.google.com/maps?f=d&source=s_d&saddr=&daddr=931+Ridgeview+Dr.+Suite+1200+Allen+TX+75013&z=16&iwloc=A&z=auto
한상철 가정주치의,,512) 459-3177,
헬렌 미용실,"1401 E. Arapaho Rd. #C, Lewisville, TX 75081",972) 783-2586,https://maps.google.com/maps?f=d&source=s_d&saddr=&daddr=1401+E.+Arapaho+Rd.+%23C%2C+Lewisville%2C+TX+75081&z=16&iwloc=A&z=auto
제일식품,"8305 Dyer Street, El Paso, TX 79904",915) 757-1534,https://maps.google.com/maps?f=d&source=s_d&saddr=&daddr=8305+Dyer+Street%2C+El+Paso%2C+TX+79904&z=16&iwloc=A&z=auto
신한은행 (Shinhan Bank) 달라스 지점,"2174 Royal Lane, Dallas, TX 75229",972) 406-3540,http://www.shbamerica.com
크리스남 & 강문선 부동산,"1549 Campbell Rd. #8, Houston, TX 77055",832) 581-2092,https://maps.google.com/maps?f=d&source=s_d&saddr=&daddr=1549+Campbell+Rd.+%238%2C+Houston%2C+TX+77055&z=16&iwloc=A&z=auto
업소록,"1224 N Broadway Street, Moore, OK 73160",405) 799-4900 / 214) 352-8100 / 214) 604-4134 / 972) 926-6062 / 580) 355-6613 / 972) 438-2121 / 972) 815-2700 / 713) 541-6256 / 214) 223-3952 / 469) 633-9379 / 214) 319-8908 / 972) 446-8300,https://maps.google.com/maps?f=d&source=s_d&saddr=&daddr=1224+N+Broadway+Street%2C+Moore%2C+OK+73160&z=16&iwloc=A&z=auto
Fusion 카페 식당,"1224 N Broadway Street, Moore, OK 73160",405) 799-4900 / 214) 352-8100 / 214) 604-4134 / 972) 926-6062 / 580) 355-6613 / 972) 438-2121 / 972) 815-2700 / 713) 541-6256 / 214) 223-3952 / 469) 633-9379 / 214) 319-8908 / 972) 446-8300,https://maps.google.com/maps?f=d&source=s_d&saddr=&daddr=1224+N+Broadway+Street%2C+Moore%2C+OK+73160&z=16&iwloc=A&z=auto
Fusion 카페 식당,"1224 N Broadway Street, Moore, OK 73160",405) 799-4900,https://maps.google.com/maps?f=d&source=s_d&saddr=&daddr=1224+N+Broadway+Street%2C+Moore%2C+OK+73160&z=16&iwloc=A&z=auto
렉서스 LEXUS (Sewell Lexus),"6421 Lammon Ave., Dallas, TX 75209",214) 352-8100,http://www.sewelllexus-dallas.com
"(Mon-Fri) 8:00am ~ 8:00pm, (Sat) 8:00am ~ 6:00pm","6421 Lammon Ave., Dallas, TX 75209",214) 352-8100,http://www.sewelllexus-dallas.com
광명장로교회,"2128 Blossom Lane, Richardson, TX 75081",214) 604-4134,https://maps.google.com/maps?f=d&source=s_d&saddr=&daddr=2128+Blossom+Lane%2C+Richardson%2C+TX+75081&z=16&iwloc=A&z=auto
Greater Dallas Press,"601 Shepherd Drvie, Garland, TX 75042",972) 926-6062,https://www.greaterdallaspress.com
정선 식당,"1412 NW 15th Street, Lawton, OK 73507",580) 355-6613,https://maps.google.com/maps?f=d&source=s_d&saddr=&daddr=1412+NW+15th+Street%2C+Lawton%2C+OK+73507&z=16&iwloc=A&z=auto
현대 HYUNDAI (Freeman Hyundai),"1800 E. Airport Feeway, Irving, TX 75062",972) 438-2121 / 972) 815-2700,http://www.freemanhyundai.com
"(Mon-Fri) 9:00am ~ 9:00pm, (Sat) 8:00am ~ 3:00pm","1800 E. Airport Feeway, Irving, TX 75062",972) 438-2121 / 972) 815-2700,http://www.freemanhyundai.com
세노스 유엔 변호사,"6100 Corporate Dr. #580, Houston, TX 77036",713) 541-6256,https://maps.google.com/maps?f=d&source=s_d&saddr=&daddr=6100+Corporate+Dr.+%23580%2C+Houston%2C+TX+77036&z=16&iwloc=A&z=auto
스터디 엔비 유학,"915 W. Parker Rd #306, Plano, TX 75023",214) 223-3952 / 469) 633-9379,https://maps.google.com/maps?f=d&source=s_d&saddr=&daddr=915+W.+Parker+Rd+%23306%2C+Plano%2C+TX+75023&z=16&iwloc=A&z=auto
Hana Tailor,"11255 Garland Rd. #1305, Dallas, TX 75218",214) 319-8908,https://maps.google.com/maps?f=d&source=s_d&saddr=&daddr=11255+Garland+Rd.+%231305%2C+Dallas%2C+TX+75218&z=16&iwloc=A&z=auto
최만섭 CPA,"2625 Old Denton Rd #104, Carrollton, TX 75007",972) 446-8300,https://maps.google.com/maps?f=d&source=s_d&saddr=&daddr=2625+Old+Denton+Rd+%23104%2C+Carrollton%2C+TX+75007&z=16&iwloc=A&z=auto
업소록,"2011 NW Smith Avenue, Lawton, OK 73507",580) 355-5455 / 469) 734-9522 / 214.815.0326 / 972) 238-1965 / 972) 241-8424 / 281) 785-0121 / 214) 393-5215 / 281) 255-2550 / 469)491-9451 / 469)491-7683 / 281) 762-6685 / 281) 762-6688,https://maps.google.com/maps?f=d&source=s_d&saddr=&daddr=2011+NW+Smith+Avenue%2C+Lawton%2C+OK+73507&z=16&iwloc=A&z=auto
K. P. Barber Shop,"2011 NW Smith Avenue, Lawton, OK 73507",580) 355-5455 / 469) 734-9522 / 214.815.0326 / 972) 238-1965 / 972) 241-8424 / 281) 785-0121 / 214) 393-5215 / 281) 255-2550 / 469)491-9451 / 469)491-7683 / 281) 762-6685 / 281) 762-6688,https://maps.google.com/maps?f=d&source=s_d&saddr=&daddr=2011+NW+Smith+Avenue%2C+Lawton%2C+OK+73507&z=16&iwloc=A&z=auto
K. P. Barber Shop,"2011 NW Smith Avenue, Lawton, OK 73507",580) 355-5455,https://maps.google.com/maps?f=d&source=s_d&saddr=&daddr=2011+NW+Smith+Avenue%2C+Lawton%2C+OK+73507&z=16&iwloc=A&z=auto
SK Realty,,469) 734-9522,
달라스 세빛 연합감리교회,"3926 Old Denton Rd, Carrollton, TX 75007",214.815.0326,https://maps.google.com/maps?f=d&source=s_d&saddr=&daddr=3926+Old+Denton+Rd%2C+Carrollton%2C+TX+75007&z=16&iwloc=A&z=auto
[email protected],"3926 Old Denton Rd, Carrollton, TX 75007",214.815.0326,https://maps.google.com/maps?f=d&source=s_d&saddr=&daddr=3926+Old+Denton+Rd%2C+Carrollton%2C+TX+75007&z=16&iwloc=A&z=auto
SAT/영어/수학,"800 W. Renner Rd #2624, Richardson, TX 75080",972) 238-1965,https://maps.google.com/maps?f=d&source=s_d&saddr=&daddr=800+W.+Renner+Rd+%232624%2C+Richardson%2C+TX+75080&z=16&iwloc=A&z=auto
초이스 캡,"11538 Harry Hines Blvd. #A2, Dallas, TX 75229",972) 241-8424,https://maps.google.com/maps?f=d&source=s_d&saddr=&daddr=11538+Harry+Hines+Blvd.+%23A2%2C+Dallas%2C+TX+75229&z=16&iwloc=A&z=auto
이준 부동산,,281) 785-0121,
Energia Consultants Inc,"801 E Plano Pkwy. #212, Plano, TX 75074",214) 393-5215,https://maps.google.com/maps?f=d&source=s_d&saddr=&daddr=801+E+Plano+Pkwy.+%23212%2C+Plano%2C+TX+75074&z=16&iwloc=A&z=auto
국술원 총본부 (서인혁),"20275 F.M. 2920, Tomball, TX 77377",281) 255-2550,https://maps.google.com/maps?f=d&source=s_d&saddr=&daddr=20275+F.M.+2920%2C+Tomball%2C+TX+77377&z=16&iwloc=A&z=auto
GoEco Grease Trap Service,"2081 Hutton Dr. #311 Carrollton, TX 75006",469)491-9451 / 469)491-7683,https://maps.google.com/maps?f=d&source=s_d&saddr=&daddr=2081+Hutton+Dr.+%23311+Carrollton%2C+TX+75006&z=16&iwloc=A&z=auto
아메리칸 제일은행 (Katy),"1231 S. Mason Road, Katy, TX 77450",281) 762-6685 / 281) 762-6688,https://afnb.com
"(Mon-Thu) 9:00am ~ 5:00pm, (Fri) 9:00am ~ 5:30pm, (Sat) 9:00am ~ 1:00pm","1231 S. Mason Road, Katy, TX 77450",281) 762-6685 / 281) 762-6688,https://afnb.com
업소록,"11311 Harry Hines Blvd. #514, Dallas, TX 75229",469) 396-3860 / 713) 513-0341 / 972) 820-0033 / 940) 536-9038 / 972) 241-2100 / 512) 663-5981 / 512) 589-5057 / 469.900.8073 / 972) 243-9993,https://maps.google.com/maps?f=d&source=s_d&saddr=&daddr=11311+Harry+Hines+Blvd.+%23514%2C+Dallas%2C+TX+75229&z=16&iwloc=A&z=auto
Best 식당장비,"11311 Harry Hines Blvd. #514, Dallas, TX 75229",469) 396-3860 / 713) 513-0341 / 972) 820-0033 / 940) 536-9038 / 972) 241-2100 / 512) 663-5981 / 512) 589-5057 / 469.900.8073 / 972) 243-9993,https://maps.google.com/maps?f=d&source=s_d&saddr=&daddr=11311+Harry+Hines+Blvd.+%23514%2C+Dallas%2C+TX+75229&z=16&iwloc=A&z=auto
Best 식당장비,"11311 Harry Hines Blvd. #514, Dallas, TX 75229",469) 396-3860,https://maps.google.com/maps?f=d&source=s_d&saddr=&daddr=11311+Harry+Hines+Blvd.+%23514%2C+Dallas%2C+TX+75229&z=16&iwloc=A&z=auto
권 미용실,"9320 Westview Dr. #15, Houston, TX 77055",713) 513-0341,https://maps.google.com/maps?f=d&source=s_d&saddr=&daddr=9320+Westview+Dr.+%2315%2C+Houston%2C+TX+77055&z=16&iwloc=A&z=auto
Nature Collection (네이쳐 콜렉션/구 모나리자),"2625 Old Denton Rd. #608, Carrollton, TX 75007",972) 820-0033,https://maps.google.com/maps?f=d&source=s_d&saddr=&daddr=2625+Old+Denton+Rd.+%23608%2C+Carrollton%2C+TX+75007&z=16&iwloc=A&z=auto
경기중고등학교,,940) 536-9038,
코리아나 여행사 (Koreana Travel & Tours),"622 S. Dibbons Road, Argyle, TX 76226",972) 241-2100,https://maps.google.com/maps?f=d&source=s_d&saddr=&daddr=622+S.+Dibbons+Road%2C+Argyle%2C+TX+76226&z=16&iwloc=A&z=auto
어스틴 보배침례교회,"3003 Blue Ridge Drive, Cedar Park, TX 78613",512) 663-5981,http://tbchurch.net
어스틴 노인회,"11813 N. Lamar Blvd., Austin, TX 78753",512) 589-5057,https://maps.google.com/maps?f=d&source=s_d&saddr=&daddr=11813+N.+Lamar+Blvd.%2C+Austin%2C+TX+78753&z=16&iwloc=A&z=auto
무대포 (Moodaepo),"3044 Old Denton Rd. # 133, Carrollton, TX 75007",469.900.8073,https://www.moodaepotx.com
Zion Liquor 한국 주류 판매 / 시온마켓,"2405 S. Stemmons Fwy., Lewisville, TX 75067",,https://maps.google.com/maps?f=d&source=s_d&saddr=&daddr=2405+S.+Stemmons+Fwy.%2C+Lewisville%2C+TX+75067&z=16&iwloc=A&z=auto
파랑새 노래방,"11434 Emerald St. #106, Dallas, TX 75229",972) 243-9993,https://maps.google.com/maps?f=d&source=s_d&saddr=&daddr=11434+Emerald+St.+%23106%2C+Dallas%2C+TX+75229&z=16&iwloc=A&z=auto
업소록,"2154 Austin Highway, San Antonio, TX 78218",512) 773-0001 / 210) 650-3845 / 972) 951-1269 / 972) 393-1189 / 469) 955-2593 / 972) 424-5400 / 469.955.6877 / 443.535.5691 / 469) 855-9717 / 281) 994-5005 / 817) 663-0076,https://maps.google.com/maps?f=d&source=s_d&saddr=&daddr=2154+Austin+Highway%2C+San+Antonio%2C+TX+78218&z=16&iwloc=A&z=auto
성조 건설,"2154 Austin Highway, San Antonio, TX 78218",512) 773-0001 / 210) 650-3845 / 972) 951-1269 / 972) 393-1189 / 469) 955-2593 / 972) 424-5400 / 469.955.6877 / 443.535.5691 / 469) 855-9717 / 281) 994-5005 / 817) 663-0076,https://maps.google.com/maps?f=d&source=s_d&saddr=&daddr=2154+Austin+Highway%2C+San+Antonio%2C+TX+78218&z=16&iwloc=A&z=auto
성조 건설,,512) 773-0001,
아리랑,"2154 Austin Highway, San Antonio, TX 78218",210) 650-3845,https://maps.google.com/maps?f=d&source=s_d&saddr=&daddr=2154+Austin+Highway%2C+San+Antonio%2C+TX+78218&z=16&iwloc=A&z=auto
북텍사스 호남향우회,,972) 951-1269,
새삶교회,"111 Samuel Blvd, Coppell, TX 75019",972) 393-1189,https://maps.google.com/maps?f=d&source=s_d&saddr=&daddr=111+Samuel+Blvd%2C+Coppell%2C+TX+75019&z=16&iwloc=A&z=auto
SUN KIM photography,,469) 955-2593,https://www.facebook.com/SunKimPhotography/
[email protected],,469) 955-2593,https://www.facebook.com/SunKimPhotography/
달라스 영락장로교회,"850 Lexington Drive, Plano, TX 75075",972) 424-5400,http://www.dallasyoungnak.org
[email protected],"850 Lexington Drive, Plano, TX 75075",972) 424-5400,http://www.dallasyoungnak.org
"KP 부동산 (박충원, Claire Song)","3211 Internet Blvd. #150, Frisco, TX 75033",469.955.6877 / 443.535.5691,https://www.KPDFW.com
[email protected],"3211 Internet Blvd. #150, Frisco, TX 75033",469.955.6877 / 443.535.5691,https://www.KPDFW.com
Kwon's Painting Service,,469) 855-9717,
현대 중공업,"15990 North Barkers Landing #175, Houston, TX",281) 994-5005,https://maps.google.com/maps?f=d&source=s_d&saddr=&daddr=15990+North+Barkers+Landing+%23175%2C+Houston%2C+TX&z=16&iwloc=A&z=auto
홍준 임플랜트 치과,"6305 Precinct Line Rd. #400, North Richland Hills, TX 76180",817) 663-0076,http://www.precinctlinedentistry.com
"(Mon) 9:00am ~ 6:00pm, (Tue-Wed) 7:30am ~ 4:30pm, (Thur) 9:00am ~ 6:00pm","6305 Precinct Line Rd. #400, North Richland Hills, TX 76180",817) 663-0076,http://www.precinctlinedentistry.com
업소록,"11536 Harry Hines Blvd. #214, Dallas, TX 75234",469.894.7822 / 972) 488-3535 / 210) 662-6699 / 210) 662-6799 / 214) 206-4064 / 281) 443-2828 / 713) 984-9200 / 214) 776-5524 / 972) 241-4292 / 281) 575-1092 / 512) 459-3939,https://maps.google.com/maps?f=d&source=s_d&saddr=&daddr=11536+Harry+Hines+Blvd.+%23214%2C+Dallas%2C+TX+75234&z=16&iwloc=A&z=auto
럭키 투어 택시 Lucky Tour Taxi,"11536 Harry Hines Blvd. #214, Dallas, TX 75234",469.894.7822 / 972) 488-3535 / 210) 662-6699 / 210) 662-6799 / 214) 206-4064 / 281) 443-2828 / 713) 984-9200 / 214) 776-5524 / 972) 241-4292 / 281) 575-1092 / 512) 459-3939,https://maps.google.com/maps?f=d&source=s_d&saddr=&daddr=11536+Harry+Hines+Blvd.+%23214%2C+Dallas%2C+TX+75234&z=16&iwloc=A&z=auto
럭키 투어 택시 Lucky Tour Taxi,,469.894.7822,
[email protected],,469.894.7822,
토마스 황 종합보험,"11536 Harry Hines Blvd. #214, Dallas, TX 75234",972) 488-3535,https://maps.google.com/maps?f=d&source=s_d&saddr=&daddr=11536+Harry+Hines+Blvd.+%23214%2C+Dallas%2C+TX+75234&z=16&iwloc=A&z=auto
Kim's Galbi,"4527 Goldfield Drive, San Antonio, TX 78218",210) 662-6699 / 210) 662-6799,https://maps.google.com/maps?f=d&source=s_d&saddr=&daddr=4527+Goldfield+Drive%2C+San+Antonio%2C+TX+78218&z=16&iwloc=A&z=auto
이설 변호사 (Law Office of Sul Lee PLLC),"3030 Lyndon B Johnson Fwy Suite 1130, Dallas, TX 75234",214) 206-4064,https://www.sulleelaw.com
[email protected],"3030 Lyndon B Johnson Fwy Suite 1130, Dallas, TX 75234",214) 206-4064,https://www.sulleelaw.com
골프 웨어 하우스,"124 FM 1960 Road, Houston, TX 77073",281) 443-2828,https://maps.google.com/maps?f=d&source=s_d&saddr=&daddr=124+FM+1960+Road%2C+Houston%2C+TX+77073&z=16&iwloc=A&z=auto
Kimson Cafe,"12311 Kingsride, Houston, TX 77024",713) 984-9200,https://maps.google.com/maps?f=d&source=s_d&saddr=&daddr=12311+Kingsride%2C+Houston%2C+TX+77024&z=16&iwloc=A&z=auto
달라스 한인 기독실업인회,"8390 N. Stemmons Fwy., Dallas, TX 75247",214) 776-5524,https://maps.google.com/maps?f=d&source=s_d&saddr=&daddr=8390+N.+Stemmons+Fwy.%2C+Dallas%2C+TX+75247&z=16&iwloc=A&z=auto
Bluesky USA,"11500 Harry Hines Blvd. #111, Dallas, TX 75229",972) 241-4292,https://maps.google.com/maps?f=d&source=s_d&saddr=&daddr=11500+Harry+Hines+Blvd.+%23111%2C+Dallas%2C+TX+75229&z=16&iwloc=A&z=auto
[email protected],"11500 Harry Hines Blvd. #111, Dallas, TX 75229",972) 241-4292,https://maps.google.com/maps?f=d&source=s_d&saddr=&daddr=11500+Harry+Hines+Blvd.+%23111%2C+Dallas%2C+TX+75229&z=16&iwloc=A&z=auto
뉴라이프 침례교회,"6403 Addicks Clodine, Houston, TX 77083",281) 575-1092,https://www.newlifehouston.org
유니버셜 자동차,"7138 E. Highway 290, Austin, TX 78723",512) 459-3939,https://maps.google.com/maps?f=d&source=s_d&saddr=&daddr=7138+E.+Highway+290%2C+Austin%2C+TX+78723&z=16&iwloc=A&z=auto
MJ Drapery,"1901 Long Prairie Rd. #308, Flower Mound, TX 75022",972) 539-0021,https://www.mjdrapery.com
[email protected],"1901 Long Prairie Rd. #308, Flower Mound, TX 75022",972) 539-0021,https://www.mjdrapery.com
시세이도 화장품 (Shisedo),"2625 Old Denton Rd. #236, Carrollton, TX 75007",972) 820-6887,https://www.dallas88.biomatmarketing.com
휴스턴 시의원실(한인타운),"900 Bagby First Floor, Houston, TX 77002",832) 393-3010,https://www.houstontx.gov
몬테소리 (Preston Creek Montessori ),"5040 Commonsgate Boulevard Plano, TX 75093",972) 403-7766,http://www.prestoncreekmontessori.com
[email protected],"5040 Commonsgate Boulevard Plano, TX 75093",972) 403-7766,http://www.prestoncreekmontessori.com
탑 종합정비 & 바디,"3801 Forest Lane, Garland, TX 75042",972) 272-3991,https://www.topautogarland.com
제일회관 (Ichiban),"7310 Burnet Road, Austin, TX 78757",512) 458-3700,https://maps.google.com/maps?f=d&source=s_d&saddr=&daddr=7310+Burnet+Road%2C+Austin%2C+TX+78757&z=16&iwloc=A&z=auto
austinichiban.com,"7310 Burnet Road, Austin, TX 78757",512) 458-3700,https://maps.google.com/maps?f=d&source=s_d&saddr=&daddr=7310+Burnet+Road%2C+Austin%2C+TX+78757&z=16&iwloc=A&z=auto
이사랜드 (First Class Express),"2217 Royal Ln. #100, Dallas, TX 75229",972) 484-2424 / 972) 408-7427,https://www.firstclassexpress.us
[email protected],"2217 Royal Ln. #100, Dallas, TX 75229",972) 484-2424 / 972) 408-7427,https://www.firstclassexpress.us
마음수련 (Dallas Meditation) 캐롤튼,"2760 E Trinity Mill Rd. #120, Carrollton, TX 75006",469) 522-1229,https://www.meditationtexas.org
"(Mon-Fri) 6:30am ~ 10:00pm, (Sat) 9:00am ~ 9:00pm, (Sun) 10:00am ~ 4:00pm","2760 E Trinity Mill Rd. #120, Carrollton, TX 75006",469) 522-1229,https://www.meditationtexas.org
메가백화점,"1063 Mac Arthur Dr, Carrollton, TX 75007",972) 466-0303,https://maps.google.com/maps?f=d&source=s_d&saddr=&daddr=1063+Mac+Arthur+Dr%2C+Carrollton%2C+TX+75007&z=16&iwloc=A&z=auto
토요다 TOYATA (Charles Maund Toyota),"8400 Research Blvd., Austin, TX 78758",512) 919-0225,https://www.charlesmaundtoyota.com
"(Mon-Fri) 9:00am ~ 9:00pm, (Sat) 9:00am ~ 8:00pm","8400 Research Blvd., Austin, TX 78758",512) 919-0225,https://www.charlesmaundtoyota.com
업소록,"4740 Dacoma Street #H, Houston, TX 77092",512) 797-8618 / 713) 467-4501 / 972 635 0077 / 972) 861-9111 / 972) 738-8006 / 972) 342-5333 / 713) 932-0240 / 972)-763-5527 / 480)-465-3853 / 972) 390-8888 / 972) 245-6440,https://www.srsem.org
어스틴 상공회,"4740 Dacoma Street #H, Houston, TX 77092",512) 797-8618 / 713) 467-4501 / 972 635 0077 / 972) 861-9111 / 972) 738-8006 / 972) 342-5333 / 713) 932-0240 / 972)-763-5527 / 480)-465-3853 / 972) 390-8888 / 972) 245-6440,https://www.srsem.org
어스틴 상공회,,512) 797-8618,
남부개혁 신학대학,"4740 Dacoma Street #H, Houston, TX 77092",713) 467-4501,https://www.srsem.org
만나 바베큐(Manna BBQ),"1008 Mac Arthur Dr. #100, Carrollton, TX 75007",972 635 0077,https://maps.google.com/maps?f=d&source=s_d&saddr=&daddr=1008+Mac+Arthur+Dr.+%23100%2C+Carrollton%2C+TX+75007&z=16&iwloc=A&z=auto
이지영 변호사,,972) 861-9111,
렉서스 LEXUS (Park Place Lexus Plano),"6785 Dallas Pkwy, Plano, TX 75024",972) 738-8006,http://www.parkplace.com
"(Mon-Fri) 8:30am ~ 8:00pm, (Sat) 9:00am ~ 6:00pm","6785 Dallas Pkwy, Plano, TX 75024",972) 738-8006,http://www.parkplace.com
주님의 기쁨 교회,"681 Mckenzie Street, Lewisville, TX 75057",972) 342-5333,https://www.rejoicethelord.org
그린 헬스 크리닉 (Dr. 김용식),"8830 Long Point Rd. #105, Houston, TX 77055",713) 932-0240,https://maps.google.com/maps?f=d&source=s_d&saddr=&daddr=8830+Long+Point+Rd.+%23105%2C+Houston%2C+TX+77055&z=16&iwloc=A&z=auto
오토네이션 니산 ( AutoNation Nissan Lewisville),"1601 S Stemmons Fwy, Lewisville, TX 75067",972)-763-5527 / 480)-465-3853,http://www.autonationnissanlewisville.com
"(Mon-Fri) 8:30am ~ 9:00pm, (Sat) 8:30am ~ 8:00pm","1601 S Stemmons Fwy, Lewisville, TX 75067",972)-763-5527 / 480)-465-3853,http://www.autonationnissanlewisville.com
Twin Creeks,"501 Twin Creeks Drive, Allen, TX 75013",972) 390-8888,http://www.twincreeks.com
Meineke 종합정비,"2540 Old Denton Road, Carrollton, TX 75006",972) 245-6440,https://maps.google.com/maps?f=d&source=s_d&saddr=&daddr=2540+Old+Denton+Road%2C+Carrollton%2C+TX+75006&z=16&iwloc=A&z=auto
업소록,"2666 Manana Drive, Dallas, TX 75220",972) 620-0750 / 469) 626-3995 / 214) 390-2850 / 972) 572-3300 / 713) 974-3357 / 972) 294-3890 / 682-251-3298 / 214) 298-8848 / 281) 802-9408 / 281) 744-9810 / 972) 695-6252,http://www.7-dollar.com
7-Dollar Beauty Supply,"2666 Manana Drive, Dallas, TX 75220",972) 620-0750 / 469) 626-3995 / 214) 390-2850 / 972) 572-3300 / 713) 974-3357 / 972) 294-3890 / 682-251-3298 / 214) 298-8848 / 281) 802-9408 / 281) 744-9810 / 972) 695-6252,http://www.7-dollar.com
7-Dollar Beauty Supply,"2666 Manana Drive, Dallas, TX 75220",972) 620-0750,http://www.7-dollar.com
[email protected],"2666 Manana Drive, Dallas, TX 75220",972) 620-0750,http://www.7-dollar.com
Kor-BQ,"6505 W Park Blvd. #314, Plano, TX 75093",469) 626-3995 / 214) 390-2850,https://maps.google.com/maps?f=d&source=s_d&saddr=&daddr=6505+W+Park+Blvd.+%23314%2C+Plano%2C+TX+75093&z=16&iwloc=A&z=auto
(Mon-Sat) 11:30am ~ 8:00pm,"6505 W Park Blvd. #314, Plano, TX 75093",469) 626-3995 / 214) 390-2850,https://maps.google.com/maps?f=d&source=s_d&saddr=&daddr=6505+W+Park+Blvd.+%23314%2C+Plano%2C+TX+75093&z=16&iwloc=A&z=auto
최진희 이비인후과,"3450 W. Wheatland Rd. #443, Dallas, TX 75237 [Methodist Charlton Medical Center]",972) 572-3300,https://www.charltonent.com
(Mon-Fri) 8:30am ~ 5:00pm,"3450 W. Wheatland Rd. #443, Dallas, TX 75237 [Methodist Charlton Medical Center]",972) 572-3300,https://www.charltonent.com
언더웨어 아울렛,"7501 Harwin Dr. #103-C, Houston, TX 77036",713) 974-3357,https://maps.google.com/maps?f=d&source=s_d&saddr=&daddr=7501+Harwin+Dr.+%23103-C%2C+Houston%2C+TX+77036&z=16&iwloc=A&z=auto
프레리크릭침례교회,"3201 W. 15th Street, Plano, TX 75075",972) 294-3890,http://www.pcbcplano.org
HUMANA 메디케어 보험,,682-251-3298,
[email protected],,682-251-3298,
글로벌 어린이재단 달라스지부,,214) 298-8848,
더글라스 이 부동산,"14780 Memorial Dr. #103, Houston, TX 77079",281) 802-9408,https://maps.google.com/maps?f=d&source=s_d&saddr=&daddr=14780+Memorial+Dr.+%23103%2C+Houston%2C+TX+77079&z=16&iwloc=A&z=auto
이영숙 부동산,,281) 744-9810,
안디옥 교회,"2550 Kelly Blvd, Carrollton, TX 75006",972) 695-6252,https://www.dallasantioch.org
[email protected],"2550 Kelly Blvd, Carrollton, TX 75006",972) 695-6252,https://www.dallasantioch.org
업소록,"2828 W. Parker Rd. #B106A, Plano, TX 75075",972) 398-9899 / 214) 315-9894 / 972)242-1248 / 972) 941-8700 / 469-817-9770 / 361) 980-0748 / 770) 797-2999 / 972) 620-8300 / 970) 620-2227 / 972) 488-3535 / 713) 468-0468,http://www.planohearingcare.com
Hearing Care,"2828 W. Parker Rd. #B106A, Plano, TX 75075",972) 398-9899 / 214) 315-9894 / 972)242-1248 / 972) 941-8700 / 469-817-9770 / 361) 980-0748 / 770) 797-2999 / 972) 620-8300 / 970) 620-2227 / 972) 488-3535 / 713) 468-0468,http://www.planohearingcare.com
Hearing Care,"2828 W. Parker Rd. #B106A, Plano, TX 75075",972) 398-9899 / 214) 315-9894,http://www.planohearingcare.com
[email protected],"2828 W. Parker Rd. #B106A, Plano, TX 75075",972) 398-9899 / 214) 315-9894,http://www.planohearingcare.com
11am~8pm (매주 화요일은 쉽니다),"2625 Old Denton Rd #540, Carrollton TX 75007",972)242-1248,https://maps.google.com/maps?f=d&source=s_d&saddr=&daddr=2625+Old+Denton+Rd+%23540%2C+Carrollton+TX+75007&z=16&iwloc=A&z=auto
First Health Family Care,"613 South Hwy. 78 #200, Wylie, TX 75098",972) 941-8700,https://maps.google.com/maps?f=d&source=s_d&saddr=&daddr=613+South+Hwy.+78+%23200%2C+Wylie%2C+TX+75098&z=16&iwloc=A&z=auto
Haulla (덤스터 서비스),,469-817-9770,https://www.haulla.com
YOSI,"5898 Ever Hart Road, Corpus Christi, TX 78413",361) 980-0748,https://maps.google.com/maps?f=d&source=s_d&saddr=&daddr=5898+Ever+Hart+Road%2C+Corpus+Christi%2C+TX+78413&z=16&iwloc=A&z=auto
Tech Pro Plus,,770) 797-2999,
이부자리,"2240 Royal Ln. #204, Dallas, TX 75229",972) 620-8300,https://maps.google.com/maps?f=d&source=s_d&saddr=&daddr=2240+Royal+Ln.+%23204%2C+Dallas%2C+TX+75229&z=16&iwloc=A&z=auto
김형성 세무사,"2828 Forest Ln. #1108, Dallas, TX 75234",970) 620-2227,https://maps.google.com/maps?f=d&source=s_d&saddr=&daddr=2828+Forest+Ln.+%231108%2C+Dallas%2C+TX+75234&z=16&iwloc=A&z=auto
"토마스 황 CPA, PC","11536 Harry Hines Blvd. #214, Dallas, TX 75229",972) 488-3535,http://www.fastfiletax.com/
[email protected],"11536 Harry Hines Blvd. #214, Dallas, TX 75229",972) 488-3535,http://www.fastfiletax.com/
이민언 법률사무소 & 회계사,"10001 Long Point #K, Houston, TX 77055",713) 468-0468,https://maps.google.com/maps?f=d&source=s_d&saddr=&daddr=10001+Long+Point+%23K%2C+Houston%2C+TX+77055&z=16&iwloc=A&z=auto
Happy Pharmacy (해피약국),"4070 TX-121 Suite 436, Carrollton TX 75010 (캐롤튼 오마켓 몰 옆)",469) 599-4242 / 737.232.7857 / 512.698.9658 / 713) 468-5393 / 972) 462-7657 / 817) 663-0076 / 972) 406-8500 / 512) 477-6963 / 469) 400-9651 / 214) 557-3404 / 972) 234-3432,https://maps.google.com/maps?f=d&source=s_d&saddr=&daddr=4070+TX-121+Suite+436%2C+Carrollton+TX+75010+%28%EC%BA%90%EB%A1%A4%ED%8A%BC+%EC%98%A4%EB%A7%88%EC%BC%93+%EB%AA%B0+%EC%98%86%29&z=16&iwloc=A&z=auto
Happy Pharmacy (해피약국),"4070 TX-121 Suite 436, Carrollton TX 75010 (캐롤튼 오마켓 몰 옆)",469) 599-4242,https://maps.google.com/maps?f=d&source=s_d&saddr=&daddr=4070+TX-121+Suite+436%2C+Carrollton+TX+75010+%28%EC%BA%90%EB%A1%A4%ED%8A%BC+%EC%98%A4%EB%A7%88%EC%BC%93+%EB%AA%B0+%EC%98%86%29&z=16&iwloc=A&z=auto
"알로하 보험 Aloha Insurance Services, LLC (서경희 보험)","11813 N. Lamar Blvd, Austin, TX 78753",737.232.7857 / 512.698.9658,https://www.alohainsuranceservices.com
[email protected],"11813 N. Lamar Blvd, Austin, TX 78753",737.232.7857 / 512.698.9658,https://www.alohainsuranceservices.com
스카이 워커 (Skywalker Sound),"8224 Long Point Road, Houston, TX 77055",713) 468-5393,https://maps.google.com/maps?f=d&source=s_d&saddr=&daddr=8224+Long+Point+Road%2C+Houston%2C+TX+77055&z=16&iwloc=A&z=auto
Coppell Town Shoes Repair & Tailor,"120 S. Denton Tap Rd. #440C, Coppell, TX 75019",972) 462-7657,https://maps.google.com/maps?f=d&source=s_d&saddr=&daddr=120+S.+Denton+Tap+Rd.+%23440C%2C+Coppell%2C+TX+75019&z=16&iwloc=A&z=auto
Precinct Line Dentistry,"6305 Precinct Line Rd. #400, North Richland Hills, TX 76180",817) 663-0076,http://www.precinctlinedentistry.com
"(Mon,Thu) 9:00am ~ 6:00pm, (Tue,Wed) 7:30am ~ 4:30pm, (Sat) 8:00am ~ 2:00pm","6305 Precinct Line Rd. #400, North Richland Hills, TX 76180",817) 663-0076,http://www.precinctlinedentistry.com
Alba Handbags,"11363 Denton Dr. #307, Dallas, TX 75229",972) 406-8500,http://www.albahandbag.com
Lions Municipal Golf Course,"2901 Enfield Rd., Austin, TX 78703",512) 477-6963,http://www.austinpubliclinks.com
CHIC 쉬크,"2640 Old Denton Rd STE 112, Carrollton, TX 75007 (신선 설렁탕 바로 옆)",469) 400-9651,https://maps.google.com/maps?f=d&source=s_d&saddr=&daddr=2640+Old+Denton+Rd+STE+112%2C+Carrollton%2C+TX+75007+%28%EC%8B%A0%EC%84%A0+%EC%84%A4%EB%A0%81%ED%83%95+%EB%B0%94%EB%A1%9C+%EC%98%86%29&z=16&iwloc=A&z=auto
TM 종합건설,"2625 Old Denton Rd. #500, Carrollton, TX 75007",214) 557-3404,https://maps.google.com/maps?f=d&source=s_d&saddr=&daddr=2625+Old+Denton+Rd.+%23500%2C+Carrollton%2C+TX+75007&z=16&iwloc=A&z=auto
경복궁 (Royal Palace Korean BBQ),"2254 Royal Ln. #100. Dallas, TX 75229",972) 234-3432,https://www.royalpalacebbq.com
[email protected],"2254 Royal Ln. #100. Dallas, TX 75229",972) 234-3432,https://www.royalpalacebbq.com
업소록,"P.O. BOX 200776, Austin, TX 78720",512) 698-6082 / 469) 831-7124 / 972) 406-0499 / 972) 315-9696 / 405) 677-8142 / 832) 428-3100 / 1.800.839.0203 / 972.243.4421 (24 / 972) 870-1200 / 972-292-0256 / 512) 230-2416,https://maps.google.com/maps?f=d&source=s_d&saddr=&daddr=P.O.+BOX+200776%2C+Austin%2C+TX+78720&z=16&iwloc=A&z=auto
제니퍼리 부동산,"P.O. BOX 200776, Austin, TX 78720",512) 698-6082 / 469) 831-7124 / 972) 406-0499 / 972) 315-9696 / 405) 677-8142 / 832) 428-3100 / 1.800.839.0203 / 972.243.4421 (24 / 972) 870-1200 / 972-292-0256 / 512) 230-2416,https://maps.google.com/maps?f=d&source=s_d&saddr=&daddr=P.O.+BOX+200776%2C+Austin%2C+TX+78720&z=16&iwloc=A&z=auto
제니퍼리 부동산,"P.O. BOX 200776, Austin, TX 78720",512) 698-6082,https://maps.google.com/maps?f=d&source=s_d&saddr=&daddr=P.O.+BOX+200776%2C+Austin%2C+TX+78720&z=16&iwloc=A&z=auto
하우스 매케닉,,469) 831-7124,
서울여자상업고등학교,,972) 406-0499,
B2 Master Tailor,"2401 S. Stemmons Fwy. #1054, Lewisville, TX 75067",972) 315-9696,https://maps.google.com/maps?f=d&source=s_d&saddr=&daddr=2401+S.+Stemmons+Fwy.+%231054%2C+Lewisville%2C+TX+75067&z=16&iwloc=A&z=auto
성윤 회계사,"1634 S. Sunnylane Road, Oklahoma City, OK 73115",405) 677-8142,https://maps.google.com/maps?f=d&source=s_d&saddr=&daddr=1634+S.+Sunnylane+Road%2C+Oklahoma+City%2C+OK+73115&z=16&iwloc=A&z=auto
김진석 번역 및 법정통역,"802521 P.O. Box, Houston, TX 77280",832) 428-3100,https://maps.google.com/maps?f=d&source=s_d&saddr=&daddr=802521+P.O.+Box%2C+Houston%2C+TX+77280&z=16&iwloc=A&z=auto
세계 관광 여행사 (World Travel & Tours),"11500 N. Stemmons Fwy. #144, Dallas, TX 75229",1.800.839.0203 / 972.243.4421 (24,https://www.mywttdallas.com
[email protected],"11500 N. Stemmons Fwy. #144, Dallas, TX 75229",1.800.839.0203 / 972.243.4421 (24,https://www.mywttdallas.com
그레이스 치과,"1417 N. Belt Line Road, Irving, TX 75061",972) 870-1200,https://maps.google.com/maps?f=d&source=s_d&saddr=&daddr=1417+N.+Belt+Line+Road%2C+Irving%2C+TX+75061&z=16&iwloc=A&z=auto
One 2 Wellness 내과,"3140 Legacy Dr. ste 720, Frisco, TX 75034",972-292-0256,https://www.one2wellness.com
[email protected],"3140 Legacy Dr. ste 720, Frisco, TX 75034",972-292-0256,https://www.one2wellness.com
이민 전문 법인 (김기철 변호사 & 박찬욱 변호사),,512) 230-2416,
업소록,"631 Stillmeadow Drive Richardson, TX 75081",214) 632-5313 / 512) 270-9191 / 469) 360-9295 / 972) 242-4530 / 214) 901-0170 / 410) 913-6308 / 972) 484-7117 / 214) 718-1782 / 713) 978-6993 / 214) 850-6205,https://maps.google.com/maps?f=d&source=s_d&saddr=&daddr=631+Stillmeadow+Drive+Richardson%2C+TX+75081&z=16&iwloc=A&z=auto
달라스 한인 문학회,"631 Stillmeadow Drive Richardson, TX 75081",214) 632-5313 / 512) 270-9191 / 469) 360-9295 / 972) 242-4530 / 214) 901-0170 / 410) 913-6308 / 972) 484-7117 / 214) 718-1782 / 713) 978-6993 / 214) 850-6205,https://maps.google.com/maps?f=d&source=s_d&saddr=&daddr=631+Stillmeadow+Drive+Richardson%2C+TX+75081&z=16&iwloc=A&z=auto
달라스 한인 문학회,"631 Stillmeadow Drive Richardson, TX 75081",214) 632-5313,https://maps.google.com/maps?f=d&source=s_d&saddr=&daddr=631+Stillmeadow+Drive+Richardson%2C+TX+75081&z=16&iwloc=A&z=auto
[email protected],"631 Stillmeadow Drive Richardson, TX 75081",214) 632-5313,https://maps.google.com/maps?f=d&source=s_d&saddr=&daddr=631+Stillmeadow+Drive+Richardson%2C+TX+75081&z=16&iwloc=A&z=auto
늘푸른교회,"5002 Casewell Avenue, Austin, TX 78751",512) 270-9191,http://www.evergreenchurchaustin.org
[email protected],"5002 Casewell Avenue, Austin, TX 78751",512) 270-9191,http://www.evergreenchurchaustin.org
카우보이 콜 택시,"11029 Shady Trail #114, Dallas, TX 75229",469) 360-9295,https://maps.google.com/maps?f=d&source=s_d&saddr=&daddr=11029+Shady+Trail+%23114%2C+Dallas%2C+TX+75229&z=16&iwloc=A&z=auto
미모이발관 (Meemo Barber Shop),"2625 Old Denton Rd. #602, Carrollton, TX 75007",972) 242-4530,https://maps.google.com/maps?f=d&source=s_d&saddr=&daddr=2625+Old+Denton+Rd.+%23602%2C+Carrollton%2C+TX+75007&z=16&iwloc=A&z=auto
솜사탕 (Som sa Tang),"2851 Walnut Hill Ln Dallas , TX 75229",214) 901-0170,https://maps.google.com/maps?f=d&source=s_d&saddr=&daddr=2851+Walnut+Hill+Ln++Dallas+%2C+TX+75229&z=16&iwloc=A&z=auto
[email protected],"2851 Walnut Hill Ln Dallas , TX 75229",214) 901-0170,https://maps.google.com/maps?f=d&source=s_d&saddr=&daddr=2851+Walnut+Hill+Ln++Dallas+%2C+TX+75229&z=16&iwloc=A&z=auto
SYNCIS (김태영),"1400 Preston Rd. #400. Plano, TX 75093",410) 913-6308,http://www.syncis.com
뉴욕제과,"2240 Royal Ln. #104, Dallas, TX 75229",972) 484-7117,https://maps.google.com/maps?f=d&source=s_d&saddr=&daddr=2240+Royal+Ln.+%23104%2C+Dallas%2C+TX+75229&z=16&iwloc=A&z=auto
달라스 오토바이 동호회,,214) 718-1782,
엑스포 트레이딩,"9889 Harwin Dr. #411, Houston, TX 77036",713) 978-6993,https://maps.google.com/maps?f=d&source=s_d&saddr=&daddr=9889+Harwin+Dr.+%23411%2C+Houston%2C+TX+77036&z=16&iwloc=A&z=auto
에바다 기도원,"2525 Royal Ln. #330, Dallas, TX 75229",214) 850-6205,https://maps.google.com/maps?f=d&source=s_d&saddr=&daddr=2525+Royal+Ln.+%23330%2C+Dallas%2C+TX+75229&z=16&iwloc=A&z=auto
업소록,"222 Mucipal Dr. #138, Richardson, TX 75080",972) 768-9022 / 972) 242-2040 / 832) 274-2720 / 214) 954-0800 / 469) 288-3581 / 512) 797-5266 / 972) 278-0154 / 469) 342-3040 / 915) 751-6070 / 972) 241-2277,http://www.sunnyhollisterpcr.com
SUNNY 림 부동산,"222 Mucipal Dr. #138, Richardson, TX 75080",972) 768-9022 / 972) 242-2040 / 832) 274-2720 / 214) 954-0800 / 469) 288-3581 / 512) 797-5266 / 972) 278-0154 / 469) 342-3040 / 915) 751-6070 / 972) 241-2277,http://www.sunnyhollisterpcr.com
SUNNY 림 부동산,"222 Mucipal Dr. #138, Richardson, TX 75080",972) 768-9022,http://www.sunnyhollisterpcr.com
이라인 E Line 교정전문치과,"3550 Parkwood Blvd. Building E, Suite 101 A, Frisco, TX 75034",972) 242-2040,https://www.elineortho.com
[email protected],"3550 Parkwood Blvd. Building E, Suite 101 A, Frisco, TX 75034",972) 242-2040,https://www.elineortho.com
주 사랑 교회,"308 Preston Road, Pasadena, TX 77503",832) 274-2720,https://www.jsrbc.org
R&A Rekerdres,"P.O Box 140139, Dallas, TX 75214",214) 954-0800,https://maps.google.com/maps?f=d&source=s_d&saddr=&daddr=P.O+Box+140139%2C+Dallas%2C+TX+75214&z=16&iwloc=A&z=auto
유진 건축,"10788 Harry Hines Blvd. #8-18, Dallas, TX 75220",469) 288-3581,https://maps.google.com/maps?f=d&source=s_d&saddr=&daddr=10788+Harry+Hines+Blvd.+%238-18%2C+Dallas%2C+TX+75220&z=16&iwloc=A&z=auto
천복희 학원,"13740 Research Blvd. #R-2, Austin, TX 78750",512) 797-5266,https://maps.google.com/maps?f=d&source=s_d&saddr=&daddr=13740+Research+Blvd.+%23R-2%2C+Austin%2C+TX+78750&z=16&iwloc=A&z=auto
"정무창 안과, O.D, 안경점 (New Vision Center)","2930 S. First St. #700, Garland, TX 75041",972) 278-0154,https://maps.google.com/maps?f=d&source=s_d&saddr=&daddr=2930+S.+First+St.+%23700%2C+Garland%2C+TX+75041&z=16&iwloc=A&z=auto
현대 HYUNDAI (Huffines Hyundai of Mckinney),"1301 N Central Expy, McKinney, TX 75070",469) 342-3040,http://www.huffineshyundaimckinney.com
(Mon-Sat) 7:00am ~ 9:00pm,"1301 N Central Expy, McKinney, TX 75070",469) 342-3040,http://www.huffineshyundaimckinney.com
서울관,"9549 Dyer Street, El Paso, TX 79924",915) 751-6070,https://maps.google.com/maps?f=d&source=s_d&saddr=&daddr=9549+Dyer+Street%2C+El+Paso%2C+TX+79924&z=16&iwloc=A&z=auto
Affordable Hubcaps & Wheels,"13439 Preston Rd Building 200 #B, Dallas, TX 75240",972) 241-2277,https://maps.google.com/maps?f=d&source=s_d&saddr=&daddr=13439+Preston+Rd+Building+200+%23B%2C+Dallas%2C+TX+75240&z=16&iwloc=A&z=auto
업소록,"9889 Bellaire #100, Hiuston, TX 77036",713) 271-0488 / 501) 227-6100 / 214) 701-3169 / 214) 770-7040 / 817) 881-5512 / 972-492-3270 / 214-500-9179 / 281) 575-7886 / 405) 799-2629 / 469 930 1735 / 972) 603-8650,https://maps.google.com/maps?f=d&source=s_d&saddr=&daddr=9889+Bellaire+%23100%2C+Hiuston%2C+TX+77036&z=16&iwloc=A&z=auto
인제당 한의원,"9889 Bellaire #100, Hiuston, TX 77036",713) 271-0488 / 501) 227-6100 / 214) 701-3169 / 214) 770-7040 / 817) 881-5512 / 972-492-3270 / 214-500-9179 / 281) 575-7886 / 405) 799-2629 / 469 930 1735 / 972) 603-8650,https://maps.google.com/maps?f=d&source=s_d&saddr=&daddr=9889+Bellaire+%23100%2C+Hiuston%2C+TX+77036&z=16&iwloc=A&z=auto
인제당 한의원,"9889 Bellaire #100, Hiuston, TX 77036",713) 271-0488,https://maps.google.com/maps?f=d&source=s_d&saddr=&daddr=9889+Bellaire+%23100%2C+Hiuston%2C+TX+77036&z=16&iwloc=A&z=auto
카라데 키즈 유에스에이,"1100 Bjwood Drive, Maymille, AR 72113",501) 227-6100,https://maps.google.com/maps?f=d&source=s_d&saddr=&daddr=1100+Bjwood+Drive%2C+Maymille%2C+AR+72113&z=16&iwloc=A&z=auto
달라스 한인 탁구협회,,214) 701-3169,
에어 케어,"7004 Caldwell Lane, Plano, TX 75025",214) 770-7040,https://maps.google.com/maps?f=d&source=s_d&saddr=&daddr=7004+Caldwell+Lane%2C+Plano%2C+TX+75025&z=16&iwloc=A&z=auto
[email protected],"7004 Caldwell Lane, Plano, TX 75025",214) 770-7040,https://maps.google.com/maps?f=d&source=s_d&saddr=&daddr=7004+Caldwell+Lane%2C+Plano%2C+TX+75025&z=16&iwloc=A&z=auto
달라스 한인 레슬링협회,"1024 Old Mill Cir., Irving, TX 75061",817) 881-5512,https://maps.google.com/maps?f=d&source=s_d&saddr=&daddr=1024+Old+Mill+Cir.%2C+Irving%2C+TX+75061&z=16&iwloc=A&z=auto
지나지나 헤어(JINA JINA HAIR SALON),1025 W Hebron Pkwy#130 Carrollton TX 75010,972-492-3270 / 214-500-9179,https://maps.google.com/maps?f=d&source=s_d&saddr=&daddr=1025+W+Hebron+Pkwy%23130+Carrollton+TX+75010&z=16&iwloc=A&z=auto
"(Mon-Sat) 9:30am ~ 07:00pm, (Sun) 12:00pm ~ 06:00pm",1025 W Hebron Pkwy#130 Carrollton TX 75010,972-492-3270 / 214-500-9179,https://maps.google.com/maps?f=d&source=s_d&saddr=&daddr=1025+W+Hebron+Pkwy%23130+Carrollton+TX+75010&z=16&iwloc=A&z=auto
홍콩마켓,"11205 Bellaire Blvd., Houston, TX 77072",281) 575-7886,https://maps.google.com/maps?f=d&source=s_d&saddr=&daddr=11205+Bellaire+Blvd.%2C+Houston%2C+TX+77072&z=16&iwloc=A&z=auto
Silverleaf Furniture Store,"1260 N. Eastern Avenue, Moore, OK 73160",405) 799-2629,https://maps.google.com/maps?f=d&source=s_d&saddr=&daddr=1260+N.+Eastern+Avenue%2C+Moore%2C+OK+73160&z=16&iwloc=A&z=auto
Giant Blue (자이언트 블루),"2148 Royal Lane #100 Dallas, Tx, 75229",469 930 1735,https://maps.google.com/maps?f=d&source=s_d&saddr=&daddr=2148+Royal+Lane+%23100+Dallas%2C+Tx%2C+75229&z=16&iwloc=A&z=auto
[email protected],"2148 Royal Lane #100 Dallas, Tx, 75229",469 930 1735,https://maps.google.com/maps?f=d&source=s_d&saddr=&daddr=2148+Royal+Lane+%23100+Dallas%2C+Tx%2C+75229&z=16&iwloc=A&z=auto
한국 인쇄소,"11055 Dennis Rd. #5, Dallas, TX 75229",972) 603-8650,https://maps.google.com/maps?f=d&source=s_d&saddr=&daddr=11055+Dennis+Rd.+%235%2C+Dallas%2C+TX+75229&z=16&iwloc=A&z=auto
업소록,"2928 MacArthur View, San Antonio, TX 78217",210) 824-6070 / 713) 446-4989 / 972) 986-3092 / 713) 977-8003 / 214-731-6615 / 972) 243-0500 / 972.416.2700 / 512.257.2828 / 903.939.0566 / 310) 886-0501 / 713) 298-8282 / 972) 867-4222 / 972) 740-8998,http://sakbc.com
한인침례교회,"2928 MacArthur View, San Antonio, TX 78217",210) 824-6070 / 713) 446-4989 / 972) 986-3092 / 713) 977-8003 / 214-731-6615 / 972) 243-0500 / 972.416.2700 / 512.257.2828 / 903.939.0566 / 310) 886-0501 / 713) 298-8282 / 972) 867-4222 / 972) 740-8998,http://sakbc.com
한인침례교회,"2928 MacArthur View, San Antonio, TX 78217",210) 824-6070,http://sakbc.com
박종희융자,"1657 Gessner Rd. #105, Houston, TX 77080",713) 446-4989,https://maps.google.com/maps?f=d&source=s_d&saddr=&daddr=1657+Gessner+Rd.+%23105%2C+Houston%2C+TX+77080&z=16&iwloc=A&z=auto
어빙 표구사,,972) 986-3092,
S.Q뷰티 서플라이,"1427 Wilcrest Drive, Houston, TX 77042",713) 977-8003,https://maps.google.com/maps?f=d&source=s_d&saddr=&daddr=1427+Wilcrest+Drive%2C+Houston%2C+TX+77042&z=16&iwloc=A&z=auto
Bros K BBO Shasu & Sushi,2625 Old Denton Rd #700 Carrollton TX 75007,214-731-6615,https://maps.google.com/maps?f=d&source=s_d&saddr=&daddr=2625+Old+Denton+Rd+%23700+Carrollton+TX+75007&z=16&iwloc=A&z=auto
[email protected],2625 Old Denton Rd #700 Carrollton TX 75007,214-731-6615,https://maps.google.com/maps?f=d&source=s_d&saddr=&daddr=2625+Old+Denton+Rd+%23700+Carrollton+TX+75007&z=16&iwloc=A&z=auto
국제종합융자,"3010 LBJ Fwy. #732, Dallas, TX 75234",972) 243-0500,https://maps.google.com/maps?f=d&source=s_d&saddr=&daddr=3010+LBJ+Fwy.+%23732%2C+Dallas%2C+TX+75234&z=16&iwloc=A&z=auto
BLU Dental (블루덴탈),"캐롤튼 2810 E. Trinity Mills Rd. #179, Carrollton, TX 75006 / 어스틴 13048 Research Blvd. # B, Austin, TX 78759 / 타일러 3975 Old Jacksonville Hwy, Tyler, TX 75701",972.416.2700 / 512.257.2828 / 903.939.0566,https://www.bludental.net
월-토: 9am-6pm / 일요일: 8am-3pm,"캐롤튼 2810 E. Trinity Mills Rd. #179, Carrollton, TX 75006 / 어스틴 13048 Research Blvd. # B, Austin, TX 78759 / 타일러 3975 Old Jacksonville Hwy, Tyler, TX 75701",972.416.2700 / 512.257.2828 / 903.939.0566,https://www.bludental.net
Co-Pack Inc,,310) 886-0501,http://www.copackinc.com/
[email protected],,310) 886-0501,http://www.copackinc.com/
박지영 부동산,,713) 298-8282,
노승호 종합보험,"2040 W. Spring Creek Pkwy. #141, Plano, TX 75023",972) 867-4222 / 972) 740-8998,https://maps.google.com/maps?f=d&source=s_d&saddr=&daddr=2040+W.+Spring+Creek+Pkwy.+%23141%2C+Plano%2C+TX+75023&z=16&iwloc=A&z=auto
업소록,"10310 S. Laurel Branch Dr., Houston, TX 77064",214-616-3155 / 832-282-1848 / 972) 247-9400 / 972) 243-1325 / 469) 734-5840 / 214) 682-6452 / 9720 466-9850 / 832) 524-4658 / 866) 949-9483 / 972) 283-9797 / 972) 790-4800 / 469) 358-1413,https://maps.google.com/maps?f=d&source=s_d&saddr=&daddr=10310+S.+Laurel+Branch+Dr.%2C+Houston%2C+TX+77064&z=16&iwloc=A&z=auto
제니 권 부동산,"10310 S. Laurel Branch Dr., Houston, TX 77064",214-616-3155 / 832-282-1848 / 972) 247-9400 / 972) 243-1325 / 469) 734-5840 / 214) 682-6452 / 9720 466-9850 / 832) 524-4658 / 866) 949-9483 / 972) 283-9797 / 972) 790-4800 / 469) 358-1413,https://maps.google.com/maps?f=d&source=s_d&saddr=&daddr=10310+S.+Laurel+Branch+Dr.%2C+Houston%2C+TX+77064&z=16&iwloc=A&z=auto
제니 권 부동산,,214-616-3155,
[email protected],,214-616-3155,
프라임 오토 글라스,"10310 S. Laurel Branch Dr., Houston, TX 77064",832-282-1848,https://maps.google.com/maps?f=d&source=s_d&saddr=&daddr=10310+S.+Laurel+Branch+Dr.%2C+Houston%2C+TX+77064&z=16&iwloc=A&z=auto
VENTURE (벤처 건설),"11536 Harry Hines Blvd, #213, Dallas, TX 75229",972) 247-9400 / 972) 243-1325,http://www.venturetexas.com
[email protected],"11536 Harry Hines Blvd, #213, Dallas, TX 75229",972) 247-9400 / 972) 243-1325,http://www.venturetexas.com
US White Tiger Martial Arts (Plano),"2011 W. Spring Creek Pkwy #650, Plano, TX 75023",469) 734-5840,https://www.facebook.com/UsWhiteTigerMartialArtsPlano/
[email protected],"2011 W. Spring Creek Pkwy #650, Plano, TX 75023",469) 734-5840,https://www.facebook.com/UsWhiteTigerMartialArtsPlano/
Connie Flower & Event,,214) 682-6452,
Indian Creek Golf Club,"1650 Frankford Rd., Carrollton, TX 75007",9720 466-9850,http://www.indiancreekgolfclub.com
싸인 랩,,832) 524-4658,
기아 KIA (Southwest Kia),"39650 Lyndon B. Johnson Freeway, Dallas, TX 75237",866) 949-9483 / 972) 283-9797,http://www.southwestkia.com
(Mon-Sat) 9:00am ~ 9:00pm,"39650 Lyndon B. Johnson Freeway, Dallas, TX 75237",866) 949-9483 / 972) 283-9797,http://www.southwestkia.com
누리소 (Nuriso),"1311 Lukest Street, Irving, TX 75061",972) 790-4800,https://maps.google.com/maps?f=d&source=s_d&saddr=&daddr=1311+Lukest+Street%2C+Irving%2C+TX+75061&z=16&iwloc=A&z=auto
우드랜드 가족교회,"8200 Northway Drive, The Woodlands, TX 77382",469) 358-1413,https://www.twfch.com
업소록,"2560 Royal Ln. #222, Dallas, TX 75229",972) 488-2363 / 972-370-4423 / 972) 394-5620 / 972) 731-5680 / 972-484-3747 / 682-888-4988 / 281) 486-5425 / 214) 366-0776 / 972) 669-9119 / 214) 674-8695 / 512) 272-4228,https://maps.google.com/maps?f=d&source=s_d&saddr=&daddr=2560+Royal+Ln.+%23222%2C+Dallas%2C+TX+75229&z=16&iwloc=A&z=auto
이성애 치과,"2560 Royal Ln. #222, Dallas, TX 75229",972) 488-2363 / 972-370-4423 / 972) 394-5620 / 972) 731-5680 / 972-484-3747 / 682-888-4988 / 281) 486-5425 / 214) 366-0776 / 972) 669-9119 / 214) 674-8695 / 512) 272-4228,https://maps.google.com/maps?f=d&source=s_d&saddr=&daddr=2560+Royal+Ln.+%23222%2C+Dallas%2C+TX+75229&z=16&iwloc=A&z=auto
이성애 치과,"2560 Royal Ln. #222, Dallas, TX 75229",972) 488-2363,https://maps.google.com/maps?f=d&source=s_d&saddr=&daddr=2560+Royal+Ln.+%23222%2C+Dallas%2C+TX+75229&z=16&iwloc=A&z=auto
크라운 종합보험,"7800 Preston Rd #132, Plano, TX 75024",972-370-4423,https://maps.google.com/maps?f=d&source=s_d&saddr=&daddr=7800+Preston+Rd+%23132%2C+Plano%2C+TX+75024&z=16&iwloc=A&z=auto
[email protected],"7800 Preston Rd #132, Plano, TX 75024",972-370-4423,https://maps.google.com/maps?f=d&source=s_d&saddr=&daddr=7800+Preston+Rd+%23132%2C+Plano%2C+TX+75024&z=16&iwloc=A&z=auto
흥남 Pho,"3030 Josey Ln. #118, Carrollton, TX 75007",972) 394-5620,https://maps.google.com/maps?f=d&source=s_d&saddr=&daddr=3030+Josey+Ln.+%23118%2C+Carrollton%2C+TX+75007&z=16&iwloc=A&z=auto
패밀리 덴티스트리,"4944 Preston Rd. #108, Frisco, TX 75034",972) 731-5680,https://maps.google.com/maps?f=d&source=s_d&saddr=&daddr=4944+Preston+Rd.+%23108%2C+Frisco%2C+TX+75034&z=16&iwloc=A&z=auto
Farmers Insurance 조승민 보험,"190 W Highway 114 Ste. A Southlake, TX 76092",972-484-3747 / 682-888-4988,https://maps.google.com/maps?f=d&source=s_d&saddr=&daddr=190+W+Highway+114+Ste.+A+Southlake%2C+TX+76092&z=16&iwloc=A&z=auto
[email protected],"190 W Highway 114 Ste. A Southlake, TX 76092",972-484-3747 / 682-888-4988,https://maps.google.com/maps?f=d&source=s_d&saddr=&daddr=190+W+Highway+114+Ste.+A+Southlake%2C+TX+76092&z=16&iwloc=A&z=auto
국술원 (웹스터),"15230 Hwy. 3, Webster, TX 77598",281) 486-5425,https://maps.google.com/maps?f=d&source=s_d&saddr=&daddr=15230+Hwy.+3%2C+Webster%2C+TX+77598&z=16&iwloc=A&z=auto
세계선교교회,"201 N. Plano Road, Richardson, TX 75081",972) 669-9119,http://www.wmcdfw.org
Living Sound,,214) 674-8695,http://www.thelivingsound.com/
[email protected],,214) 674-8695,http://www.thelivingsound.com/
Bluebonnet Hill Golf Club,"9100 Decker Lane, Austin, TX 78724",512) 272-4228,http://www.bluebonnethillgolf.com
업소록,"2625 Old Denton Rd. #452, Carrollton, TX 75007",972) 820-8700 / 972-695-6696 / 512) 465-8386 / 469) 892 - 4639 / 972) 358 - 8353 / 469) 463-4949 / 214) 223-3952 / 713) 298-2626 / 469.289.3500 / 713) 834-5430,https://maps.google.com/maps?f=d&source=s_d&saddr=&daddr=2625+Old+Denton+Rd.+%23452%2C+Carrollton%2C+TX+75007&z=16&iwloc=A&z=auto
의료필수품 및 당뇨신발 (Medical Supply & Equipments),"2625 Old Denton Rd. #452, Carrollton, TX 75007",972) 820-8700 / 972-695-6696 / 512) 465-8386 / 469) 892 - 4639 / 972) 358 - 8353 / 469) 463-4949 / 214) 223-3952 / 713) 298-2626 / 469.289.3500 / 713) 834-5430,https://maps.google.com/maps?f=d&source=s_d&saddr=&daddr=2625+Old+Denton+Rd.+%23452%2C+Carrollton%2C+TX+75007&z=16&iwloc=A&z=auto
의료필수품 및 당뇨신발 (Medical Supply & Equipments),"2625 Old Denton Rd. #452, Carrollton, TX 75007",972) 820-8700,https://maps.google.com/maps?f=d&source=s_d&saddr=&daddr=2625+Old+Denton+Rd.+%23452%2C+Carrollton%2C+TX+75007&z=16&iwloc=A&z=auto
소문난 반찬나라,"2640 Old Denton Rd #148, Carrollton, TX 75007",972-695-6696,https://maps.google.com/maps?f=d&source=s_d&saddr=&daddr=2640+Old+Denton+Rd+%23148%2C+Carrollton%2C+TX+75007&z=16&iwloc=A&z=auto
하이드팍 침례교회,"3901 Speedway, Austin, TX 78751",512) 465-8386,http://www.hpkbc.org
충의문 태권도. 검도 (Choung Eui Moon),"3044 Old Denton Rd. #118 Carrollton, TX 75007",469) 892 - 4639 / 972) 358 - 8353,https://www.gomartial.net
"(Mon-Fri) 2:00pm ~ 9:00pm, (Sat) 2:00pm ~ 5:00pm","3044 Old Denton Rd. #118 Carrollton, TX 75007",469) 892 - 4639 / 972) 358 - 8353,https://www.gomartial.net
AK PC Gaming Cafe 피씨방 / 시온마켓,"2405 S. Stemmons Fwy., Lewisville, TX 75067",,https://maps.google.com/maps?f=d&source=s_d&saddr=&daddr=2405+S.+Stemmons+Fwy.%2C+Lewisville%2C+TX+75067&z=16&iwloc=A&z=auto
창덕여중고등학교,,469) 463-4949,
아너스 아카데미,"915 W. Parker Road #306, Plano, TX 75023",214) 223-3952,https://maps.google.com/maps?f=d&source=s_d&saddr=&daddr=915+W.+Parker+Road+%23306%2C+Plano%2C+TX+75023&z=16&iwloc=A&z=auto
이영순 부동산,"13078 Trail Hollow, Houston, TX 77079",713) 298-2626,https://maps.google.com/maps?f=d&source=s_d&saddr=&daddr=13078+Trail+Hollow%2C+Houston%2C+TX+77079&z=16&iwloc=A&z=auto
사랑 선교교회,"3918 Old Denton Road, Carrollton, TX 75007",469.289.3500,https://www.sarangmc.com
[email protected],"3918 Old Denton Road, Carrollton, TX 75007",469.289.3500,https://www.sarangmc.com
휴스턴 한인경제인협회,,713) 834-5430,
업소록,"6200 W. Parker Road, Plano, TX 75093",972) 981-8000 / 469) 223-2582 / 972) 820-0007 / 214) 837-0214 / 972) 849-6492 / 281) 955-8898 / 817) 90-6128 / 512.999.4233 / 682) 521-4868 / 972-315-8222 / 832) 358-8388,http://www.texashealth.org
플레이노 장로교 병원 (Presbyterian Hospital of Plano),"6200 W. Parker Road, Plano, TX 75093",972) 981-8000 / 469) 223-2582 / 972) 820-0007 / 214) 837-0214 / 972) 849-6492 / 281) 955-8898 / 817) 90-6128 / 512.999.4233 / 682) 521-4868 / 972-315-8222 / 832) 358-8388,http://www.texashealth.org
플레이노 장로교 병원 (Presbyterian Hospital of Plano),"6200 W. Parker Road, Plano, TX 75093",972) 981-8000,http://www.texashealth.org
Young B 스튜디오,,469) 223-2582,https://www.youngbphoto.com
레가시 블라인드 (Legacy Blinds),"1000 Crowley Dr #100, Carrollton, TX 75006",972) 820-0007 / 214) 837-0214,https://www.legacyblindsmfg.com
[email protected],"1000 Crowley Dr #100, Carrollton, TX 75006",972) 820-0007 / 214) 837-0214,https://www.legacyblindsmfg.com
집수리 전문의사,,972) 849-6492,
도쿄원,"7465 W. Greens Road, Houston, TX 77064",281) 955-8898,https://www.tokyoonehouston.com
Beezdata,,817) 90-6128,
beezdata.gmail.com,,817) 90-6128,
어스틴 우리가락 무용단,,512.999.4233,
[email protected],,512.999.4233,
던컨빌 제일교회 (The First Korean Baptist Church of Duncanville),"111 W. Camp Wisdom Road, Duncanville, TX 75116",682) 521-4868,https://www.fkbcd.org
[email protected],"111 W. Camp Wisdom Road, Duncanville, TX 75116",682) 521-4868,https://www.fkbcd.org
Ara Asian Cuisine & Wings (Ara 식당),"335 E Round Grove Rd Unit 102 Lewisvill, TX 75067",972-315-8222,https://maps.google.com/maps?f=d&source=s_d&saddr=&daddr=335+E+Round+Grove+Rd+Unit+102+Lewisvill%2C+TX+75067&z=16&iwloc=A&z=auto
솔로몬 보석,"1302 Blalock Road, Houston, TX 77055",832) 358-8388,https://maps.google.com/maps?f=d&source=s_d&saddr=&daddr=1302+Blalock+Road%2C+Houston%2C+TX+77055&z=16&iwloc=A&z=auto
업소록,"2220 Coit Rd., Plano, TX 75075",972) 398-9736 / 281) 224-2426 / 469)598-3001 / 713) 932-6933 / 972) 208-8877 / 254) 833-0525 / 254) 833-0064 / 512-945-7286 / 512-309-5145 / 972) 242-1037 / 469) 892-6161 / 972-423-4057,https://maps.google.com/maps?f=d&source=s_d&saddr=&daddr=2220+Coit+Rd.%2C+Plano%2C+TX+75075&z=16&iwloc=A&z=auto
Li-Tzi 살롱 (Li-Tzi Salon),"2220 Coit Rd., Plano, TX 75075",972) 398-9736 / 281) 224-2426 / 469)598-3001 / 713) 932-6933 / 972) 208-8877 / 254) 833-0525 / 254) 833-0064 / 512-945-7286 / 512-309-5145 / 972) 242-1037 / 469) 892-6161 / 972-423-4057,https://maps.google.com/maps?f=d&source=s_d&saddr=&daddr=2220+Coit+Rd.%2C+Plano%2C+TX+75075&z=16&iwloc=A&z=auto
Li-Tzi 살롱 (Li-Tzi Salon),"2220 Coit Rd., Plano, TX 75075",972) 398-9736,https://maps.google.com/maps?f=d&source=s_d&saddr=&daddr=2220+Coit+Rd.%2C+Plano%2C+TX+75075&z=16&iwloc=A&z=auto
이학찬 보험,,281) 224-2426,
Sake Hibachi Shusi & Bar,"5005 TX-121 #100, The Colony, TX 75056",469)598-3001,https://maps.google.com/maps?f=d&source=s_d&saddr=&daddr=5005+TX-121+%23100%2C+The+Colony%2C+TX+75056&z=16&iwloc=A&z=auto
"JFE Franchising, Inc. (Snowfox)","2021 Bingle Rd., Houston, TX 77055",713) 932-6933,https://maps.google.com/maps?f=d&source=s_d&saddr=&daddr=2021+Bingle+Rd.%2C+Houston%2C+TX+77055&z=16&iwloc=A&z=auto
jfefood.com,"2021 Bingle Rd., Houston, TX 77055",713) 932-6933,https://maps.google.com/maps?f=d&source=s_d&saddr=&daddr=2021+Bingle+Rd.%2C+Houston%2C+TX+77055&z=16&iwloc=A&z=auto
texasgonstead.com,텍사스 건스테드 카이로프랙틱 클리닉 플레이노점 (Texas Gonstead Chiropractic),972) 208-8877,https://maps.google.com/maps?f=d&source=s_d&saddr=&daddr=7130+Preston+Rd+%23300%2C+Plano%2C+TX+75024&z=16&iwloc=A&z=auto
texasgonstead.com,"7130 Preston Rd #300, Plano, TX 75024",972) 208-8877,https://maps.google.com/maps?f=d&source=s_d&saddr=&daddr=7130+Preston+Rd+%23300%2C+Plano%2C+TX+75024&z=16&iwloc=A&z=auto
G3교회,"1925 Elms Road, Killeen, TX 76542",254) 833-0525 / 254) 833-0064,http://g3church.org/g3church/index.php
[email protected],"1925 Elms Road, Killeen, TX 76542",254) 833-0525 / 254) 833-0064,http://g3church.org/g3church/index.php
어스틴 은혜 부동산,"13497 N Highway 183 Ste 700 Austin, TX 78750",512-945-7286 / 512-309-5145,https://maps.google.com/maps?f=d&source=s_d&saddr=&daddr=13497+N+Highway+183+Ste+700+Austin%2C+TX+78750&z=16&iwloc=A&z=auto
릴렉스 더 백 (Relax The Back),"2625 Old Denton Rd # 240, Carrollton, TX 75007",972) 242-1037,https://www.relaxtheback.com
"(Mon-Fri) 10:30am ~ 7:30pm, (Sat-Sun) 12:30pm ~ 6:00pm","2625 Old Denton Rd # 240, Carrollton, TX 75007",972) 242-1037,https://www.relaxtheback.com
씨네 오아시스 (Cine Oasis),"1130 W. Trinity Mills Road, Carrollton, TX 75006",469) 892-6161,https://www.cineoasis.net
더 고기 한식 (The Gogi),"1861 N Central Expressway #125, Plano, TX 75075",972-423-4057,https://maps.google.com/maps?f=d&source=s_d&saddr=&daddr=1861+N+Central+Expressway+%23125%2C++Plano%2C+TX+75075&z=16&iwloc=A&z=auto
업소록,"2201 Long Prairie Rd. #105, Flower Mound, TX 75022",469) 549-0285 / 800) 241-9983 / 713) 270-9935 / 972) 242-4675 / 281) 685-5415 / 254) 690-8016 / 210) 646-7005 / 972-603-8521 / 469.556.4784 / 917.794.9784,https://www.facebook.com/PlatinumSalons
Platinum Hair Salon,"2201 Long Prairie Rd. #105, Flower Mound, TX 75022",469) 549-0285 / 800) 241-9983 / 713) 270-9935 / 972) 242-4675 / 281) 685-5415 / 254) 690-8016 / 210) 646-7005 / 972-603-8521 / 469.556.4784 / 917.794.9784,https://www.facebook.com/PlatinumSalons
Platinum Hair Salon,"2201 Long Prairie Rd. #105, Flower Mound, TX 75022",469) 549-0285,https://www.facebook.com/PlatinumSalons
"(Tue-Fri) 9:30am ~ 7:00pm, (Sat) 9:00am ~ 6:00pm","2201 Long Prairie Rd. #105, Flower Mound, TX 75022",469) 549-0285,https://www.facebook.com/PlatinumSalons
Frisco International Inc.,"1230 Crestside Dr. #100, Coppell, TX 75019",800) 241-9983,https://www.lordandcliff.com
스타 타임 서플라이,"2215 Gessneer Road, Houston, TX 77080",713) 270-9935,https://maps.google.com/maps?f=d&source=s_d&saddr=&daddr=2215+Gessneer+Road%2C+Houston%2C+TX+77080&z=16&iwloc=A&z=auto
다이소 Carrollton (Daiso Japan),"2540 Old Denton Rd. #100, Carrollton, TX 75006",972) 242-4675,https://www.daisojapan.com
(Mon-Sat) 10:00am ~9:00pm,"2540 Old Denton Rd. #100, Carrollton, TX 75006",972) 242-4675,https://www.daisojapan.com
찰스 권 부동산,,281) 685-5415,
영에어콘,"612 S. Ann Boulevard, Harker Heights, TX 76528",254) 690-8016,https://maps.google.com/maps?f=d&source=s_d&saddr=&daddr=612+S.+Ann+Boulevard%2C+Harker+Heights%2C+TX+76528&z=16&iwloc=A&z=auto
한국 비디오,"6210 Fairdale Drive, San Antonio, TX 78218",210) 646-7005,https://maps.google.com/maps?f=d&source=s_d&saddr=&daddr=6210+Fairdale+Drive%2C+San+Antonio%2C+TX+78218&z=16&iwloc=A&z=auto
Neo Arc. Development,"P.O. Box, Dallas, TX 75370",972-603-8521,https://maps.google.com/maps?f=d&source=s_d&saddr=&daddr=P.O.+Box%2C+Dallas%2C+TX+75370&z=16&iwloc=A&z=auto
코인포 KOINFO IT & WEB SOLUTIONS,"1060 W Frankford Rd #106 Carrollton, TX 75007",469.556.4784,https://maps.google.com/maps?f=d&source=s_d&saddr=&daddr=1060+W+Frankford+Rd+%23106++Carrollton%2C+TX+75007&z=16&iwloc=A&z=auto
koinfo.com,"1060 W Frankford Rd #106 Carrollton, TX 75007",469.556.4784,https://maps.google.com/maps?f=d&source=s_d&saddr=&daddr=1060+W+Frankford+Rd+%23106++Carrollton%2C+TX+75007&z=16&iwloc=A&z=auto
한라산 소주 / 대선 소주,,917.794.9784,
[email protected],,917.794.9784,
업소록,"1205 Gessner Road, Houston, TX 77055",713) 464-9696 / 214) 434-3000 / 214) 755-8611 / 713) 972-5838 / 713) 937-7444 / 972) 226-8749 / 972) 245-1419 / 713) 697-7056 / 469) 994-8008 / 405) 720-7008,https://maps.google.com/maps?f=d&source=s_d&saddr=&daddr=1205+Gessner+Road%2C+Houston%2C+TX+77055&z=16&iwloc=A&z=auto
차터 오토 (Charter Auto Leasing),"1205 Gessner Road, Houston, TX 77055",713) 464-9696 / 214) 434-3000 / 214) 755-8611 / 713) 972-5838 / 713) 937-7444 / 972) 226-8749 / 972) 245-1419 / 713) 697-7056 / 469) 994-8008 / 405) 720-7008,https://maps.google.com/maps?f=d&source=s_d&saddr=&daddr=1205+Gessner+Road%2C+Houston%2C+TX+77055&z=16&iwloc=A&z=auto
차터 오토 (Charter Auto Leasing),"1205 Gessner Road, Houston, TX 77055",713) 464-9696,https://maps.google.com/maps?f=d&source=s_d&saddr=&daddr=1205+Gessner+Road%2C+Houston%2C+TX+77055&z=16&iwloc=A&z=auto
김천동 부동산,"3010 LBJ Freeway #755, Dallas, TX 75234",214) 434-3000,https://maps.google.com/maps?f=d&source=s_d&saddr=&daddr=3010+LBJ+Freeway+%23755%2C+Dallas%2C+TX+75234&z=16&iwloc=A&z=auto
[email protected],"3010 LBJ Freeway #755, Dallas, TX 75234",214) 434-3000,https://maps.google.com/maps?f=d&source=s_d&saddr=&daddr=3010+LBJ+Freeway+%23755%2C+Dallas%2C+TX+75234&z=16&iwloc=A&z=auto
코너스톤 아카데미,"2625 Old Denton Rd. #500-H, Carrollton, TX 75007",214) 755-8611,https://maps.google.com/maps?f=d&source=s_d&saddr=&daddr=2625+Old+Denton+Rd.+%23500-H%2C+Carrollton%2C+TX+75007&z=16&iwloc=A&z=auto
[email protected],"2625 Old Denton Rd. #500-H, Carrollton, TX 75007",214) 755-8611,https://maps.google.com/maps?f=d&source=s_d&saddr=&daddr=2625+Old+Denton+Rd.+%23500-H%2C+Carrollton%2C+TX+75007&z=16&iwloc=A&z=auto
레베카 부동산,"6117 Richmond Ave. #120, Houston, TX 77057",713) 972-5838,https://maps.google.com/maps?f=d&source=s_d&saddr=&daddr=6117+Richmond+Ave.+%23120%2C+Houston%2C+TX+77057&z=16&iwloc=A&z=auto
휴스턴 한인교회,"10410 Clay Road, Houston, TX 77041",713) 937-7444,https://maps.google.com/maps?f=d&source=s_d&saddr=&daddr=10410+Clay+Road%2C+Houston%2C+TX+77041&z=16&iwloc=A&z=auto
Town East Golf Center,"3134 N Belt Line Rd., Sunnyvale, TX 75182",972) 226-8749,https://maps.google.com/maps?f=d&source=s_d&saddr=&daddr=3134+N+Belt+Line+Rd.%2C+Sunnyvale%2C+TX+75182&z=16&iwloc=A&z=auto
달라스 연합교회,"1855 N. Josey Ln, Carrollton, TX 75006",972) 245-1419,http://www.yonhap.org
양정순 소아과,"6500 N. Frwy #116, Houston, TX 77076",713) 697-7056,https://maps.google.com/maps?f=d&source=s_d&saddr=&daddr=6500+N.+Frwy+%23116%2C+Houston%2C+TX+77076&z=16&iwloc=A&z=auto
브레이커스 (Breakers Korean BBQ),"3044 Old Denton Rd #131, Carrollton, TX 75007",469) 994-8008,https://maps.google.com/maps?f=d&source=s_d&saddr=&daddr=3044+Old+Denton+Rd+%23131%2C+Carrollton%2C+TX+75007&z=16&iwloc=A&z=auto
breakersbbq.com,"3044 Old Denton Rd #131, Carrollton, TX 75007",469) 994-8008,https://maps.google.com/maps?f=d&source=s_d&saddr=&daddr=3044+Old+Denton+Rd+%23131%2C+Carrollton%2C+TX+75007&z=16&iwloc=A&z=auto
Sean Kim's Martial Arts,"7817 NW 94th Street, Oklahoma City, OK 73162",405) 720-7008,https://maps.google.com/maps?f=d&source=s_d&saddr=&daddr=7817+NW+94th+Street%2C+Oklahoma+City%2C+OK+73162&z=16&iwloc=A&z=auto
업소록,"10330 Olympic Drive, Dallas, TX 75220",214) 956-8600 / 214) 422-7620 / 940) 535-7650 / 713) 977-6979 / 972) 488-8989 / 703) 501-2220 / 972) 888-0966 / 214) 457-2015 / 512) 461-3664 / 512) 474-2646 / 281) 679-8465 / 817) 770-2341,https://maps.google.com/maps?f=d&source=s_d&saddr=&daddr=10330+Olympic+Drive%2C+Dallas%2C+TX+75220&z=16&iwloc=A&z=auto
한은주 변호사,"10330 Olympic Drive, Dallas, TX 75220",214) 956-8600 / 214) 422-7620 / 940) 535-7650 / 713) 977-6979 / 972) 488-8989 / 703) 501-2220 / 972) 888-0966 / 214) 457-2015 / 512) 461-3664 / 512) 474-2646 / 281) 679-8465 / 817) 770-2341,https://maps.google.com/maps?f=d&source=s_d&saddr=&daddr=10330+Olympic+Drive%2C+Dallas%2C+TX+75220&z=16&iwloc=A&z=auto
한은주 변호사,"10330 Olympic Drive, Dallas, TX 75220",214) 956-8600,https://maps.google.com/maps?f=d&source=s_d&saddr=&daddr=10330+Olympic+Drive%2C+Dallas%2C+TX+75220&z=16&iwloc=A&z=auto
블루오션 냉동,"3433 Kingsly Rd., Garland, TX 75243",214) 422-7620,https://maps.google.com/maps?f=d&source=s_d&saddr=&daddr=3433+Kingsly+Rd.%2C+Garland%2C+TX+75243&z=16&iwloc=A&z=auto
토요다 TOYOTA (Toyota of Denton),"4100 S. I-35E, Denton, TX 76210",940) 535-7650,https://www.toyotaofdenton.com
(Mon-Sat) 8:30am ~ 8:00pm,"4100 S. I-35E, Denton, TX 76210",940) 535-7650,https://www.toyotaofdenton.com
발렌타인 플러리스트,"6009 Richmond #125, Houston, TX 77057",713) 977-6979,https://maps.google.com/maps?f=d&source=s_d&saddr=&daddr=6009+Richmond+%23125%2C+Houston%2C+TX+77057&z=16&iwloc=A&z=auto
글로리 꽃집,"2534 Royal Ln. #102, Dallas, TX 75229",972) 488-8989 / 703) 501-2220,https://maps.google.com/maps?f=d&source=s_d&saddr=&daddr=2534+Royal+Ln.+%23102%2C+Dallas%2C+TX+75229&z=16&iwloc=A&z=auto
스타 노래방,"11339 Emerald Street, Dallas, TX 75229",972) 888-0966,https://maps.google.com/maps?f=d&source=s_d&saddr=&daddr=11339+Emerald+Street%2C+Dallas%2C+TX+75229&z=16&iwloc=A&z=auto
유스타스 한인 기도원,"14420 County Road 2919, Eustace, TX 75124",214) 457-2015,https://maps.google.com/maps?f=d&source=s_d&saddr=&daddr=14420+County+Road+2919%2C+Eustace%2C+TX+75124&z=16&iwloc=A&z=auto
예랑장로교회,"6800 Woodrow Avenue, Austin, TX 78757",512) 461-3664 / 512) 474-2646,http://www.yerang.org
삼성 중공업,"11757 Katy Freeway #800, Houston, TX 77079",281) 679-8465,https://maps.google.com/maps?f=d&source=s_d&saddr=&daddr=11757+Katy+Freeway+%23800%2C+Houston%2C+TX+77079&z=16&iwloc=A&z=auto
AZTEC 냉동,,817) 770-2341,
업소록,"1262 Conrad Sauer Road, Houston, TX 77043",713) 722-9553 / 214) 279-3991 / 512) 323-0635 / 214) 499-0930 / 713) 900-5592 / 210) 599-0119 / 405) 759-7788 / 972) 697-5962 / 210) 366-4508 / 972) 460-6512,http://dongsanumc.org/dongsanumc/index.php
동산 연합감리교회,"1262 Conrad Sauer Road, Houston, TX 77043",713) 722-9553 / 214) 279-3991 / 512) 323-0635 / 214) 499-0930 / 713) 900-5592 / 210) 599-0119 / 405) 759-7788 / 972) 697-5962 / 210) 366-4508 / 972) 460-6512,http://dongsanumc.org/dongsanumc/index.php
동산 연합감리교회,"1262 Conrad Sauer Road, Houston, TX 77043",713) 722-9553,http://dongsanumc.org/dongsanumc/index.php
이진호 세무사,"2625 Old Denton Rd. Ste 576, Carrollton, TX 75007",214) 279-3991,https://maps.google.com/maps?f=d&source=s_d&saddr=&daddr=2625+Old+Denton+Rd.+Ste+576%2C+Carrollton%2C+TX+75007&z=16&iwloc=A&z=auto
만나식당,"6806 N. Lamar Blvd. #A-120, Austin, TX 78752",512) 323-0635,https://maps.google.com/maps?f=d&source=s_d&saddr=&daddr=6806+N.+Lamar+Blvd.+%23A-120%2C+Austin%2C+TX+78752&z=16&iwloc=A&z=auto
mannaaustin.com,"6806 N. Lamar Blvd. #A-120, Austin, TX 78752",512) 323-0635,https://maps.google.com/maps?f=d&source=s_d&saddr=&daddr=6806+N.+Lamar+Blvd.+%23A-120%2C+Austin%2C+TX+78752&z=16&iwloc=A&z=auto
뉴스킨,,214) 499-0930,http://www.nuskin.com
한미 가정 상담소,"1809 Hollister Street, Houston, TX 77080",713) 900-5592,https://maps.google.com/maps?f=d&source=s_d&saddr=&daddr=1809+Hollister+Street%2C+Houston%2C+TX+77080&z=16&iwloc=A&z=auto
NBS 청소업체 (National Building Services),"6017 Rittiman Plaza, San Antonio, TX 78218",210) 599-0119,http://nationalbuildingservice.com/about.php
Sushi Hayashi,"10600 S Pennsylvania Ave. #4, Oklahoma City, OK 73170",405) 759-7788,https://maps.google.com/maps?f=d&source=s_d&saddr=&daddr=10600+S+Pennsylvania+Ave.+%234%2C+Oklahoma+City%2C+OK+73170&z=16&iwloc=A&z=auto
EIS Academy,"3918 Old Denton Rd. Carrollton, TX 75007",972) 697-5962,https://maps.google.com/maps?f=d&source=s_d&saddr=&daddr=3918+Old+Denton+Rd.+Carrollton%2C+TX+75007&z=16&iwloc=A&z=auto
[email protected],"3918 Old Denton Rd. Carrollton, TX 75007",972) 697-5962,https://maps.google.com/maps?f=d&source=s_d&saddr=&daddr=3918+Old+Denton+Rd.+Carrollton%2C+TX+75007&z=16&iwloc=A&z=auto
일송가든,"6905 Blanco Road, San Antonio, TX 78216",210) 366-4508,https://maps.google.com/maps?f=d&source=s_d&saddr=&daddr=6905+Blanco+Road%2C+San+Antonio%2C+TX+78216&z=16&iwloc=A&z=auto
라이프 교회,"4704 Nash Dr. The Colony, TX 75056",972) 460-6512,https://www.LogosLoveLife.com
업소록,"2150 N. Collins Boulevard, Richardson, TX 75080",972) 470-0722 / 972) 393-0445 / 469) 213-0049 / 469) 795-6744 / 361) 549-4476 / 469) 774-4421 / 281) 447-0969 / 469-261-9891 / 214-460-2457 / 214) 476-4402 / 817) 501-9191,https://maps.google.com/maps?f=d&source=s_d&saddr=&daddr=2150+N.+Collins+Boulevard%2C+Richardson%2C+TX+75080&z=16&iwloc=A&z=auto
Sushi Sake,"2150 N. Collins Boulevard, Richardson, TX 75080",972) 470-0722 / 972) 393-0445 / 469) 213-0049 / 469) 795-6744 / 361) 549-4476 / 469) 774-4421 / 281) 447-0969 / 469-261-9891 / 214-460-2457 / 214) 476-4402 / 817) 501-9191,https://maps.google.com/maps?f=d&source=s_d&saddr=&daddr=2150+N.+Collins+Boulevard%2C+Richardson%2C+TX+75080&z=16&iwloc=A&z=auto
Sushi Sake,"2150 N. Collins Boulevard, Richardson, TX 75080",972) 470-0722,https://maps.google.com/maps?f=d&source=s_d&saddr=&daddr=2150+N.+Collins+Boulevard%2C+Richardson%2C+TX+75080&z=16&iwloc=A&z=auto
A+ Tailor,"150 S. Denton Tap Rd. #110, Coppell, TX 75019",972) 393-0445,http://www.aplustailor.com
"(Mon-Fri) 9:30am ~ 6:00pm, (Sat) 9:30am ~ 4:00pm","150 S. Denton Tap Rd. #110, Coppell, TX 75019",972) 393-0445,http://www.aplustailor.com
에이미 전 부동산,,469) 213-0049,
크라운 프라자,"11500 N. Stemmons Freeway, Dallas, TX 75229",469) 795-6744,https://maps.google.com/maps?f=d&source=s_d&saddr=&daddr=11500+N.+Stemmons+Freeway%2C+Dallas%2C+TX+75229&z=16&iwloc=A&z=auto
천주교 공소,"2233 Waldron Road, Corpus Christi, TX 78418",361) 549-4476,https://maps.google.com/maps?f=d&source=s_d&saddr=&daddr=2233+Waldron+Road%2C+Corpus+Christi%2C+TX+78418&z=16&iwloc=A&z=auto
배문중고등학교,,469) 774-4421,
그린스 포인트 플로리스트,"11116 Airline Drive, Houston, TX 77037",281) 447-0969,https://maps.google.com/maps?f=d&source=s_d&saddr=&daddr=11116+Airline+Drive%2C+Houston%2C+TX+77037&z=16&iwloc=A&z=auto
사랑기도원 & 수양관,"2011 Carpenter Street, Corinth, TX 76208",469-261-9891 / 214-460-2457,https://maps.google.com/maps?f=d&source=s_d&saddr=&daddr=2011+Carpenter+Street%2C+Corinth%2C+TX+76208&z=16&iwloc=A&z=auto
디자인 레스큐 (Design Resque),"1980 Royal Ln. #550, Dallas, TX 75229",214) 476-4402,https://maps.google.com/maps?f=d&source=s_d&saddr=&daddr=1980+Royal+Ln.+%23550%2C+Dallas%2C+TX+75229&z=16&iwloc=A&z=auto
태런카운티 한인 교회협의회,"1864 Precinct Line Road, Hurst, TX 76054",817) 501-9191,https://maps.google.com/maps?f=d&source=s_d&saddr=&daddr=1864+Precinct+Line+Road%2C+Hurst%2C+TX+76054&z=16&iwloc=A&z=auto
업소록,"3320 k. Ave. #218-M110, Plano, TX 75074",214 218 7812 / 254) 698-1855 / 469) 321-7133 / 469) 831-8282 / 713) 679-3635 / 832.652.1999 / 469.697.6200 / 713) 467-3335 / 214) 984-9690 / 972) 446-1353 / 469) 288-6492,https://maps.google.com/maps?f=d&source=s_d&saddr=&daddr=3320+k.+Ave.+%23218-M110%2C+Plano%2C+TX+75074&z=16&iwloc=A&z=auto
Mr. Terry Gon,"3320 k. Ave. #218-M110, Plano, TX 75074",214 218 7812 / 254) 698-1855 / 469) 321-7133 / 469) 831-8282 / 713) 679-3635 / 832.652.1999 / 469.697.6200 / 713) 467-3335 / 214) 984-9690 / 972) 446-1353 / 469) 288-6492,https://maps.google.com/maps?f=d&source=s_d&saddr=&daddr=3320+k.+Ave.+%23218-M110%2C+Plano%2C+TX+75074&z=16&iwloc=A&z=auto
Mr. Terry Gon,"3320 k. Ave. #218-M110, Plano, TX 75074",214 218 7812,https://maps.google.com/maps?f=d&source=s_d&saddr=&daddr=3320+k.+Ave.+%23218-M110%2C+Plano%2C+TX+75074&z=16&iwloc=A&z=auto
숭실대학교,,469) 321-7133,
Sam's 건축,,469) 831-8282,
아이스하키협회,,713) 679-3635,
A1 정비 바디 자동차 매매구입,"11434 N. Stemmons Fwy #100, Dallas, Tx 75229",832.652.1999 / 469.697.6200,https://maps.google.com/maps?f=d&source=s_d&saddr=&daddr=11434+N.+Stemmons+Fwy+%23100%2C+Dallas%2C+Tx+75229&z=16&iwloc=A&z=auto
조이 스킨케어,"10026-B Long Point Road, Houston, TX 77055",713) 467-3335,https://maps.google.com/maps?f=d&source=s_d&saddr=&daddr=10026-B+Long+Point+Road%2C+Houston%2C+TX+77055&z=16&iwloc=A&z=auto
Affiliated Bank (제이정),,214) 984-9690,http://www.affiliatedbank.com
Sing Box 노래방 (Karaoke & Restaurant),"2625 Old Denton Rd. #526, Carrollton, TX 75007",972) 446-1353,https://maps.google.com/maps?f=d&source=s_d&saddr=&daddr=2625+Old+Denton+Rd.+%23526%2C+Carrollton%2C+TX+75007&z=16&iwloc=A&z=auto
장타전문,,469) 288-6492,
업소록,"2356 Glenda Lane. #A, Dallas, TX 75229",972) 241-1234 / 214) 454-4821 / 972) 790-4800 / 817) 875-2992 / 972-978-1464 / 972) 245-2665 / 888) 524-5114 / 972) 323-5000 / 469.626.0064 / 972) 437-0881,https://www.ibsfirst.com
I.B.S (International Building Service),"2356 Glenda Lane. #A, Dallas, TX 75229",972) 241-1234 / 214) 454-4821 / 972) 790-4800 / 817) 875-2992 / 972-978-1464 / 972) 245-2665 / 888) 524-5114 / 972) 323-5000 / 469.626.0064 / 972) 437-0881,https://www.ibsfirst.com
I.B.S (International Building Service),"2356 Glenda Lane. #A, Dallas, TX 75229",972) 241-1234,https://www.ibsfirst.com
[email protected],"2356 Glenda Lane. #A, Dallas, TX 75229",972) 241-1234,https://www.ibsfirst.com
노에비아 화장품,"1580 Mira Lago Blvd. #349, Plano, TX 75234",214) 454-4821,https://maps.google.com/maps?f=d&source=s_d&saddr=&daddr=1580+Mira+Lago+Blvd.+%23349%2C+Plano%2C+TX+75234&z=16&iwloc=A&z=auto
베스트 콩나물 식품,"1311 Luke Street, Irving, TX 75061",972) 790-4800,https://maps.google.com/maps?f=d&source=s_d&saddr=&daddr=1311+Luke+Street%2C+Irving%2C+TX+75061&z=16&iwloc=A&z=auto
NJ Technology LED,"3855 Frankford #102, Dallas, TX 75287",817) 875-2992,https://maps.google.com/maps?f=d&source=s_d&saddr=&daddr=3855+Frankford+%23102%2C+Dallas%2C+TX+75287&z=16&iwloc=A&z=auto
모던테크 헬스(MODERNTHCH HEALTH),"1908 Royal Lane, Suite 850, Dallas, TX 75229",972-978-1464,https://maps.google.com/maps?f=d&source=s_d&saddr=&daddr=1908+Royal+Lane%2C+Suite+850%2C+Dallas%2C+TX+75229&z=16&iwloc=A&z=auto
북나라 (Book Nara),"2625 Old Denton Rd. #328, Carrollton, TX 75007",972) 245-2665,https://maps.google.com/maps?f=d&source=s_d&saddr=&daddr=2625+Old+Denton+Rd.+%23328%2C+Carrollton%2C+TX+75007&z=16&iwloc=A&z=auto
[email protected],"2625 Old Denton Rd. #328, Carrollton, TX 75007",972) 245-2665,https://maps.google.com/maps?f=d&source=s_d&saddr=&daddr=2625+Old+Denton+Rd.+%23328%2C+Carrollton%2C+TX+75007&z=16&iwloc=A&z=auto
나노웰빙,,888) 524-5114,
또또와 치킨 (Tto Tto Wa Bistro),"2625 Old Denton Rd. #102, Carrollton, TX 75007",972) 323-5000,https://maps.google.com/maps?f=d&source=s_d&saddr=&daddr=2625+Old+Denton+Rd.+%23102%2C+Carrollton%2C+TX+75007&z=16&iwloc=A&z=auto
Expert Clip (엑스퍼트 클립),"1000 W. Rosemade Pkwy, Carrollton, TX 75007",469.626.0064,https://maps.google.com/maps?f=d&source=s_d&saddr=&daddr=1000+W.+Rosemade+Pkwy%2C+Carrollton%2C+TX+75007&z=16&iwloc=A&z=auto
King's Noodles,"201 S. Greenville Ave. #103, Richardson, TX 75081",972) 437-0881,https://maps.google.com/maps?f=d&source=s_d&saddr=&daddr=201+S.+Greenville+Ave.+%23103%2C+Richardson%2C+TX+75081&z=16&iwloc=A&z=auto
업소록,"15915 Katy Freeway #601, Houston, TX 77094",281) 944-4440 / 512) 945-7286 / 469) 626-0688 / 817) 635-4700 / 713) 789-9555 / 972) 446-6800 / 972) 478-0039 / 213-388-1234 / 713) 647-7500 / 832) 230-8590,https://maps.google.com/maps?f=d&source=s_d&saddr=&daddr=15915+Katy+Freeway+%23601%2C+Houston%2C+TX+77094&z=16&iwloc=A&z=auto
주식회사 현대,"15915 Katy Freeway #601, Houston, TX 77094",281) 944-4440 / 512) 945-7286 / 469) 626-0688 / 817) 635-4700 / 713) 789-9555 / 972) 446-6800 / 972) 478-0039 / 213-388-1234 / 713) 647-7500 / 832) 230-8590,https://maps.google.com/maps?f=d&source=s_d&saddr=&daddr=15915+Katy+Freeway+%23601%2C+Houston%2C+TX+77094&z=16&iwloc=A&z=auto
주식회사 현대,"15915 Katy Freeway #601, Houston, TX 77094",281) 944-4440,https://maps.google.com/maps?f=d&source=s_d&saddr=&daddr=15915+Katy+Freeway+%23601%2C+Houston%2C+TX+77094&z=16&iwloc=A&z=auto
어스틴 한인회,"11813 N.Lamar Blvd Austin, TX 78753",512) 945-7286,https://maps.google.com/maps?f=d&source=s_d&saddr=&daddr=11813+N.Lamar+Blvd+Austin%2C+TX+78753&z=16&iwloc=A&z=auto
JT 5 Restaurants Hot Pot & Grill,"111 W. Spring Creek Pkwy. #148, Plano, TX 75023",469) 626-0688,https://www.jt5restaurant.com
"(Sun-Thu) 11:00am ~ 10:00pm, (Fri-Sat) 11:00am ~ 11:00pm","111 W. Spring Creek Pkwy. #148, Plano, TX 75023",469) 626-0688,https://www.jt5restaurant.com
SAM MOON (Arlington),"1112 W Arbrook Blvd., Arlington, TX 76015",817) 635-4700,http://www.sammoongroup.com
"(Mon-Thu) 9:30am ~ 7:00pm, (Fri-Sat) 9:30am ~ 8:00pm, (Sun) 12:00pm ~ 6:00pm","1112 W Arbrook Blvd., Arlington, TX 76015",817) 635-4700,http://www.sammoongroup.com
TJ 트레이딩,"9889 Harwin Dr. #502, Houston, TX 77036",713) 789-9555,https://maps.google.com/maps?f=d&source=s_d&saddr=&daddr=9889+Harwin+Dr.+%23502%2C+Houston%2C+TX+77036&z=16&iwloc=A&z=auto
SPA Castle (스파캐슬),http://tx.spacastleusa.com,972) 446-6800,http://tx.spacastleusa.com
Open 24 hours a day,http://tx.spacastleusa.com,972) 446-6800,http://tx.spacastleusa.com
해피월드 재정보험 (HAPPY WORLD FINANCIAL INSURANCE INC),"2701 Old Denton Rd. #255, Carrollton, TX 75007(H-mart Mall옆)",972) 478-0039,http://www.happyworldgroup.com
[email protected],"2701 Old Denton Rd. #255, Carrollton, TX 75007(H-mart Mall옆)",972) 478-0039,http://www.happyworldgroup.com
심마니 장석훈의 천종산삼,"2717 W. Olympic Blvd. #103 LA, CA 90006",213-388-1234,https://www.chunjongsansam.com/
우리 치과,"8126-A Long Point Road, Houston, TX 77055",713) 647-7500,https://maps.google.com/maps?f=d&source=s_d&saddr=&daddr=8126-A+Long+Point+Road%2C+Houston%2C+TX+77055&z=16&iwloc=A&z=auto
l 치과,"14520 Memorial Dr. #N, Houston, TX 77079",832) 230-8590,https://maps.google.com/maps?f=d&source=s_d&saddr=&daddr=14520+Memorial+Dr.+%23N%2C+Houston%2C+TX+77079&z=16&iwloc=A&z=auto
업소록,"2625 Old Denton Rd. #500A, Carrollton, TX 75007",214) 549-3733 / 469) 467-0005 / 972) 620-7507 / 972) 620-0080 / 817) 741-4567 / 713) 952-8989 / 469) 994-3808 / 469) 742-3035 / 479) 263-5435 / 479) 595-1086 / 248) 345-3243,https://maps.google.com/maps?f=d&source=s_d&saddr=&daddr=2625+Old+Denton+Rd.+%23500A%2C+Carrollton%2C+TX+75007&z=16&iwloc=A&z=auto
그린 테라피 (Green Therapy LLC),"2625 Old Denton Rd. #500A, Carrollton, TX 75007",214) 549-3733 / 469) 467-0005 / 972) 620-7507 / 972) 620-0080 / 817) 741-4567 / 713) 952-8989 / 469) 994-3808 / 469) 742-3035 / 479) 263-5435 / 479) 595-1086 / 248) 345-3243,https://maps.google.com/maps?f=d&source=s_d&saddr=&daddr=2625+Old+Denton+Rd.+%23500A%2C+Carrollton%2C+TX+75007&z=16&iwloc=A&z=auto
그린 테라피 (Green Therapy LLC),"2625 Old Denton Rd. #500A, Carrollton, TX 75007",214) 549-3733,https://maps.google.com/maps?f=d&source=s_d&saddr=&daddr=2625+Old+Denton+Rd.+%23500A%2C+Carrollton%2C+TX+75007&z=16&iwloc=A&z=auto
[email protected],"2625 Old Denton Rd. #500A, Carrollton, TX 75007",214) 549-3733,https://maps.google.com/maps?f=d&source=s_d&saddr=&daddr=2625+Old+Denton+Rd.+%23500A%2C+Carrollton%2C+TX+75007&z=16&iwloc=A&z=auto
헤어뱅크 (Hair Bank),"621 W. Plano Pkwy. #241, Plano, TX 75075",469) 467-0005,https://maps.google.com/maps?f=d&source=s_d&saddr=&daddr=621+W.+Plano+Pkwy.+%23241%2C+Plano%2C+TX+75075&z=16&iwloc=A&z=auto
단국대학교,,972) 620-7507,
장혜영 CPA,"11536 Harry Hines Blvd. #215, Dallas, TX 75229",972) 620-0080,https://maps.google.com/maps?f=d&source=s_d&saddr=&daddr=11536+Harry+Hines+Blvd.+%23215%2C+Dallas%2C+TX+75229&z=16&iwloc=A&z=auto
EQ Dental,"3529 Heritage Pkwy, Suite 171 Keller, TX 76244",817) 741-4567,http://www.eqdental.net
[email protected],"3529 Heritage Pkwy, Suite 171 Keller, TX 76244",817) 741-4567,http://www.eqdental.net
최인섭 보험,"1240 Blalock Rd. #120, Houston, TX 77055",713) 952-8989,https://maps.google.com/maps?f=d&source=s_d&saddr=&daddr=1240+Blalock+Rd.+%23120%2C+Houston%2C+TX+77055&z=16&iwloc=A&z=auto
켈리 (Kelly) 부동산,,469) 994-3808,
[email protected],,469) 994-3808,
뉴욕라이프 (임태연),,469) 742-3035,
알칸사 한인연합감리교회,"1021 W Sycamore St., Fayetteville, AR 72703",479) 263-5435 / 479) 595-1086,http://arkmumc.org
김형섭 융자 Prime Lending,,248) 345-3243,https://maps.google.com/maps?f=d&source=s_d&saddr=&daddr=2075+W.+Big+Beaver+Rd+%23400+Troy%2C+Mi+48084&z=16&iwloc=A&z=auto
[email protected],,248) 345-3243,https://maps.google.com/maps?f=d&source=s_d&saddr=&daddr=2075+W.+Big+Beaver+Rd+%23400+Troy%2C+Mi+48084&z=16&iwloc=A&z=auto
업소록,"1235 Josey Ln. #512, Carrollton, TX 75006",972) 245-6663 / 713) 270-7200 / 972) 238-1111 / 972-395-8650 / 254) 681-4989 / 469) 420-9244 / 713) 782-5283 / 713) 294-1128 / 877) 996-3688 / 214) 701-7411,http://www.ezqinsurance.com
EZQ Insurance,"1235 Josey Ln. #512, Carrollton, TX 75006",972) 245-6663 / 713) 270-7200 / 972) 238-1111 / 972-395-8650 / 254) 681-4989 / 469) 420-9244 / 713) 782-5283 / 713) 294-1128 / 877) 996-3688 / 214) 701-7411,http://www.ezqinsurance.com
EZQ Insurance,"1235 Josey Ln. #512, Carrollton, TX 75006",972) 245-6663,http://www.ezqinsurance.com
[email protected],"1235 Josey Ln. #512, Carrollton, TX 75006",972) 245-6663,http://www.ezqinsurance.com
김영일 내과,"12121 Richmond Ave. #101, Houston, TX 77082",713) 270-7200,https://maps.google.com/maps?f=d&source=s_d&saddr=&daddr=12121+Richmond+Ave.+%23101%2C+Houston%2C+TX+77082&z=16&iwloc=A&z=auto
JH Roofing,"516 W. Arapho #110, Richardson, TX 75080",972) 238-1111,https://www.jh-roofing.com
[email protected],"516 W. Arapho #110, Richardson, TX 75080",972) 238-1111,https://www.jh-roofing.com
ML beauty Academy,"3730 N Josey Ln, Suite 109 Carrollton Tx 75007",972-395-8650,https://www.mlbeautyacademy.com
[email protected],"3730 N Josey Ln, Suite 109 Carrollton Tx 75007",972-395-8650,https://www.mlbeautyacademy.com
킬린 한국학교 (Killeen Korean School),"1910 Herndon Dr Killeen, Texas",254) 681-4989,https://www.facebook.com/killeenkoreanschool/
[email protected],"1910 Herndon Dr Killeen, Texas",254) 681-4989,https://www.facebook.com/killeenkoreanschool/
원만 한의원,"1908 Royal Ln., #500, Dallas, TX 75229",469) 420-9244,https://maps.google.com/maps?f=d&source=s_d&saddr=&daddr=1908+Royal+Ln.%2C+%23500%2C+Dallas%2C+TX+75229&z=16&iwloc=A&z=auto
유미 스킨케어,"10650 Westheimer, Houston, TX 77042",713) 782-5283,https://maps.google.com/maps?f=d&source=s_d&saddr=&daddr=10650+Westheimer%2C+Houston%2C+TX+77042&z=16&iwloc=A&z=auto
한미 시민권자 협회,"2503 Talina Way, Houston, TX 77080",713) 294-1128,https://maps.google.com/maps?f=d&source=s_d&saddr=&daddr=2503+Talina+Way%2C+Houston%2C+TX+77080&z=16&iwloc=A&z=auto
"Voko Communication, Inc.","2828 W. Rarker Rd. #103, Plano, TX 75075",877) 996-3688,https://www.vokophone.com
메트로 부동산,"2964 Lyndon B Johnson Fwy. #400, Dallas, TX 75234",214) 701-7411,https://www.metrorealtydfw.com
업소록,"2727 LBJ Frwy, suite 210, Dallas, TX 75234",972) 243-9888 / 214) 277-2330 / 713) 541-3100 / 972) 424-5415 / 972) 998-8500 / 254) 526-3993 / 214.799.9030 / 972) 876-0767 / 469) 258-8839 / 972) 620-0580 / 972) 243-1969 / 972) 238-5555,http://www.gograceloans.com
은혜상업융자 (Grace Invest & Loan),"2727 LBJ Frwy, suite 210, Dallas, TX 75234",972) 243-9888 / 214) 277-2330 / 713) 541-3100 / 972) 424-5415 / 972) 998-8500 / 254) 526-3993 / 214.799.9030 / 972) 876-0767 / 469) 258-8839 / 972) 620-0580 / 972) 243-1969 / 972) 238-5555,http://www.gograceloans.com
은혜상업융자 (Grace Invest & Loan),"2727 LBJ Frwy, suite 210, Dallas, TX 75234",972) 243-9888 / 214) 277-2330,http://www.gograceloans.com
[email protected],"2727 LBJ Frwy, suite 210, Dallas, TX 75234",972) 243-9888 / 214) 277-2330,http://www.gograceloans.com
마스터 법정 통역,,713) 541-3100,http://www.thekoreaninterpreter.com
[email protected],,713) 541-3100,http://www.thekoreaninterpreter.com
삼성 TV 수리,"1100 Professional Dr #130, Plano, TX 75074",972) 424-5415,https://maps.google.com/maps?f=d&source=s_d&saddr=&daddr=1100+Professional+Dr+%23130%2C+Plano%2C+TX+75074&z=16&iwloc=A&z=auto
유니버시티 파크 클리닉 (경락&지압) (UNIVERSITY PARK THERAPY CLINIC),"11029 Shady Trail #110, Dallas, TX 75229",972) 998-8500,https://maps.google.com/maps?f=d&source=s_d&saddr=&daddr=11029+Shady+Trail+%23110%2C+Dallas%2C+TX+75229&z=16&iwloc=A&z=auto
성누가연합감리교회 (St. Luke United Methodist Church),"102 E. Church Avenue, Killeen, TX 76541",254) 526-3993,http://umcstluke.org
"어스틴 연스 냉동, 에어컨","10825 N. Lamar Blvd. #B. Austin, TX 78753",214.799.9030,https://maps.google.com/maps?f=d&source=s_d&saddr=&daddr=10825+N.+Lamar+Blvd.+%23B.+Austin%2C+TX+78753&z=16&iwloc=A&z=auto
Money Land,"141 W. Spring Creek Pkwy. #437-441, Plano, TX 75023",972) 876-0767 / 469) 258-8839,https://www.moneylandusa.com
[email protected],"141 W. Spring Creek Pkwy. #437-441, Plano, TX 75023",972) 876-0767 / 469) 258-8839,https://www.moneylandusa.com
한미 종합보험,"2828 Forest Ln. #1125, Dallas, TX 75234",972) 620-0580,https://maps.google.com/maps?f=d&source=s_d&saddr=&daddr=2828+Forest+Ln.+%231125%2C+Dallas%2C+TX+75234&z=16&iwloc=A&z=auto
[email protected],"2828 Forest Ln. #1125, Dallas, TX 75234",972) 620-0580,https://maps.google.com/maps?f=d&source=s_d&saddr=&daddr=2828+Forest+Ln.+%231125%2C+Dallas%2C+TX+75234&z=16&iwloc=A&z=auto
동양이발관 (Dong Yang Barber Shop),"2240 Royal Ln. #105, Dallas, TX 75229 (달라스 코마트 옆)",972) 243-1969,https://maps.google.com/maps?f=d&source=s_d&saddr=&daddr=2240+Royal+Ln.+%23105%2C+Dallas%2C+TX+75229+%28%EB%8B%AC%EB%9D%BC%EC%8A%A4+%EC%BD%94%EB%A7%88%ED%8A%B8+%EC%98%86%29&z=16&iwloc=A&z=auto
Spring Smile Dental (김태희 치과) 리차슨,"179 N.Plano Road #100, Richardson, TX 75081",972) 238-5555,https://maps.google.com/maps?f=d&source=s_d&saddr=&daddr=179+N.Plano+Road+%23100%2C+Richardson%2C+TX+75081&z=16&iwloc=A&z=auto
업소록,"2013 Blalock Rd., Houston, TX 77080",832) 367-8091 / 405) 736-1065 / 972) 255-4010 / 972) 247-5353 / 713) 784-8580 / 817) 263-3600 / 888) 321-5254 / 832) 283-7724 / 972) 620-0025 / 832) 661-8870 / 832) 212-3339 / 713) 577-9775,https://maps.google.com/maps?f=d&source=s_d&saddr=&daddr=2013+Blalock+Rd.%2C+Houston%2C+TX+77080&z=16&iwloc=A&z=auto
김구자 한국 무용단,"2013 Blalock Rd., Houston, TX 77080",832) 367-8091 / 405) 736-1065 / 972) 255-4010 / 972) 247-5353 / 713) 784-8580 / 817) 263-3600 / 888) 321-5254 / 832) 283-7724 / 972) 620-0025 / 832) 661-8870 / 832) 212-3339 / 713) 577-9775,https://maps.google.com/maps?f=d&source=s_d&saddr=&daddr=2013+Blalock+Rd.%2C+Houston%2C+TX+77080&z=16&iwloc=A&z=auto
김구자 한국 무용단,"2013 Blalock Rd., Houston, TX 77080",832) 367-8091,https://maps.google.com/maps?f=d&source=s_d&saddr=&daddr=2013+Blalock+Rd.%2C+Houston%2C+TX+77080&z=16&iwloc=A&z=auto
영스 양복점,"1817 S. Air Depot Boulevard, Midwest City, OK 73110",405) 736-1065,https://maps.google.com/maps?f=d&source=s_d&saddr=&daddr=1817+S.+Air+Depot+Boulevard%2C+Midwest+City%2C+OK+73110&z=16&iwloc=A&z=auto
G.Q. Shoes Repair,"3650 N. Beltline Road, Irving, TX 75062",972) 255-4010,https://maps.google.com/maps?f=d&source=s_d&saddr=&daddr=3650+N.+Beltline+Road%2C+Irving%2C+TX+75062&z=16&iwloc=A&z=auto
Sign Mall,"2529 Royal Ln. #200, Dallas, TX 75229",972) 247-5353,https://maps.google.com/maps?f=d&source=s_d&saddr=&daddr=2529+Royal+Ln.+%23200%2C+Dallas%2C+TX+75229&z=16&iwloc=A&z=auto
앤 트레이딩,"6740 Harwin Dr. #D, Houston, TX 77036",713) 784-8580,https://maps.google.com/maps?f=d&source=s_d&saddr=&daddr=6740+Harwin+Dr.+%23D%2C+Houston%2C+TX+77036&z=16&iwloc=A&z=auto
벤츠 BENZ (Park Place Benz),"5601 Bryant Irvin Road, Fort Worth, TX 76132",817) 263-3600 / 888) 321-5254,https://www.parkplacetexas.com
"(Mon-Fri) 8:30am ~ 7:30pm, (Sat) 9:00am ~ 6:00pm","5601 Bryant Irvin Road, Fort Worth, TX 76132",817) 263-3600 / 888) 321-5254,https://www.parkplacetexas.com
이브 옷가게,"1302 Blalock Road, Houston, TX 77024",832) 283-7724,https://maps.google.com/maps?f=d&source=s_d&saddr=&daddr=1302+Blalock+Road%2C+Houston%2C+TX+77024&z=16&iwloc=A&z=auto
Fashion Beyong,"11433 Harry Hines Boulevard, Dallas, TX 75229",972) 620-0025,https://maps.google.com/maps?f=d&source=s_d&saddr=&daddr=11433+Harry+Hines+Boulevard%2C+Dallas%2C+TX+75229&z=16&iwloc=A&z=auto
빛사랑 우드랜드 교회,"4881 West Panther Creek Dr. The Woodlands, TX 77381",832) 661-8870 / 832) 212-3339,http://bswchurch.org
[email protected],"4881 West Panther Creek Dr. The Woodlands, TX 77381",832) 661-8870 / 832) 212-3339,http://bswchurch.org
고려당,"1304-G Blalock Road, Houston, TX 77055",713) 577-9775,https://maps.google.com/maps?f=d&source=s_d&saddr=&daddr=1304-G+Blalock+Road%2C+Houston%2C+TX+77055&z=16&iwloc=A&z=auto
업소록,"2527 Royal Ln. #155, Dallas, TX 75229",972) 488-5610 / 254) 526-8585 / 888 652 4628 / 210) 325-1667 / 972) 245-4059 / 972) 494-5722 / 972) 566-7000 / 501) 666-3800 / 512) 402-1558 / 832) 472-0057,http://www.eastwestbank.com
East West Bank (해리하인즈점),"2527 Royal Ln. #155, Dallas, TX 75229",972) 488-5610 / 254) 526-8585 / 888 652 4628 / 210) 325-1667 / 972) 245-4059 / 972) 494-5722 / 972) 566-7000 / 501) 666-3800 / 512) 402-1558 / 832) 472-0057,http://www.eastwestbank.com
East West Bank (해리하인즈점),"2527 Royal Ln. #155, Dallas, TX 75229",972) 488-5610,http://www.eastwestbank.com
영 미용실,"309 N. 10th St. #101, Killeen, TX 76541",254) 526-8585,https://maps.google.com/maps?f=d&source=s_d&saddr=&daddr=309+N.+10th+St.+%23101%2C+Killeen%2C+TX+76541&z=16&iwloc=A&z=auto
Choctaw Casino & Resort,"4216 S. Hwy 69/75 Durant, OK 74701",888 652 4628,https://maps.google.com/maps?f=d&source=s_d&saddr=&daddr=4216+S.+Hwy+69%2F75+Durant%2C+OK+74701&z=16&iwloc=A&z=auto
샌안토니오 볼링협회,,210) 325-1667,
드림음악학원 (Dream Music studio),"2625 Old Denton Rd #454, Carrollton, TX 75007",972) 245-4059,https://maps.google.com/maps?f=d&source=s_d&saddr=&daddr=2625+Old+Denton+Rd+%23454%2C+Carrollton%2C+TX+75007&z=16&iwloc=A&z=auto
Touch of Class Hair Design,"3233 Forest Ln. #3235, Garland, TX 75042",972) 494-5722,https://maps.google.com/maps?f=d&source=s_d&saddr=&daddr=3233+Forest+Ln.+%233235%2C+Garland%2C+TX+75042&z=16&iwloc=A&z=auto
메디칼 시티 달라스 병원 (Medical City Dallas Hospital),"7777 Forest Lane, Dallas, TX 75230",972) 566-7000,http://www.medicalcityhospital.com
골든 뷰티,"2901 W. 12th Street, Little Rock, AR 72204",501) 666-3800,https://maps.google.com/maps?f=d&source=s_d&saddr=&daddr=2901+W.+12th+Street%2C+Little+Rock%2C+AR+72204&z=16&iwloc=A&z=auto
Falconhead Golf Club,"15201 Falconhead Boulevard, Austin, TX 78738",512) 402-1558,http://www.falconheadaustin.com
임마누엘 선교교회,"9725 Spencer Hwy, La porte, TX 77571",832) 472-0057,https://maps.google.com/maps?f=d&source=s_d&saddr=&daddr=9725+Spencer+Hwy%2C+La+porte%2C+TX+77571&z=16&iwloc=A&z=auto
업소록,"2145 N. Josey Ln #104, Carrollton, TX 75006",214) 801-5782 / 972) 386-5455 / 469) 647-3877 / 713-826-7048 / 214) 803-8281 / 713) 781-0373 / 972) 398-1790 / 972) 245-6857 / 713) 395-8822 / 713) 468-6363,https://maps.google.com/maps?f=d&source=s_d&saddr=&daddr=2145+N.+Josey+Ln+%23104%2C+Carrollton%2C+TX+75006&z=16&iwloc=A&z=auto
Moon Skin Care,"2145 N. Josey Ln #104, Carrollton, TX 75006",214) 801-5782 / 972) 386-5455 / 469) 647-3877 / 713-826-7048 / 214) 803-8281 / 713) 781-0373 / 972) 398-1790 / 972) 245-6857 / 713) 395-8822 / 713) 468-6363,https://maps.google.com/maps?f=d&source=s_d&saddr=&daddr=2145+N.+Josey+Ln+%23104%2C+Carrollton%2C+TX+75006&z=16&iwloc=A&z=auto
Moon Skin Care,"2145 N. Josey Ln #104, Carrollton, TX 75006",214) 801-5782,https://maps.google.com/maps?f=d&source=s_d&saddr=&daddr=2145+N.+Josey+Ln+%23104%2C+Carrollton%2C+TX+75006&z=16&iwloc=A&z=auto
[email protected],"2145 N. Josey Ln #104, Carrollton, TX 75006",214) 801-5782,https://maps.google.com/maps?f=d&source=s_d&saddr=&daddr=2145+N.+Josey+Ln+%23104%2C+Carrollton%2C+TX+75006&z=16&iwloc=A&z=auto
American Spirits Beverage Co.,"14821 Inwood Rd., Addison, TX 75001",972) 386-5455,https://maps.google.com/maps?f=d&source=s_d&saddr=&daddr=14821+Inwood+Rd.%2C+Addison%2C+TX+75001&z=16&iwloc=A&z=auto
Nishimoto Trading Co. LTD,"3700 W Royal Ln #120 Irving, Texas 75063",469) 647-3877,https://maps.google.com/maps?f=d&source=s_d&saddr=&daddr=3700+W+Royal+Ln+%23120+Irving%2C+Texas+75063&z=16&iwloc=A&z=auto
nishimototrading.com,"3700 W Royal Ln #120 Irving, Texas 75063",469) 647-3877,https://maps.google.com/maps?f=d&source=s_d&saddr=&daddr=3700+W+Royal+Ln+%23120+Irving%2C+Texas+75063&z=16&iwloc=A&z=auto
베스트전기,,713-826-7048,
시온오토 (SEEON AUTO BODY),"11054 Shady Trail Suite 301, Dallas, TX 75229",214) 803-8281,WWW.SEEONAUTO.COM
"(Mon-Fri) 9:30-18:30, (Sat)appointment only (Sun) Closed","11054 Shady Trail Suite 301, Dallas, TX 75229",214) 803-8281,WWW.SEEONAUTO.COM
J&H 트레이딩,"6802 Harwin Drive, Houston, TX 77036",713) 781-0373,https://maps.google.com/maps?f=d&source=s_d&saddr=&daddr=6802+Harwin+Drive%2C+Houston%2C+TX+77036&z=16&iwloc=A&z=auto
Sushi SAKANA,"3000 Custer Rd #110, Plano, TX 75075",972) 398-1790,https://www.sushisakanatx.com
"Mon-Thur 11am-10pm, Fri-Sat 11am-11pm, Sun 12pm-10pm","3000 Custer Rd #110, Plano, TX 75075",972) 398-1790,https://www.sushisakanatx.com
애견카페 러브앤퍼즈,"2701 Old Denton Rd. #102, Carrollton, TX 75007",972) 245-6857,https://www.Lovenpaws.com
한미은행 힐크로프트 (Hanmi Bank),"5910 Hilcroft Street, Houston, TX 77036",713) 395-8822,http://www.hanmi.com
"(Mon-Fri) 9:00am ~ 5:00pm, (Sat) 9:00am ~ 12:00pm","5910 Hilcroft Street, Houston, TX 77036",713) 395-8822,http://www.hanmi.com
박종희 보험,"1657 N. Gessner, Houston, TX 77080",713) 468-6363,https://maps.google.com/maps?f=d&source=s_d&saddr=&daddr=1657+N.+Gessner%2C+Houston%2C+TX+77080&z=16&iwloc=A&z=auto
업소록,"4115 Eisenhauer Road, San Antonio, TX 78218",210) 657-3057 / 972) 438-4969 / 832) 890-6421 / 214) 998-9187 / 512) 382-9686 / 832) 798-5799 / 214) 366-4277 / 214) 546-7901 / 713) 777-9889 / 214-731-6909 / 972) 241-1440,https://www.facebook.com/fkpcsa/?ref=page_internal
제일한인장로교회,"4115 Eisenhauer Road, San Antonio, TX 78218",210) 657-3057 / 972) 438-4969 / 832) 890-6421 / 214) 998-9187 / 512) 382-9686 / 832) 798-5799 / 214) 366-4277 / 214) 546-7901 / 713) 777-9889 / 214-731-6909 / 972) 241-1440,https://www.facebook.com/fkpcsa/?ref=page_internal
제일한인장로교회,"4115 Eisenhauer Road, San Antonio, TX 78218",210) 657-3057,https://www.facebook.com/fkpcsa/?ref=page_internal
[email protected],"4115 Eisenhauer Road, San Antonio, TX 78218",210) 657-3057,https://www.facebook.com/fkpcsa/?ref=page_internal
제일 종합정비 & 바디,"1101 N. Britain Road, Irving, TX 75061",972) 438-4969,https://maps.google.com/maps?f=d&source=s_d&saddr=&daddr=1101+N.+Britain+Road%2C+Irving%2C+TX+75061&z=16&iwloc=A&z=auto
한인택시,,832) 890-6421,
기타 개인레슨,,214) 998-9187,
어스틴 삼문센터,"10515 N. Mopac Expressway, Austin, TX 78759",512) 382-9686,https://maps.google.com/maps?f=d&source=s_d&saddr=&daddr=10515+N.+Mopac+Expressway%2C+Austin%2C+TX+78759&z=16&iwloc=A&z=auto
Green IDR 건축,,832) 798-5799,
써니 서플라이 (Sunny Janitorial & Food Service Supply),"2829 Blystone Lane, Dallas, TX 75220",214) 366-4277 / 214) 546-7901,http://www.sunnysupplies.net
"(Mon-Fri) 9:00am ~ 6:00pm, (Sat) 11:00am ~ 5:00pm","2829 Blystone Lane, Dallas, TX 75220",214) 366-4277 / 214) 546-7901,http://www.sunnysupplies.net
두부촌,"9889 Bellaire Blvd. #303, Houston, TX 77036",713) 777-9889,https://maps.google.com/maps?f=d&source=s_d&saddr=&daddr=9889+Bellaire+Blvd.+%23303%2C+Houston%2C+TX+77036&z=16&iwloc=A&z=auto
텍산 왕반찬,1012 MacArthur Dr. #120 Carrollton TX 75007,214-731-6909,https://maps.google.com/maps?f=d&source=s_d&saddr=&daddr=1012+MacArthur+Dr.+%23120+Carrollton+TX+75007&z=16&iwloc=A&z=auto
Map C,"2240 Royal Ln. #305, Dallas, TX 75229",972) 241-1440,https://maps.google.com/maps?f=d&source=s_d&saddr=&daddr=2240+Royal+Ln.+%23305%2C+Dallas%2C+TX+75229&z=16&iwloc=A&z=auto
업소록,"10001 Long Point Rd. #G, Houston, TX 77055",281) 777-1079 / 972) 242-4242 / 213) 215-7492 / 254) 526-4447 / 703-517-8400 / 214) 351-0711 / 214) 287-0904 / 512) 791-5017 / 972) 245-6596 / 817) 657-4559 / 214) 718-7524,https://maps.google.com/maps?f=d&source=s_d&saddr=&daddr=10001+Long+Point+Rd.+%23G%2C+Houston%2C+TX+77055&z=16&iwloc=A&z=auto
백향목 가전제품 천국,"10001 Long Point Rd. #G, Houston, TX 77055",281) 777-1079 / 972) 242-4242 / 213) 215-7492 / 254) 526-4447 / 703-517-8400 / 214) 351-0711 / 214) 287-0904 / 512) 791-5017 / 972) 245-6596 / 817) 657-4559 / 214) 718-7524,https://maps.google.com/maps?f=d&source=s_d&saddr=&daddr=10001+Long+Point+Rd.+%23G%2C+Houston%2C+TX+77055&z=16&iwloc=A&z=auto
백향목 가전제품 천국,"10001 Long Point Rd. #G, Houston, TX 77055",281) 777-1079,https://maps.google.com/maps?f=d&source=s_d&saddr=&daddr=10001+Long+Point+Rd.+%23G%2C+Houston%2C+TX+77055&z=16&iwloc=A&z=auto
도샤 (DOSHA COSMETICS & SKIN CARE),"2625 Old Denton Rd. #411, Carrollton, TX 75007",972) 242-4242 / 213) 215-7492,https://maps.google.com/maps?f=d&source=s_d&saddr=&daddr=2625+Old+Denton+Rd.+%23411%2C+Carrollton%2C+TX+75007&z=16&iwloc=A&z=auto
(Mon-Sat) 9:00am ~ 7:00pm,"2625 Old Denton Rd. #411, Carrollton, TX 75007",972) 242-4242 / 213) 215-7492,https://maps.google.com/maps?f=d&source=s_d&saddr=&daddr=2625+Old+Denton+Rd.+%23411%2C+Carrollton%2C+TX+75007&z=16&iwloc=A&z=auto
Farmers 조석원/PAUL 보험,"311 North 8th Street, Killeen, TX 76541",254) 526-4447,https://maps.google.com/maps?f=d&source=s_d&saddr=&daddr=311+North+8th+Street%2C+Killeen%2C+TX+76541&z=16&iwloc=A&z=auto
리빙스톤 아카데미,,703-517-8400,https://maps.google.com/maps?f=d&source=s_d&saddr=&daddr=11325+Random+Hills+Rd.+Suite+360-A185+Fairfax%2C+VA+22030&z=16&iwloc=A&z=auto
[email protected],,703-517-8400,https://maps.google.com/maps?f=d&source=s_d&saddr=&daddr=11325+Random+Hills+Rd.+Suite+360-A185+Fairfax%2C+VA+22030&z=16&iwloc=A&z=auto
아자아자,"2851 Walnut Hill Lane, Dallas, TX 75229",214) 351-0711,https://maps.google.com/maps?f=d&source=s_d&saddr=&daddr=2851+Walnut+Hill+Lane%2C+Dallas%2C+TX+75229&z=16&iwloc=A&z=auto
벧엘교회,"14008 Distribution Way, Farmers Branch, TX 75234",214) 287-0904,https://maps.google.com/maps?f=d&source=s_d&saddr=&daddr=14008+Distribution+Way%2C+Farmers+Branch%2C+TX+75234&z=16&iwloc=A&z=auto
어스틴 부녀회,,512) 791-5017,
홍콩반점 - 백종원 (Paik's Noodle),"2625 Old Denton Rd. #306, Carrollton, TX 75007",972) 245-6596,https://maps.google.com/maps?f=d&source=s_d&saddr=&daddr=2625+Old+Denton+Rd.+%23306%2C+Carrollton%2C+TX+75007&z=16&iwloc=A&z=auto
우리만나교회,"5301 Davis Blvd., North Richland Hills, TX 76180",817) 657-4559,https://www.facebook.com/ourmannaumc
DFW 테사모 (테니스),,214) 718-7524,
업소록,"2400 N. Josey Lane, Carrollton, TX 75006",214) 629-3066 / 817) 303-8000 / 469) 814-8128 / 214) 770-9254 / 469) 519-7814 / 972) 986-2000 / 469) 522-1004 / 972) 919-9777 / 832) 725-3880 / 972) 484-0707,https://maps.google.com/maps?f=d&source=s_d&saddr=&daddr=2400+N.+Josey+Lane%2C+Carrollton%2C+TX+75006&z=16&iwloc=A&z=auto
David Christian School,"2400 N. Josey Lane, Carrollton, TX 75006",214) 629-3066 / 817) 303-8000 / 469) 814-8128 / 214) 770-9254 / 469) 519-7814 / 972) 986-2000 / 469) 522-1004 / 972) 919-9777 / 832) 725-3880 / 972) 484-0707,https://maps.google.com/maps?f=d&source=s_d&saddr=&daddr=2400+N.+Josey+Lane%2C+Carrollton%2C+TX+75006&z=16&iwloc=A&z=auto
David Christian School,"2400 N. Josey Lane, Carrollton, TX 75006",214) 629-3066,https://maps.google.com/maps?f=d&source=s_d&saddr=&daddr=2400+N.+Josey+Lane%2C+Carrollton%2C+TX+75006&z=16&iwloc=A&z=auto
NINA Beauty Supply,,817) 303-8000,
달라스 방주 교회,"517 E. Sandy Lake Road, Coppell, TX 75019",469) 814-8128,https://maps.google.com/maps?f=d&source=s_d&saddr=&daddr=517+E.+Sandy+Lake+Road%2C+Coppell%2C+TX+75019&z=16&iwloc=A&z=auto
공인법정통역,,214) 770-9254,
이지현 변호사,"1333 W. McDermott Dr. #200, Allen, TX 75013",469) 519-7814,http://www.acleelaw.com
"Chemolee Lab, Inc","3820 Conflans Road, Irving, TX 75061",972) 986-2000,http://www.chemolee.com
바른척추 신경병원,"2000 Royal Ln. #105 , Dallas, TX 75229",469) 522-1004,https://ko-kr.facebook.com/chirohwang
[email protected],"2000 Royal Ln. #105 , Dallas, TX 75229",469) 522-1004,https://ko-kr.facebook.com/chirohwang
Homeline Imports Corp,"11180 Harry Hines Blvd. #101, Dallas, TX 75229",972) 919-9777,https://maps.google.com/maps?f=d&source=s_d&saddr=&daddr=11180+Harry+Hines+Blvd.+%23101%2C+Dallas%2C+TX+75229&z=16&iwloc=A&z=auto
휴스턴 순복음 사랑교회,"1241 Blalock Road, Houston, TX 77055",832) 725-3880,https://maps.google.com/maps?f=d&source=s_d&saddr=&daddr=1241+Blalock+Road%2C+Houston%2C+TX+77055&z=16&iwloc=A&z=auto
Dallas Beauty Supply,"2531 Royal Ln. #420, Dallas, TX 75229",972) 484-0707,https://maps.google.com/maps?f=d&source=s_d&saddr=&daddr=2531+Royal+Ln.+%23420%2C+Dallas%2C+TX+75229&z=16&iwloc=A&z=auto
업소록,"9715 Bellaire Blvd., Houston, TX 77036",713) 988-2088 / 214) 904-9888 / 214-308-8576 / 214-600-6329 / 214) 207-9151 / 972) 217-3278 / 713) 461-1207 / 972) 488-9292 / 972) 697-1651 / 972) 238-8005 / 469.777.2856 / 713) 463-5957,https://maps.google.com/maps?f=d&source=s_d&saddr=&daddr=9715+Bellaire+Blvd.%2C+Houston%2C+TX+77036&z=16&iwloc=A&z=auto
아리랑,"9715 Bellaire Blvd., Houston, TX 77036",713) 988-2088 / 214) 904-9888 / 214-308-8576 / 214-600-6329 / 214) 207-9151 / 972) 217-3278 / 713) 461-1207 / 972) 488-9292 / 972) 697-1651 / 972) 238-8005 / 469.777.2856 / 713) 463-5957,https://maps.google.com/maps?f=d&source=s_d&saddr=&daddr=9715+Bellaire+Blvd.%2C+Houston%2C+TX+77036&z=16&iwloc=A&z=auto
아리랑,"9715 Bellaire Blvd., Houston, TX 77036",713) 988-2088,https://maps.google.com/maps?f=d&source=s_d&saddr=&daddr=9715+Bellaire+Blvd.%2C+Houston%2C+TX+77036&z=16&iwloc=A&z=auto
달라스 한인 기독교 교회 협의회 (The Council of Korean Church of Dallas),,214) 904-9888,
You Me Beauty & Barber School 유미 뷰티 바버 스쿨,"3044 Old Denton Rd #116 Carrollton, TX 75007",214-308-8576 / 214-600-6329,https://maps.google.com/maps?f=d&source=s_d&saddr=&daddr=3044++Old+Denton+Rd+%23116+Carrollton%2C+TX+75007&z=16&iwloc=A&z=auto
[email protected],"3044 Old Denton Rd #116 Carrollton, TX 75007",214-308-8576 / 214-600-6329,https://maps.google.com/maps?f=d&source=s_d&saddr=&daddr=3044++Old+Denton+Rd+%23116+Carrollton%2C+TX+75007&z=16&iwloc=A&z=auto
달라스 한인 축구협회,,214) 207-9151,
Papas Crab (Desoto),"303 N. Hampton Road, Desoto, TX",972) 217-3278,https://maps.google.com/maps?f=d&source=s_d&saddr=&daddr=303+N.+Hampton+Road%2C+Desoto%2C+TX&z=16&iwloc=A&z=auto
300 휴스턴,"925 Bunker Hill Road, Houston, TX 77024",713) 461-1207,https://maps.google.com/maps?f=d&source=s_d&saddr=&daddr=925+Bunker+Hill+Road%2C+Houston%2C+TX+77024&z=16&iwloc=A&z=auto
우신정육점 (Woo Shin Meat Inc),"11407 Emerald St. #105, Dallas, TX 75229",972) 488-9292 / 972) 697-1651,https://maps.google.com/maps?f=d&source=s_d&saddr=&daddr=11407+Emerald+St.+%23105%2C+Dallas%2C+TX+75229&z=16&iwloc=A&z=auto
[email protected],"11407 Emerald St. #105, Dallas, TX 75229",972) 488-9292 / 972) 697-1651,https://maps.google.com/maps?f=d&source=s_d&saddr=&daddr=11407+Emerald+St.+%23105%2C+Dallas%2C+TX+75229&z=16&iwloc=A&z=auto
대한 불교 조계종 달라스 보현사 (Bohyun Buddha Temple & Zen Center),"1130 Abrams Rd, Richardson, TX 75081",972) 238-8005,https://www.dallasbohyunsa.com
유니스안 보험,,469.777.2856,
[email protected],,469.777.2856,
큐브 렌탈카 (Cube rental car),"9729 Long Point Rd, Houston, TX 77055",713) 463-5957,http://cuberentalcar.com
[email protected],"9729 Long Point Rd, Houston, TX 77055",713) 463-5957,http://cuberentalcar.com
업소록,"5900 N. Fry. #103, Houston, TX 77076",281) 704-4405 / 254) 526-8384 / 254) 634-7874 / 214) 632-5397 / 214) 824-2547 / 214) 308-1055 / 972) 242-2333 / 972) 312-9611 / 972) 247-6877 / 214) 635-8241 / 972) 395.9200 / 469) 569.6550 / 832) 606-2567 / 210) 520-3742 / 214-710-6109,https://maps.google.com/maps?f=d&source=s_d&saddr=&daddr=5900+N.+Fry.+%23103%2C+Houston%2C+TX+77076&z=16&iwloc=A&z=auto
Green Led & Signs,"5900 N. Fry. #103, Houston, TX 77076",281) 704-4405 / 254) 526-8384 / 254) 634-7874 / 214) 632-5397 / 214) 824-2547 / 214) 308-1055 / 972) 242-2333 / 972) 312-9611 / 972) 247-6877 / 214) 635-8241 / 972) 395.9200 / 469) 569.6550 / 832) 606-2567 / 210) 520-3742 / 214-710-6109,https://maps.google.com/maps?f=d&source=s_d&saddr=&daddr=5900+N.+Fry.+%23103%2C+Houston%2C+TX+77076&z=16&iwloc=A&z=auto
Green Led & Signs,"5900 N. Fry. #103, Houston, TX 77076",281) 704-4405,https://maps.google.com/maps?f=d&source=s_d&saddr=&daddr=5900+N.+Fry.+%23103%2C+Houston%2C+TX+77076&z=16&iwloc=A&z=auto
센츄리 사인,"3508 Veterans Memorial Boulevard, Killeen, TX 76543",254) 526-8384 / 254) 634-7874,https://maps.google.com/maps?f=d&source=s_d&saddr=&daddr=3508+Veterans+Memorial+Boulevard%2C+Killeen%2C+TX+76543&z=16&iwloc=A&z=auto
KOSTAR,"2530 Electronic Ln. #704, Dallas, TX 75220",214) 632-5397,https://maps.google.com/maps?f=d&source=s_d&saddr=&daddr=2530+Electronic+Ln.+%23704%2C+Dallas%2C+TX+75220&z=16&iwloc=A&z=auto
"(Mon-Thu) 9:00am ~ 5:00pm, (Fri) 9:00am ~ 12:00pm",Dr. Carrie Kim (Texas ObGyn),214) 824-2547 / 214) 308-1055,http://www.texasobgyn.com
"(Mon-Thu) 9:00am ~ 5:00pm, (Fri) 9:00am ~ 12:00pm","5757 Warren Pkwy. #310, Frisco, TX 75034",214) 824-2547 / 214) 308-1055,http://www.texasobgyn.com
Aritaum (아리따움/구 아모레),"캐롤튼 2625 Old Denton Rd. #204, Carrollton, TX 75007 / 플래노 3320 K Ave #116. Plano, TX 75074",972) 242-2333 / 972) 312-9611,https://maps.google.com/maps?f=d&source=s_d&saddr=&daddr=%EC%BA%90%EB%A1%A4%ED%8A%BC+2625+Old+Denton+Rd.+%23204%2C+Carrollton%2C+TX+75007+%2F+%ED%94%8C%EB%9E%98%EB%85%B8+3320+K+Ave+%23116.+Plano%2C+TX+75074&z=16&iwloc=A&z=auto
크리스 오토 바디 (Chris Auto Body and Repair),"11219 Shady Trail, Dallas, TX 75229",972) 247-6877 / 214) 635-8241,https://maps.google.com/maps?f=d&source=s_d&saddr=&daddr=11219+Shady+Trail%2C+Dallas%2C+TX+75229&z=16&iwloc=A&z=auto
"(Mon-Fri) 8:00am ~ 6:00pm, (Sat) 8:00am ~ 3:00pm","11219 Shady Trail, Dallas, TX 75229",972) 247-6877 / 214) 635-8241,https://maps.google.com/maps?f=d&source=s_d&saddr=&daddr=11219+Shady+Trail%2C+Dallas%2C+TX+75229&z=16&iwloc=A&z=auto
달라스베다니한국학교,"4020 Marchant Blvd. Carrollton, TX 75010",972) 395.9200 / 469) 569.6550,https://maps.google.com/maps?f=d&source=s_d&saddr=&daddr=4020+Marchant+Blvd.+Carrollton%2C+TX+75010&z=16&iwloc=A&z=auto
[email protected],"4020 Marchant Blvd. Carrollton, TX 75010",972) 395.9200 / 469) 569.6550,https://maps.google.com/maps?f=d&source=s_d&saddr=&daddr=4020+Marchant+Blvd.+Carrollton%2C+TX+75010&z=16&iwloc=A&z=auto
백호/FC휴스턴 축구단,,832) 606-2567,
국술원 (샌안토니오2),"6812 Bandera Rd. #109, San Antonio, TX 78238",210) 520-3742,https://maps.google.com/maps?f=d&source=s_d&saddr=&daddr=6812+Bandera+Rd.+%23109%2C+San+Antonio%2C+TX+78238&z=16&iwloc=A&z=auto
Jp 건축 (JP Construction),,214-710-6109,
업소록,"2019 Greenstone Trail, Carrollton, TX 75010",214) 534-7141 / 972) 243-0000 / 972) 889-8888 / 214) 566-9729 / 713) 365-0111 / 405) 630-5940 / 512) 371-3199 / 817) 454-4000 / 713) 789-1044 / 713) 789-6167 / 713) 266-5762,https://maps.google.com/maps?f=d&source=s_d&saddr=&daddr=2019+Greenstone+Trail%2C+Carrollton%2C+TX+75010&z=16&iwloc=A&z=auto
뉴비전 교회,"2019 Greenstone Trail, Carrollton, TX 75010",214) 534-7141 / 972) 243-0000 / 972) 889-8888 / 214) 566-9729 / 713) 365-0111 / 405) 630-5940 / 512) 371-3199 / 817) 454-4000 / 713) 789-1044 / 713) 789-6167 / 713) 266-5762,https://maps.google.com/maps?f=d&source=s_d&saddr=&daddr=2019+Greenstone+Trail%2C+Carrollton%2C+TX+75010&z=16&iwloc=A&z=auto
뉴비전 교회,"2019 Greenstone Trail, Carrollton, TX 75010",214) 534-7141,https://maps.google.com/maps?f=d&source=s_d&saddr=&daddr=2019+Greenstone+Trail%2C+Carrollton%2C+TX+75010&z=16&iwloc=A&z=auto
Janitor's World,"11527 Harry Hines Boulevard, Dallas, TX 75229",972) 243-0000,http://www.janitors-world.com
[email protected],"11527 Harry Hines Boulevard, Dallas, TX 75229",972) 243-0000,http://www.janitors-world.com
Plano Family Medicine,"1220 Coit Rd. #105, Plano, TX 75075",972) 889-8888,http://planofamilymedicine.com/
[email protected],"1220 Coit Rd. #105, Plano, TX 75075",972) 889-8888,http://planofamilymedicine.com/
Jinny Kim부동산 (지니 김 부동산),"400 E. Royal Ln. Bldg 3 #290, Irving, TX 75039",214) 566-9729,https://maps.google.com/maps?f=d&source=s_d&saddr=&daddr=400+E.+Royal+Ln.+Bldg+3+%23290%2C+Irving%2C+TX+75039&z=16&iwloc=A&z=auto
[email protected],"400 E. Royal Ln. Bldg 3 #290, Irving, TX 75039",214) 566-9729,https://maps.google.com/maps?f=d&source=s_d&saddr=&daddr=400+E.+Royal+Ln.+Bldg+3+%23290%2C+Irving%2C+TX+75039&z=16&iwloc=A&z=auto
예원 헤어,"9501 Long Point #M, Houston, TX 77055",713) 365-0111,https://maps.google.com/maps?f=d&source=s_d&saddr=&daddr=9501+Long+Point+%23M%2C+Houston%2C+TX+77055&z=16&iwloc=A&z=auto
에드몬드 침례교회,"201 E 2nd Street, Edmond, OK 73034",405) 630-5940,https://maps.google.com/maps?f=d&source=s_d&saddr=&daddr=201+E+2nd+Street%2C+Edmond%2C+OK+73034&z=16&iwloc=A&z=auto
[email protected],"201 E 2nd Street, Edmond, OK 73034",405) 630-5940,https://maps.google.com/maps?f=d&source=s_d&saddr=&daddr=201+E+2nd+Street%2C+Edmond%2C+OK+73034&z=16&iwloc=A&z=auto
한양마켓,"6808 N. Lamar Blvd. Austin, TX 78752",512) 371-3199,https://maps.google.com/maps?f=d&source=s_d&saddr=&daddr=6808+N.+Lamar+Blvd.++Austin%2C+TX+78752&z=16&iwloc=A&z=auto
구몬 Kumon Math and Reading Center (Arlington),"3851 Sw Green Oaks Blvd. #111, Arlington, TX 76017",817) 454-4000,https://www.kumon.com
토탈 패션 (Total Fashion),"7501 Harwin Dr. #104-A, Houston, TX 77036",713) 789-1044 / 713) 789-6167,https://maps.google.com/maps?f=d&source=s_d&saddr=&daddr=7501+Harwin+Dr.+%23104-A%2C+Houston%2C+TX+77036&z=16&iwloc=A&z=auto
영스타 핸드백,"7420 Harwin Dr. #D, Houston, TX 77036",713) 266-5762,https://maps.google.com/maps?f=d&source=s_d&saddr=&daddr=7420+Harwin+Dr.+%23D%2C+Houston%2C+TX+77036&z=16&iwloc=A&z=auto
업소록,"3221 SW 110th Place, Oklahoma City, OK 73170",214) 213-1777 / 405) 408-7686 / 800) 525-3663 / 214) 701-3169 / 214) 274-6285 / 972) 693-5375 / 713) 291-4989 / 469) 522-1945 / 214) 483-3030 / 469) 371-8182 / 972) 395-0303,https://maps.google.com/maps?f=d&source=s_d&saddr=&daddr=3221+SW+110th+Place%2C+Oklahoma+City%2C+OK+73170&z=16&iwloc=A&z=auto
York,"3221 SW 110th Place, Oklahoma City, OK 73170",214) 213-1777 / 405) 408-7686 / 800) 525-3663 / 214) 701-3169 / 214) 274-6285 / 972) 693-5375 / 713) 291-4989 / 469) 522-1945 / 214) 483-3030 / 469) 371-8182 / 972) 395-0303,https://maps.google.com/maps?f=d&source=s_d&saddr=&daddr=3221+SW+110th+Place%2C+Oklahoma+City%2C+OK+73170&z=16&iwloc=A&z=auto
York,,214) 213-1777,
Lee's 냉동,"3221 SW 110th Place, Oklahoma City, OK 73170",405) 408-7686,https://maps.google.com/maps?f=d&source=s_d&saddr=&daddr=3221+SW+110th+Place%2C+Oklahoma+City%2C+OK+73170&z=16&iwloc=A&z=auto
일본항공 (Japan Airlines),,800) 525-3663,https://www.jal.com
달라스 탁구교실,"2625 Old Denton Rd #520, Carrollton, TX 75007",214) 701-3169 / 214) 274-6285,https://maps.google.com/maps?f=d&source=s_d&saddr=&daddr=2625+Old+Denton+Rd+%23520%2C+Carrollton%2C+TX+75007&z=16&iwloc=A&z=auto
하종수 골프스쿨 (John's Golf School),"2639 Walnut Hill Ln. #118, Dallas, TX 75229",972) 693-5375,https://maps.google.com/maps?f=d&source=s_d&saddr=&daddr=2639+Walnut+Hill+Ln.+%23118%2C+Dallas%2C+TX+75229&z=16&iwloc=A&z=auto
황영환 부동산,"9501 Long Point Rd. #C, Houston, TX 77055",713) 291-4989,https://maps.google.com/maps?f=d&source=s_d&saddr=&daddr=9501+Long+Point+Rd.+%23C%2C+Houston%2C+TX+77055&z=16&iwloc=A&z=auto
텍사스 한미합동법률사무소,"2828 Forest Ln. #1113, Dallas, TX 75234",469) 522-1945,https://maps.google.com/maps?f=d&source=s_d&saddr=&daddr=2828+Forest+Ln.+%231113%2C+Dallas%2C+TX+75234&z=16&iwloc=A&z=auto
Luxor Jewelry (H마트 내),"2625 Old Denton Rd. #224, Carrollton, TX 75007",214) 483-3030,https://maps.google.com/maps?f=d&source=s_d&saddr=&daddr=2625+Old+Denton+Rd.+%23224%2C+Carrollton%2C+TX+75007&z=16&iwloc=A&z=auto
또와또와 맛집(Ttowa Ttowa),"1060 W Frankford Rd , suite 205, Carrollton, TX 75007",972) 395-0303,https://ttowattowa.business.site/
11am-9pm,"1060 W Frankford Rd , suite 205, Carrollton, TX 75007",972) 395-0303,https://ttowattowa.business.site/
업소록,"P.O. Box 802521, Houston, TX 77280",832) 428-3100 / 972) 245-2876 / 214) 339-9331 / 214) 701-5049 / 281) 855-6667 / 972) 578-5678 / 469) 879-2173 / 972) 241-5555 / 469) 407-8162 / 405) 799-0555 / 800) 447-4747 / 405) 600-5282,https://maps.google.com/maps?f=d&source=s_d&saddr=&daddr=P.O.+Box+802521%2C+Houston%2C+TX+77280&z=16&iwloc=A&z=auto
재향군인회 미 중남부지회,"P.O. Box 802521, Houston, TX 77280",832) 428-3100 / 972) 245-2876 / 214) 339-9331 / 214) 701-5049 / 281) 855-6667 / 972) 578-5678 / 469) 879-2173 / 972) 241-5555 / 469) 407-8162 / 405) 799-0555 / 800) 447-4747 / 405) 600-5282,https://maps.google.com/maps?f=d&source=s_d&saddr=&daddr=P.O.+Box+802521%2C+Houston%2C+TX+77280&z=16&iwloc=A&z=auto
재향군인회 미 중남부지회,"P.O. Box 802521, Houston, TX 77280",832) 428-3100,https://maps.google.com/maps?f=d&source=s_d&saddr=&daddr=P.O.+Box+802521%2C+Houston%2C+TX+77280&z=16&iwloc=A&z=auto
사이몬 임 가정의학과,"3044 Old Denton Rd. #115, Carrollton, TX 75007",972) 245-2876 / 214) 339-9331,http://www.mainmedplus.com
[email protected],"3044 Old Denton Rd. #115, Carrollton, TX 75007",972) 245-2876 / 214) 339-9331,http://www.mainmedplus.com
렌트하우스인스펙션,,214) 701-5049,
슈가랜드 태권도,"4875-B Hwy. 6, Missouri City, TX 77459",281) 855-6667,https://maps.google.com/maps?f=d&source=s_d&saddr=&daddr=4875-B+Hwy.+6%2C+Missouri+City%2C+TX+77459&z=16&iwloc=A&z=auto
Sweet Frog Frozen Yogurt,"1515 N Town E Blvd #121, Mesquite, TX 75150",469) 879-2173,http://sweetfrog.com/locations
"(Sun-Thur) 11:00am ~ 8:00pm, (Fri-Sat) 11:00am ~ 9:00pm","1515 N Town E Blvd #121, Mesquite, TX 75150",469) 879-2173,http://sweetfrog.com/locations
놀러와 (Nollowa Bar & Grill),"2560 Royal Ln. #102, Dallas, TX 75229",972) 241-5555 / 469) 407-8162,https://www.facebook.com/Nollowa972/
(Mon-Sun) 6:00pm ~ 2:00am,"2560 Royal Ln. #102, Dallas, TX 75229",972) 241-5555 / 469) 407-8162,https://www.facebook.com/Nollowa972/
Tiger Cho's Taekwondo,"527 N Telephone Road, Moore, OK 73160",405) 799-0555,http://www.tigerchos.com
델타 항공 (국제예약),,800) 447-4747,
비전침례교회,"6100 S Pennsylvania Ave., Oklahoma City, OK 73159",405) 600-5282,http://okvision.org
업소록,"2625 Old Denton Rd. #256, Carrollton, TX 75007",214) 228-2365 / 404-645-4877 / 972) 955-7475 / 469) 358-6839 / 918) 250-0408 / 954) 673-6525 / 469) 522-0365 / 972) 898-8447 / 713) 206-2048 / 512) 773-0001 / 972) 517-9944 / 177505392279695,https://maps.google.com/maps?f=d&source=s_d&saddr=&daddr=2625+Old+Denton+Rd.+%23256%2C+Carrollton%2C+TX+75007&z=16&iwloc=A&z=auto
달라스 족구협회,"2625 Old Denton Rd. #256, Carrollton, TX 75007",214) 228-2365 / 404-645-4877 / 972) 955-7475 / 469) 358-6839 / 918) 250-0408 / 954) 673-6525 / 469) 522-0365 / 972) 898-8447 / 713) 206-2048 / 512) 773-0001 / 972) 517-9944 / 177505392279695,https://maps.google.com/maps?f=d&source=s_d&saddr=&daddr=2625+Old+Denton+Rd.+%23256%2C+Carrollton%2C+TX+75007&z=16&iwloc=A&z=auto
달라스 족구협회,,214) 228-2365,
그린 골프 (Green Golf),,404-645-4877,
스윗 홈플러스 (Sweet Home Plus -(구)청호나이스 JS Water),"2625 Old Denton Rd. #256, Carrollton, TX 75007",972) 955-7475,https://maps.google.com/maps?f=d&source=s_d&saddr=&daddr=2625+Old+Denton+Rd.+%23256%2C+Carrollton%2C+TX+75007&z=16&iwloc=A&z=auto
[email protected],"2625 Old Denton Rd. #256, Carrollton, TX 75007",972) 955-7475,https://maps.google.com/maps?f=d&source=s_d&saddr=&daddr=2625+Old+Denton+Rd.+%23256%2C+Carrollton%2C+TX+75007&z=16&iwloc=A&z=auto
온누리 그리스도향기교회,"11500 Stremmons Fwy. #168, Dallas, TX 75229",469) 358-6839,https://www.onnuriaroma.org
털사 한인침례교회,"13000 E. 68th Street, Broken Arrow, OK 74012",918) 250-0408 / 954) 673-6525,https://www.tulsakoreanchurch.net
[email protected],"13000 E. 68th Street, Broken Arrow, OK 74012",918) 250-0408 / 954) 673-6525,https://www.tulsakoreanchurch.net
훼밀리 노래방 (Family Karaoke),"11433 Goodnight Lane, Dallas, TX 75229",469) 522-0365,http://www.FamilyKaraokeDFW.com
Kay Jin 부동산,,972) 898-8447,
[email protected],,972) 898-8447,
광스시,"6860 Hwy. 6 #H, Houston, TX 77084",713) 206-2048,https://maps.google.com/maps?f=d&source=s_d&saddr=&daddr=6860+Hwy.+6+%23H%2C+Houston%2C+TX+77084&z=16&iwloc=A&z=auto
조성래 부동산,"12515-8 Research Blvd. #100, Austin, TX 78731",512) 773-0001,https://maps.google.com/maps?f=d&source=s_d&saddr=&daddr=12515-8+Research+Blvd.+%23100%2C+Austin%2C+TX+78731&z=16&iwloc=A&z=auto
1호점 모짜르트 플레이노 (Mozart Bakery),"2070 W. Spring Creek Pkwy #306, Plano, TX 75023",972) 517-9944 / 177505392279695,https://m.facebook.com/pages/Mozart-Bakery-Cafe/177505392279695
(Mon-Sun) 8:00am ~ 10:00pm,"2070 W. Spring Creek Pkwy #306, Plano, TX 75023",972) 517-9944 / 177505392279695,https://m.facebook.com/pages/Mozart-Bakery-Cafe/177505392279695
업소록,"10104 Hammerly Blvd. #A, Houston, TX 77080",713) 465-9988 / 972) 481-9999 / 254) 628-4653 / 254) 681-0070 / 832) 455-1144 / 469) 888-9987 / 972) 389-2133 / 469) 400-8763 / 972) 245-6288 / 214) 893-4321 / 469) 463-8527 / 972) 598-2439,https://maps.google.com/maps?f=d&source=s_d&saddr=&daddr=10104+Hammerly+Blvd.+%23A%2C+Houston%2C+TX+77080&z=16&iwloc=A&z=auto
프랜즈레스토랑,"10104 Hammerly Blvd. #A, Houston, TX 77080",713) 465-9988 / 972) 481-9999 / 254) 628-4653 / 254) 681-0070 / 832) 455-1144 / 469) 888-9987 / 972) 389-2133 / 469) 400-8763 / 972) 245-6288 / 214) 893-4321 / 469) 463-8527 / 972) 598-2439,https://maps.google.com/maps?f=d&source=s_d&saddr=&daddr=10104+Hammerly+Blvd.+%23A%2C+Houston%2C+TX+77080&z=16&iwloc=A&z=auto
프랜즈레스토랑,"10104 Hammerly Blvd. #A, Houston, TX 77080",713) 465-9988,https://maps.google.com/maps?f=d&source=s_d&saddr=&daddr=10104+Hammerly+Blvd.+%23A%2C+Houston%2C+TX+77080&z=16&iwloc=A&z=auto
Atomy Star 센터,"2257 Royal Ln. #102, Dallas, TX 75229",972) 481-9999,https://maps.google.com/maps?f=d&source=s_d&saddr=&daddr=2257+Royal+Ln.+%23102%2C+Dallas%2C+TX+75229&z=16&iwloc=A&z=auto
김동수 부동산(킬린),"605 N. Gray Street, Killeen, TX 76541",254) 628-4653 / 254) 681-0070,https://maps.google.com/maps?f=d&source=s_d&saddr=&daddr=605+N.+Gray+Street%2C+Killeen%2C+TX+76541&z=16&iwloc=A&z=auto
태권도 협회,,832) 455-1144,
데이빗 김 부동산,"3032 E. Hebron Pkwy. #102, Carrollton, TX 75010",469) 888-9987 / 972) 389-2133,https://www.verygoodhomes.com
Tonerink,,469) 400-8763,
맛깔참죽 (Charm Juk),"2625 Old Denton Rd. #302, Carrollton, TX 75007",972) 245-6288,https://www.charmjuk.com
[email protected],"2625 Old Denton Rd. #302, Carrollton, TX 75007",972) 245-6288,https://www.charmjuk.com
유소옥 한의원 (프리스코),"3010 Legacy Drive, Frisco, TX 75034",214) 893-4321,https://maps.google.com/maps?f=d&source=s_d&saddr=&daddr=3010+Legacy+Drive%2C+Frisco%2C+TX+75034&z=16&iwloc=A&z=auto
Jong Lee 부동산,"1017 Kenbob Circle, Carrollton, TX 75007",469) 463-8527,https://maps.google.com/maps?f=d&source=s_d&saddr=&daddr=1017+Kenbob+Circle%2C+Carrollton%2C+TX+75007&z=16&iwloc=A&z=auto
토킹어바웃 스크린 골프 (Talkin' bout Screen Golf),"11420 Emerald St. #101, Dallas, TX 75229",972) 598-2439,https://maps.google.com/maps?f=d&source=s_d&saddr=&daddr=11420+Emerald+St.+%23101%2C+Dallas%2C+TX+75229&z=16&iwloc=A&z=auto
업소록,"2534 Royal Ln. #211, Dallas, TX 75229",972) 243-9155 / 713) 935-9500 / 405) 948-8874 / 214-214-7676 / 713) 973-0044 / 580) 355-8926 / 214) 714-1493 / 214) 632-5313 / 972) 964-7974 / 972) 369-3349 / 972) 673-0188,https://maps.google.com/maps?f=d&source=s_d&saddr=&daddr=2534+Royal+Ln.+%23211%2C+Dallas%2C+TX+75229&z=16&iwloc=A&z=auto
김재호 종합보험,"2534 Royal Ln. #211, Dallas, TX 75229",972) 243-9155 / 713) 935-9500 / 405) 948-8874 / 214-214-7676 / 713) 973-0044 / 580) 355-8926 / 214) 714-1493 / 214) 632-5313 / 972) 964-7974 / 972) 369-3349 / 972) 673-0188,https://maps.google.com/maps?f=d&source=s_d&saddr=&daddr=2534+Royal+Ln.+%23211%2C+Dallas%2C+TX+75229&z=16&iwloc=A&z=auto
김재호 종합보험,"2534 Royal Ln. #211, Dallas, TX 75229",972) 243-9155,https://maps.google.com/maps?f=d&source=s_d&saddr=&daddr=2534+Royal+Ln.+%23211%2C+Dallas%2C+TX+75229&z=16&iwloc=A&z=auto
공주 떡집,"10082 Long Point, Houston, TX 77055",713) 935-9500,https://maps.google.com/maps?f=d&source=s_d&saddr=&daddr=10082+Long+Point%2C+Houston%2C+TX+77055&z=16&iwloc=A&z=auto
JK 청소회사,"1737 Linwood Blvd. #100, Oklahoma City, OK 73106",405) 948-8874,https://maps.google.com/maps?f=d&source=s_d&saddr=&daddr=1737+Linwood+Blvd.+%23100%2C+Oklahoma+City%2C+OK+73106&z=16&iwloc=A&z=auto
황성남 보험 (Allstate),"1220 W Trinity Mills Rd #208, Carrollton TX 75006",214-214-7676,https://maps.google.com/maps?f=d&source=s_d&saddr=&daddr=1220+W+Trinity+Mills+Rd+%23208%2C+Carrollton+TX+75006&z=16&iwloc=A&z=auto
[email protected],"1220 W Trinity Mills Rd #208, Carrollton TX 75006",214-214-7676,https://maps.google.com/maps?f=d&source=s_d&saddr=&daddr=1220+W+Trinity+Mills+Rd+%23208%2C+Carrollton+TX+75006&z=16&iwloc=A&z=auto
백두산,"10226 Hammerly Blvd. #A, Houston, TX 77043",713) 973-0044,https://maps.google.com/maps?f=d&source=s_d&saddr=&daddr=10226+Hammerly+Blvd.+%23A%2C+Houston%2C+TX+77043&z=16&iwloc=A&z=auto
에스트로 이발관,"1310 NW 47th Street, Lawton, OK 73505",580) 355-8926,https://maps.google.com/maps?f=d&source=s_d&saddr=&daddr=1310+NW+47th+Street%2C+Lawton%2C+OK+73505&z=16&iwloc=A&z=auto
호스텔 어린이 교육선교회,"P.O. Box 29414, Dallas, TX 75229",214) 714-1493 / 214) 632-5313,https://www.hocem.org
KBMS 한국계산기,"4640 Sunnybrook Drive, Plano, TX 75093",972) 964-7974,https://maps.google.com/maps?f=d&source=s_d&saddr=&daddr=4640+Sunnybrook+Drive%2C+Plano%2C+TX+75093&z=16&iwloc=A&z=auto
그리스도 연합 감리교회,"885 S. State Hwy 5, Fairview, TX 75069",972) 369-3349,https://www.christcnt.org
Southwestern National Bank (Plano),"2304 Coit Rd. #600, Plano, TX 75075",972) 673-0188,https://www.swnbk.com
"(Mon-Thu) 9:00am ~ 5:00pm, (Fri) 9:00am ~ 6:00pm, (Sat) 9:00am ~ 1:00pm","2304 Coit Rd. #600, Plano, TX 75075",972) 673-0188,https://www.swnbk.com
업소록,"2625 Old Denton Rd. #700, Carrollton, TX 75007",972) 242-1717 / 832) 283-0196 / 214) 739-5535 / 214) 724-6433 / 214) 734-5742 / 214) 821-2882 / 972) 820-7080 / 832) 257-2159 / 469) 363-5785 / 972 905 0195 / 443-858-6659,https://maps.google.com/maps?f=d&source=s_d&saddr=&daddr=2625+Old+Denton+Rd.+%23700%2C+Carrollton%2C+TX+75007&z=16&iwloc=A&z=auto
구이락 (Gui-Rock Korean BBQ),"2625 Old Denton Rd. #700, Carrollton, TX 75007",972) 242-1717 / 832) 283-0196 / 214) 739-5535 / 214) 724-6433 / 214) 734-5742 / 214) 821-2882 / 972) 820-7080 / 832) 257-2159 / 469) 363-5785 / 972 905 0195 / 443-858-6659,https://maps.google.com/maps?f=d&source=s_d&saddr=&daddr=2625+Old+Denton+Rd.+%23700%2C+Carrollton%2C+TX+75007&z=16&iwloc=A&z=auto
구이락 (Gui-Rock Korean BBQ),"2625 Old Denton Rd. #700, Carrollton, TX 75007",972) 242-1717,https://maps.google.com/maps?f=d&source=s_d&saddr=&daddr=2625+Old+Denton+Rd.+%23700%2C+Carrollton%2C+TX+75007&z=16&iwloc=A&z=auto
휴스턴 체육회,,832) 283-0196,
달라스 전통 중국한의원,"5924 Royal Ln. #206, Dallas, TX 75230",214) 739-5535,https://www.acupuncturetx.com
[email protected],"5924 Royal Ln. #206, Dallas, TX 75230",214) 739-5535,https://www.acupuncturetx.com
제일 전자,"1116 W. Parker Rd. #380A, Plano, TX 75075",214) 724-6433,https://maps.google.com/maps?f=d&source=s_d&saddr=&daddr=1116+W.+Parker+Rd.+%23380A%2C+Plano%2C+TX+75075&z=16&iwloc=A&z=auto
데이비드 라인 변호사,"해리하인즈 6625 Walnut Hill Lane, Dallas, TX 75230 / 다운타운 4131 North Central Expy, Suite 900, Dallas, TX 75204",214) 734-5742 / 214) 821-2882,https://maps.google.com/maps?f=d&source=s_d&saddr=&daddr=%ED%95%B4%EB%A6%AC%ED%95%98%EC%9D%B8%EC%A6%88+6625+Walnut+Hill+Lane%2C+Dallas%2C+TX+75230+%2F+%EB%8B%A4%EC%9A%B4%ED%83%80%EC%9A%B4+4131+North+Central+Expy%2C+Suite+900%2C+Dallas%2C+TX+75204&z=16&iwloc=A&z=auto
청기와,"2540 Old Denton Rd. #300, Carrollton, TX 75006",972) 820-7080,https://maps.google.com/maps?f=d&source=s_d&saddr=&daddr=2540+Old+Denton+Rd.+%23300%2C+Carrollton%2C+TX+75006&z=16&iwloc=A&z=auto
폴윤 부동산그룹,"9859 Long Point Road, Houston, TX 77055",832) 257-2159,https://maps.google.com/maps?f=d&source=s_d&saddr=&daddr=9859+Long+Point+Road%2C+Houston%2C+TX+77055&z=16&iwloc=A&z=auto
S.H.J. Construction (성훈건축),"2103 Hapmton Ct., Carrollton, TX 75006",469) 363-5785,https://maps.google.com/maps?f=d&source=s_d&saddr=&daddr=2103+Hapmton+Ct.%2C+Carrollton%2C+TX+75006&z=16&iwloc=A&z=auto
인스팩션.오일체인지,1605 S Interstate 35 E Carrollton TX 75006,972 905 0195,https://maps.google.com/maps?f=d&source=s_d&saddr=&daddr=1605+S+Interstate+35+E+Carrollton+TX+75006&z=16&iwloc=A&z=auto
BH Contruction,"11245 Newkirk Street, Dallas, TX 75229",443-858-6659,http://www.bhcon.com
업소록,"2625 Old Denton Rd. #576, Carrollton, TX 75007",214) 514-3084 / 972) 242-6104 / 972) 241-0700 / 469) 916-5272 / 918) 665-3664 / 512) 576-1128 / 972) 252-8577 / 405) 787-2464 / 405) 942-2875 / 214) 575-8316,https://maps.google.com/maps?f=d&source=s_d&saddr=&daddr=2625+Old+Denton+Rd.+%23576%2C+Carrollton%2C+TX+75007&z=16&iwloc=A&z=auto
한국외국어대학교,"2625 Old Denton Rd. #576, Carrollton, TX 75007",214) 514-3084 / 972) 242-6104 / 972) 241-0700 / 469) 916-5272 / 918) 665-3664 / 512) 576-1128 / 972) 252-8577 / 405) 787-2464 / 405) 942-2875 / 214) 575-8316,https://maps.google.com/maps?f=d&source=s_d&saddr=&daddr=2625+Old+Denton+Rd.+%23576%2C+Carrollton%2C+TX+75007&z=16&iwloc=A&z=auto
한국외국어대학교,,214) 514-3084,
EbenEzer Scalp Clinic,"2625 Old Denton Rd. #576, Carrollton, TX 75007",972) 242-6104,https://maps.google.com/maps?f=d&source=s_d&saddr=&daddr=2625+Old+Denton+Rd.+%23576%2C+Carrollton%2C+TX+75007&z=16&iwloc=A&z=auto
삼성전자제품서비스센터,"1321 Valwood Pkwy #670, Carrollton, TX 75006",972) 241-0700,https://maps.google.com/maps?f=d&source=s_d&saddr=&daddr=1321+Valwood+Pkwy+%23670%2C+Carrollton%2C+TX+75006&z=16&iwloc=A&z=auto
세계부동산 융자 은행,"1312 Village Creek Dr. #900, Plano, TX 75093",469) 916-5272,https://maps.google.com/maps?f=d&source=s_d&saddr=&daddr=1312+Village+Creek+Dr.+%23900%2C+Plano%2C+TX+75093&z=16&iwloc=A&z=auto
서울수퍼,"3171-G S. 129th East Avenue, Tulsa, OK 74134",918) 665-3664,https://maps.google.com/maps?f=d&source=s_d&saddr=&daddr=3171-G+S.+129th+East+Avenue%2C+Tulsa%2C+OK+74134&z=16&iwloc=A&z=auto
제이슨 장 부동산,"7000 N. Mopac Expy. #2000, Austin, TX 78731",512) 576-1128,https://maps.google.com/maps?f=d&source=s_d&saddr=&daddr=7000+N.+Mopac+Expy.+%232000%2C+Austin%2C+TX+78731&z=16&iwloc=A&z=auto
동 오토,"2121 W. Rochelle Rd. #100, Irving, TX 75062",972) 252-8577,https://maps.google.com/maps?f=d&source=s_d&saddr=&daddr=2121+W.+Rochelle+Rd.+%23100%2C+Irving%2C+TX+75062&z=16&iwloc=A&z=auto
Lee's Taekwondo,"8284 NW 39th Expressway, Bethany, OK 73008",405) 787-2464,https://maps.google.com/maps?f=d&source=s_d&saddr=&daddr=8284+NW+39th+Expressway%2C+Bethany%2C+OK+73008&z=16&iwloc=A&z=auto
김유일 치과,"2528 N. Meridian Avenue, Oklahoma City, OK 73107",405) 942-2875,https://maps.google.com/maps?f=d&source=s_d&saddr=&daddr=2528+N.+Meridian+Avenue%2C+Oklahoma+City%2C+OK+73107&z=16&iwloc=A&z=auto
업소록,"13901 Midway Rd. #106A, Farmers Branch, TX 75244",972) 239-4777 / 214) 366-9000 / 972) 466-0001 / 713) 861-5000 / 214) 717-3117 / 214) 630-6426 / 214) 637-6500 / 713) 498-1695 / 972) 897-9830 / 214) 724-2670,http://www.familytreedentalcare.com
패밀리 트리 치과 (Family Tree Dental Care),"13901 Midway Rd. #106A, Farmers Branch, TX 75244",972) 239-4777 / 214) 366-9000 / 972) 466-0001 / 713) 861-5000 / 214) 717-3117 / 214) 630-6426 / 214) 637-6500 / 713) 498-1695 / 972) 897-9830 / 214) 724-2670,http://www.familytreedentalcare.com
패밀리 트리 치과 (Family Tree Dental Care),"13901 Midway Rd. #106A, Farmers Branch, TX 75244",972) 239-4777,http://www.familytreedentalcare.com
노팔 선인장 엑기스,"3212 Townsend Dr, Dallas, TX 75229",214) 366-9000,https://maps.google.com/maps?f=d&source=s_d&saddr=&daddr=3212+Townsend+Dr%2C+Dallas%2C+TX+75229&z=16&iwloc=A&z=auto
더원헤어겔러리 (The One Hair Gallery),"2701 Old Denton Rd. #168, Carrollton, TX 75007",972) 466-0001,https://maps.google.com/maps?f=d&source=s_d&saddr=&daddr=2701+Old+Denton+Rd.+%23168%2C+Carrollton%2C+TX+75007&z=16&iwloc=A&z=auto
정일성 내과,"2410 Ella Blvd. #B, Houston, TX 77008",713) 861-5000,https://maps.google.com/maps?f=d&source=s_d&saddr=&daddr=2410+Ella+Blvd.+%23B%2C+Houston%2C+TX+77008&z=16&iwloc=A&z=auto
셀리황 부동산,,214) 717-3117,
베스트 바디샵 (Best Paint & Body Shop),"2207 Butler St, Dallas, TX 75235",214) 630-6426,https://maps.google.com/maps?f=d&source=s_d&saddr=&daddr=2207+Butler+St%2C+Dallas%2C+TX+75235&z=16&iwloc=A&z=auto
Champion Waste,"2400 Vinson Street, Dallas, TX 75212",214) 637-6500,https://www.championwaste.com
쉐리스킨 케어,"9521 Westheimer #412, Houston, TX 77063",713) 498-1695,https://maps.google.com/maps?f=d&source=s_d&saddr=&daddr=9521+Westheimer+%23412%2C+Houston%2C+TX+77063&z=16&iwloc=A&z=auto
4.19 민주혁명 선양회,,972) 897-9830,
비원 냉동,"5105 Prairie Creek Drive, Flower Mound, TX 75028",214) 724-2670,https://maps.google.com/maps?f=d&source=s_d&saddr=&daddr=5105+Prairie+Creek+Drive%2C+Flower+Mound%2C+TX+75028&z=16&iwloc=A&z=auto
업소록,"100 Hwy 377, Pilot Point, TX 76258",214) 966-7570 / 512.364.3636 / 972) 234-1416 / 512) 619-2344 / 214) 414-8949 / 817) 745-8282 / 214) 529-4758 / 469) 531-7899 / 469) 407-0182 / 469) 258-0595 / 210) 653-1634 / 469) 877-8771,https://maps.google.com/maps?f=d&source=s_d&saddr=&daddr=100+Hwy+377%2C+Pilot+Point%2C+TX+76258&z=16&iwloc=A&z=auto
377 Center,"100 Hwy 377, Pilot Point, TX 76258",214) 966-7570 / 512.364.3636 / 972) 234-1416 / 512) 619-2344 / 214) 414-8949 / 817) 745-8282 / 214) 529-4758 / 469) 531-7899 / 469) 407-0182 / 469) 258-0595 / 210) 653-1634 / 469) 877-8771,https://maps.google.com/maps?f=d&source=s_d&saddr=&daddr=100+Hwy+377%2C+Pilot+Point%2C+TX+76258&z=16&iwloc=A&z=auto
377 Center,"100 Hwy 377, Pilot Point, TX 76258",214) 966-7570,https://maps.google.com/maps?f=d&source=s_d&saddr=&daddr=100+Hwy+377%2C+Pilot+Point%2C+TX+76258&z=16&iwloc=A&z=auto
리블레스 rebless,"8868 Research Blvd. Ste 203, Austin, TX 78758",512.364.3636,https://maps.google.com/maps?f=d&source=s_d&saddr=&daddr=8868+Research+Blvd.+Ste+203%2C+Austin%2C+TX+78758&z=16&iwloc=A&z=auto
home.rebless.com,"8868 Research Blvd. Ste 203, Austin, TX 78758",512.364.3636,https://maps.google.com/maps?f=d&source=s_d&saddr=&daddr=8868+Research+Blvd.+Ste+203%2C+Austin%2C+TX+78758&z=16&iwloc=A&z=auto
Sherrill Park Golf Course,"2001 East Lookout Dr., Richardson, TX 75082",972) 234-1416,https://maps.google.com/maps?f=d&source=s_d&saddr=&daddr=2001+East+Lookout+Dr.%2C+Richardson%2C+TX+75082&z=16&iwloc=A&z=auto
sherrillparkgolf.com,"2001 East Lookout Dr., Richardson, TX 75082",972) 234-1416,https://maps.google.com/maps?f=d&source=s_d&saddr=&daddr=2001+East+Lookout+Dr.%2C+Richardson%2C+TX+75082&z=16&iwloc=A&z=auto
민주평통 어스틴 협의회,,512) 619-2344,
츄러스티 부동산,"1420 W. McDormott Drive, Allen, TX 75013",214) 414-8949,https://maps.google.com/maps?f=d&source=s_d&saddr=&daddr=1420+W.+McDormott+Drive%2C+Allen%2C+TX+75013&z=16&iwloc=A&z=auto
베스트 여행사 (Best Travel),"1652 Thomas Lane, Carrollton, TX 75010",817) 745-8282 / 214) 529-4758,https://maps.google.com/maps?f=d&source=s_d&saddr=&daddr=1652+Thomas+Lane%2C+Carrollton%2C+TX+75010&z=16&iwloc=A&z=auto
[email protected],"1652 Thomas Lane, Carrollton, TX 75010",817) 745-8282 / 214) 529-4758,https://maps.google.com/maps?f=d&source=s_d&saddr=&daddr=1652+Thomas+Lane%2C+Carrollton%2C+TX+75010&z=16&iwloc=A&z=auto
SQ Builder & Design,"2525 Royal Ln. #327, Dallas, TX 75229",469) 531-7899 / 469) 407-0182,https://maps.google.com/maps?f=d&source=s_d&saddr=&daddr=2525+Royal+Ln.+%23327%2C+Dallas%2C+TX+75229&z=16&iwloc=A&z=auto
[email protected],"2525 Royal Ln. #327, Dallas, TX 75229",469) 531-7899 / 469) 407-0182,https://maps.google.com/maps?f=d&source=s_d&saddr=&daddr=2525+Royal+Ln.+%23327%2C+Dallas%2C+TX+75229&z=16&iwloc=A&z=auto
한교회,"4230 W. Buckingham Road, Garland, TX 75042",469) 258-0595,https://maps.google.com/maps?f=d&source=s_d&saddr=&daddr=4230+W.+Buckingham+Road%2C+Garland%2C+TX+75042&z=16&iwloc=A&z=auto
샌안토니오 아가페 장로교회,"131 Overlook, San Antonio, TX 78233",210) 653-1634,https://maps.google.com/maps?f=d&source=s_d&saddr=&daddr=131+Overlook%2C+San+Antonio%2C+TX+78233&z=16&iwloc=A&z=auto
피카소 에어컨,,469) 877-8771,
업소록,"1441 Patton Place #163, Carrollton, TX 75007",972-401-8210 / 713) 784-1158 / 713) 974-1517 / 972.247.8424 / 972) 352-7378 / 469) 289-7475 / 972) 394-8000 / 972) 530-4800 / 469) 363-3684 / 972) 312-9398,https://maps.google.com/maps?f=d&source=s_d&saddr=&daddr=1441+Patton+Place+%23163%2C+Carrollton%2C+TX+75007&z=16&iwloc=A&z=auto
Cleaners Source Direct,"1441 Patton Place #163, Carrollton, TX 75007",972-401-8210 / 713) 784-1158 / 713) 974-1517 / 972.247.8424 / 972) 352-7378 / 469) 289-7475 / 972) 394-8000 / 972) 530-4800 / 469) 363-3684 / 972) 312-9398,https://maps.google.com/maps?f=d&source=s_d&saddr=&daddr=1441+Patton+Place+%23163%2C+Carrollton%2C+TX+75007&z=16&iwloc=A&z=auto
Cleaners Source Direct,"1441 Patton Place #163, Carrollton, TX 75007",972-401-8210,https://maps.google.com/maps?f=d&source=s_d&saddr=&daddr=1441+Patton+Place+%23163%2C+Carrollton%2C+TX+75007&z=16&iwloc=A&z=auto
리스 트레이딩,"5912 Hillcroft #A5, Houston, TX 77036",713) 784-1158,https://maps.google.com/maps?f=d&source=s_d&saddr=&daddr=5912+Hillcroft+%23A5%2C+Houston%2C+TX+77036&z=16&iwloc=A&z=auto
패션 포인트,"8000 Harwin Dr. #340, Houston, TX 77036",713) 974-1517,https://maps.google.com/maps?f=d&source=s_d&saddr=&daddr=8000+Harwin+Dr.+%23340%2C+Houston%2C+TX+77036&z=16&iwloc=A&z=auto
민주평화통일자문회의 달라스 협의회(민주평통),,972.247.8424,
에밀리 마 부동산,"1800 Market Place #140, Irving, TX 75063",972) 352-7378,http://www.emilymahomes.com
Jacob Kim CPA (김주형 회계사),"4400 State Highway 121 Suite 300, Lewisville, TX 75056",469) 289-7475,https://www.jhkimcpa.com
[email protected],"4400 State Highway 121 Suite 300, Lewisville, TX 75056",469) 289-7475,https://www.jhkimcpa.com
정선혜 보험,"3740 N. Josey Ln. #116, Carrollton, TX 75007",972) 394-8000,https://maps.google.com/maps?f=d&source=s_d&saddr=&daddr=3740+N.+Josey+Ln.+%23116%2C+Carrollton%2C+TX+75007&z=16&iwloc=A&z=auto
Hana Tailor,"4430 Lavon Dr. #366, Garland, TX 75040",972) 530-4800,https://maps.google.com/maps?f=d&source=s_d&saddr=&daddr=4430+Lavon+Dr.+%23366%2C+Garland%2C+TX+75040&z=16&iwloc=A&z=auto
Accent 피아노 스튜디오,"989 W. Sandy Lake, Coppell, TX 75019",469) 363-3684,https://maps.google.com/maps?f=d&source=s_d&saddr=&daddr=989+W.+Sandy+Lake%2C+Coppell%2C+TX+75019&z=16&iwloc=A&z=auto
정관장 (한국인삼공사) 플레이노,"3320 K. Ave. #305, Plano, TX 75074",972) 312-9398,http://www.kgcus.com
업소록,"3945 Central Expy, Plano, TX 75023",972) 423 -8088 / 214-253-3200 / 972-502-9271 / 713) 467-8080 / 713) 467-8801 / 214) 584-7076 / 469) 835-9027 / 972) 529-5991 / 469) 877-2479 / 832) 248-1785,http://yellowtailsushiandgrill.com/
Yellow Tail Sushi and Grill (옐로우 테일 스시 앤 그릴),"3945 Central Expy, Plano, TX 75023",972) 423 -8088 / 214-253-3200 / 972-502-9271 / 713) 467-8080 / 713) 467-8801 / 214) 584-7076 / 469) 835-9027 / 972) 529-5991 / 469) 877-2479 / 832) 248-1785,http://yellowtailsushiandgrill.com/
Yellow Tail Sushi and Grill (옐로우 테일 스시 앤 그릴),"3945 Central Expy, Plano, TX 75023",972) 423 -8088,http://yellowtailsushiandgrill.com/
[email protected],"3945 Central Expy, Plano, TX 75023",972) 423 -8088,http://yellowtailsushiandgrill.com/
김영남 세무사,"2701 Old Denton Rd, #210 Carrollton TX 75007",214-253-3200,https://maps.google.com/maps?f=d&source=s_d&saddr=&daddr=2701+Old+Denton+Rd%2C+%23210+Carrollton+TX+75007&z=16&iwloc=A&z=auto
[email protected],"2701 Old Denton Rd, #210 Carrollton TX 75007",214-253-3200,https://maps.google.com/maps?f=d&source=s_d&saddr=&daddr=2701+Old+Denton+Rd%2C+%23210+Carrollton+TX+75007&z=16&iwloc=A&z=auto
Hillside Dental (힐사이드 치과),2425 FM 544 Suite 330 Lewisville TX 75056,972-502-9271,https://maps.google.com/maps?f=d&source=s_d&saddr=&daddr=2425+FM+544+Suite+330+Lewisville+TX+75056&z=16&iwloc=A&z=auto
hillsidedentaltx.com]hillsidedentaltx.com,2425 FM 544 Suite 330 Lewisville TX 75056,972-502-9271,https://maps.google.com/maps?f=d&source=s_d&saddr=&daddr=2425+FM+544+Suite+330+Lewisville+TX+75056&z=16&iwloc=A&z=auto
윤찬주 부동산,"5757 Ranchester #1100, Houston, TX 77036",713) 467-8080,https://maps.google.com/maps?f=d&source=s_d&saddr=&daddr=5757+Ranchester+%231100%2C+Houston%2C+TX+77036&z=16&iwloc=A&z=auto
남강,"1411-A Gessner Road, Houston, TX 77080",713) 467-8801,https://maps.google.com/maps?f=d&source=s_d&saddr=&daddr=1411-A+Gessner+Road%2C+Houston%2C+TX+77080&z=16&iwloc=A&z=auto
김길수 에너지 컨설팅 (KS Energy Consultant),"2701 Old Denton Rd. #224, Carrollton, TC 75006",214) 584-7076,https://www.ksenergyconsultant.com
[email protected],"2701 Old Denton Rd. #224, Carrollton, TC 75006",214) 584-7076,https://www.ksenergyconsultant.com
보스 오토바디 & 페인트 샵 (Boss Auto body & Paint shop),"1907 Rhome St. Dallas, TX 75229",469) 835-9027,https://maps.google.com/maps?f=d&source=s_d&saddr=&daddr=1907+Rhome+St.+Dallas%2C+TX+75229&z=16&iwloc=A&z=auto
[email protected],"1907 Rhome St. Dallas, TX 75229",469) 835-9027,https://maps.google.com/maps?f=d&source=s_d&saddr=&daddr=1907+Rhome+St.+Dallas%2C+TX+75229&z=16&iwloc=A&z=auto
Stonebridge Ranch,"5901 Glen Oaks Drive, Mckinney, TX 75070",972) 529-5991,http://www.stonebridgeranchcountryclub.com
Matt Mirarchi Photography,,469) 877-2479,https://www.mattmirarchiphotography.com
송정욱 부동산,"1223 Antoine Drive, Houston, TX 77055",832) 248-1785,https://maps.google.com/maps?f=d&source=s_d&saddr=&daddr=1223+Antoine+Drive%2C+Houston%2C+TX+77055&z=16&iwloc=A&z=auto
업소록,"10516 Katy Fwy, Houston, TX 77043",713) 465-1111 / 9972.242.2445 / 972) 517-4134 / 469) 815-5060 / 713) 697-2929 / 832) 799-2061 / 972) 243-0160 / 972) 243-4478 / 469) 878-0862 / 281) 988-9522,https://maps.google.com/maps?f=d&source=s_d&saddr=&daddr=10516+Katy+Fwy%2C+Houston%2C+TX+77043&z=16&iwloc=A&z=auto
벨 가구점 (Bel Furniture - Memorial),"10516 Katy Fwy, Houston, TX 77043",713) 465-1111 / 9972.242.2445 / 972) 517-4134 / 469) 815-5060 / 713) 697-2929 / 832) 799-2061 / 972) 243-0160 / 972) 243-4478 / 469) 878-0862 / 281) 988-9522,https://maps.google.com/maps?f=d&source=s_d&saddr=&daddr=10516+Katy+Fwy%2C+Houston%2C+TX+77043&z=16&iwloc=A&z=auto
벨 가구점 (Bel Furniture - Memorial),"10516 Katy Fwy, Houston, TX 77043",713) 465-1111,https://maps.google.com/maps?f=d&source=s_d&saddr=&daddr=10516+Katy+Fwy%2C+Houston%2C+TX+77043&z=16&iwloc=A&z=auto
belfurniture.com,"10516 Katy Fwy, Houston, TX 77043",713) 465-1111,https://maps.google.com/maps?f=d&source=s_d&saddr=&daddr=10516+Katy+Fwy%2C+Houston%2C+TX+77043&z=16&iwloc=A&z=auto
함평면옥,"2625 Old Denton Rd. #464, Carrollton, TX 75007 (H 마트 단지 내)",9972.242.2445,https://maps.google.com/maps?f=d&source=s_d&saddr=&daddr=2625+Old+Denton+Rd.+%23464%2C+Carrollton%2C+TX+75007+%28H+%EB%A7%88%ED%8A%B8+%EB%8B%A8%EC%A7%80+%EB%82%B4%29&z=16&iwloc=A&z=auto
리차드슨 한인침례교회,"2800 Custer Pkwy, Richardson, TX 75081",972) 517-4134,https://maps.google.com/maps?f=d&source=s_d&saddr=&daddr=2800+Custer+Pkwy%2C+Richardson%2C+TX+75081&z=16&iwloc=A&z=auto
ZARI,"2615 W Pioneer Pkwy. #124, Dallas, TX 75051",469) 815-5060,http://www.zarionline.com
[email protected],"2615 W Pioneer Pkwy. #124, Dallas, TX 75051",469) 815-5060,http://www.zarionline.com
허일 치과,"5801 Irvington Blvd., Houston, TX 77009",713) 697-2929,https://maps.google.com/maps?f=d&source=s_d&saddr=&daddr=5801+Irvington+Blvd.%2C+Houston%2C+TX+77009&z=16&iwloc=A&z=auto
US 검도 아카데미,"9022 Long Point Road, Houston, TX 77055",832) 799-2061,http://www.uskumdoacademy.com
[email protected],"9022 Long Point Road, Houston, TX 77055",832) 799-2061,http://www.uskumdoacademy.com
한인 YMCA,,972) 243-0160,
9 Rabbits Bakery (9 래비츠 베이커리),"2546 Royal Lane, Dallas, TX 75229",972) 243-4478,http://www.9rabbitsbakery.com
"(Mon-Fri) 8:00am ~ 10:00pm, (Sat) 9:00am ~ 10:30pm, (Sun) 11:30am ~ 10:00pm","2546 Royal Lane, Dallas, TX 75229",972) 243-4478,http://www.9rabbitsbakery.com
백상열 부동산,,469) 878-0862,
업소록,"11500 N. Stemmons Fwy Dallas. #160, TX 75229",972) 241-4524 / 469) 233-1925 / 832) 407-3999 / 214) 402-0094 / 254) 681-4353 / 361) 906-1024 / 888-339-0100 / 972) 867-5888 / 972) 564-8705 / 512) 892-1800 / 214-484-6066,http://thedallaskorea.org
달라스 한인회 (The Korean Society of Dallas),"11500 N. Stemmons Fwy Dallas. #160, TX 75229",972) 241-4524 / 469) 233-1925 / 832) 407-3999 / 214) 402-0094 / 254) 681-4353 / 361) 906-1024 / 888-339-0100 / 972) 867-5888 / 972) 564-8705 / 512) 892-1800 / 214-484-6066,http://thedallaskorea.org
달라스 한인회 (The Korean Society of Dallas),"11500 N. Stemmons Fwy Dallas. #160, TX 75229",972) 241-4524,http://thedallaskorea.org
[email protected],"11500 N. Stemmons Fwy Dallas. #160, TX 75229",972) 241-4524,http://thedallaskorea.org
월드 프라자 (World Plaza),"11536 Harry Hines Blvd., Dallas, TX 75229",469) 233-1925,https://maps.google.com/maps?f=d&source=s_d&saddr=&daddr=11536+Harry+Hines+Blvd.%2C+Dallas%2C+TX+75229&z=16&iwloc=A&z=auto
하우스 닥터,,832) 407-3999,
Gold Lion,"1140 Empire Central Dr #360, Dallas, TX 75247",214) 402-0094,https://maps.google.com/maps?f=d&source=s_d&saddr=&daddr=1140+Empire+Central+Dr+%23360%2C+Dallas%2C+TX+75247&z=16&iwloc=A&z=auto
김현옥 부동산,"2206 E. Central Texas Expressway, Killeen, TX 76541",254) 681-4353,https://maps.google.com/maps?f=d&source=s_d&saddr=&daddr=2206+E.+Central+Texas+Expressway%2C+Killeen%2C+TX+76541&z=16&iwloc=A&z=auto
에어라인 쇼핑센터,"5995 William Drive, Corpus Christi, TX 78412",361) 906-1024,https://maps.google.com/maps?f=d&source=s_d&saddr=&daddr=5995+William+Drive%2C+Corpus+Christi%2C+TX+78412&z=16&iwloc=A&z=auto
Navyz Business Solutions,,888-339-0100,https://www.NAVYZ.com
(Mon-Fri) 9:00am ~ 5:00pm,Texas Anti-Aging Center (Plano),972) 867-5888 / 972) 564-8705,http://www.texasantiagingcenter.com
(Mon-Fri) 9:00am ~ 5:00pm,"6300 Stonewood Dr. #202, Plano, TX 75024",972) 867-5888 / 972) 564-8705,http://www.texasantiagingcenter.com
Buffet Palace,"4608 West Gate Blvd., Austin, TX 78745",512) 892-1800,https://maps.google.com/maps?f=d&source=s_d&saddr=&daddr=4608+West+Gate+Blvd.%2C+Austin%2C+TX+78745&z=16&iwloc=A&z=auto
달맥주,11407 Emerald Street #115. Dallas. TX 75229,214-484-6066,https://maps.google.com/maps?f=d&source=s_d&saddr=&daddr=11407+Emerald+Street+%23115.+Dallas.+TX+75229&z=16&iwloc=A&z=auto
Las Lomas Irving Banquete Halls,"3761 Irving Mall Drive, Irving, TX 75062",214) 693-1714 / 972) 252-5150 / 713) 371-6587 / 469) 330-7711 / 405) 528-2665 / 972) 862-8200 / 806) 544-1333 / 512) 590-0588 / 512) 215-8949 / 972) 481-8800 / 972) 620-8000 / 214.930.5979,https://maps.google.com/maps?f=d&source=s_d&saddr=&daddr=3761+Irving+Mall+Drive%2C+Irving%2C+TX+75062&z=16&iwloc=A&z=auto
irvingbanquethall.com,"3761 Irving Mall Drive, Irving, TX 75062",214) 693-1714 / 972) 252-5150,https://maps.google.com/maps?f=d&source=s_d&saddr=&daddr=3761+Irving+Mall+Drive%2C+Irving%2C+TX+75062&z=16&iwloc=A&z=auto
휴스턴 탁구협회,,713) 371-6587,
Sun Lee TaeKwonDo,"336 W. Campbell Rd, Richardson TX 75080",469) 330-7711,https://maps.google.com/maps?f=d&source=s_d&saddr=&daddr=336+W.+Campbell+Rd%2C+Richardson+TX+75080&z=16&iwloc=A&z=auto
한인제일장로교회,"1100 SW. 66th Street, Oklahoma City, OK 73139",405) 528-2665,http://www.okckfpc.org
[email protected],"1100 SW. 66th Street, Oklahoma City, OK 73139",405) 528-2665,http://www.okckfpc.org
Beauty Point,"6400 W. Plano Pkwy. #5, Plano, TX 75093",972) 862-8200,https://maps.google.com/maps?f=d&source=s_d&saddr=&daddr=6400+W.+Plano+Pkwy.+%235%2C+Plano%2C+TX+75093&z=16&iwloc=A&z=auto
새누리침례교회,"7777 LBJ Freeway, Dallas, TX 75251",806) 544-1333,https://www.facebook.com/saenuric/
[email protected],"7777 LBJ Freeway, Dallas, TX 75251",806) 544-1333,https://www.facebook.com/saenuric/
삼성부동산 (지주환),,512) 590-0588 / 512) 215-8949,
써니 스마일 치과 (Sunny Smile Dentist),"11888 Marsh Ln. #105, Dallas, TX 75244",972) 481-8800,http://www.sunnysmiledentistry.com
[email protected],"11888 Marsh Ln. #105, Dallas, TX 75244",972) 481-8800,http://www.sunnysmiledentistry.com
Courtyard Marriott,"2930 Forest Lane, Dallas, TX 75234",972) 620-8000,http://www.marriott.com/hotels/travel/dalnw-courtyard-dallas-northwest/
Anna Kim 부동산 (김애나 부동산),2625 Old Denton Rd #458 Carrollton TX 75007,214.930.5979,https://maps.google.com/maps?f=d&source=s_d&saddr=&daddr=2625+Old+Denton+Rd+%23458+Carrollton+TX+75007&z=16&iwloc=A&z=auto
[email protected],2625 Old Denton Rd #458 Carrollton TX 75007,214.930.5979,https://maps.google.com/maps?f=d&source=s_d&saddr=&daddr=2625+Old+Denton+Rd+%23458+Carrollton+TX+75007&z=16&iwloc=A&z=auto
업소록,"801 Service Street, Houston, TX 77009",713) 862-2530 / 817) 375-2700 / 844) 330-9844 / 972) 934-8150 / 817) 346-0266 / 281) 855-1441 / 918) 622-0045 / 918) 622-1004 / 201.390.5916 / 972.236.2000 / 469)892-5978 / 214) 351-5100,https://maps.google.com/maps?f=d&source=s_d&saddr=&daddr=801+Service+Street%2C+Houston%2C+TX+77009&z=16&iwloc=A&z=auto
City Wide Wholesale Foods,"801 Service Street, Houston, TX 77009",713) 862-2530 / 817) 375-2700 / 844) 330-9844 / 972) 934-8150 / 817) 346-0266 / 281) 855-1441 / 918) 622-0045 / 918) 622-1004 / 201.390.5916 / 972.236.2000 / 469)892-5978 / 214) 351-5100,https://maps.google.com/maps?f=d&source=s_d&saddr=&daddr=801+Service+Street%2C+Houston%2C+TX+77009&z=16&iwloc=A&z=auto
City Wide Wholesale Foods,"801 Service Street, Houston, TX 77009",713) 862-2530,https://maps.google.com/maps?f=d&source=s_d&saddr=&daddr=801+Service+Street%2C+Houston%2C+TX+77009&z=16&iwloc=A&z=auto
기아 KIA (Patterson Kia of Arlington),"1501 I-20 East, Arlington, TX 76018",817) 375-2700 / 844) 330-9844,https://www.pattersonkia.com
(Mon-Sat) 9:00am ~ 9:00pm,"1501 I-20 East, Arlington, TX 76018",817) 375-2700 / 844) 330-9844,https://www.pattersonkia.com
Kobe Steaks,"5000 Beltline Rd. #600, Dallas, TX 75254",972) 934-8150,https://www.kobesteaks.net
B.A Tailor & Alteration,"6437 McCart Avenue, Fort Worth, TX 76133",817) 346-0266,https://maps.google.com/maps?f=d&source=s_d&saddr=&daddr=6437+McCart+Avenue%2C+Fort+Worth%2C+TX+76133&z=16&iwloc=A&z=auto
론스타 오토서비스,"17715 Clay Road, Houston, TX 77084",281) 855-1441,https://maps.google.com/maps?f=d&source=s_d&saddr=&daddr=17715+Clay+Road%2C+Houston%2C+TX+77084&z=16&iwloc=A&z=auto
털사 한인연합감리교회,"13322 E. 31th Street, Tulsa, OK 74134",918) 622-0045 / 918) 622-1004,http://www.tulsakoreanchurch.com/home
[email protected],"13322 E. 31th Street, Tulsa, OK 74134",918) 622-0045 / 918) 622-1004,http://www.tulsakoreanchurch.com/home
OPEN BANK (오픈뱅크),"2540 Old Denton Rd. #314 Carrollton, TX 75006",972.236.2000,https://maps.google.com/maps?f=d&source=s_d&saddr=&daddr=2540+Old+Denton+Rd.+%23314+Carrollton%2C+TX+75006&z=16&iwloc=A&z=auto
myopenbank.com,"2540 Old Denton Rd. #314 Carrollton, TX 75006",972.236.2000,https://maps.google.com/maps?f=d&source=s_d&saddr=&daddr=2540+Old+Denton+Rd.+%23314+Carrollton%2C+TX+75006&z=16&iwloc=A&z=auto
쥬빌리,"1060 W Frankford Rd Suite 205 Carrollton, TX 75007",469)892-5978,https://maps.google.com/maps?f=d&source=s_d&saddr=&daddr=1060+W+Frankford+Rd+Suite+205+Carrollton%2C+TX+75007&z=16&iwloc=A&z=auto
SK ELECTRIC,"9966 Monroe Street, Dallas, TX 75220",214) 351-5100,https://maps.google.com/maps?f=d&source=s_d&saddr=&daddr=9966+Monroe+Street%2C+Dallas%2C+TX+75220&z=16&iwloc=A&z=auto
skelectric.com,"9966 Monroe Street, Dallas, TX 75220",214) 351-5100,https://maps.google.com/maps?f=d&source=s_d&saddr=&daddr=9966+Monroe+Street%2C+Dallas%2C+TX+75220&z=16&iwloc=A&z=auto
업소록,"3221 Howell Street, Arlington, TX 76010",972) 351-8143 / 214) 727-1396 / 800) 278-5868 / 972) 661-2828 / 972) 423-6804 / 972) 422-8068 / 713) 467-5184 / 817.566.4041 / 214) 718-4900 / 713) 467-8801,https://maps.google.com/maps?f=d&source=s_d&saddr=&daddr=3221+Howell+Street%2C+Arlington%2C+TX+76010&z=16&iwloc=A&z=auto
영원사,"3221 Howell Street, Arlington, TX 76010",972) 351-8143 / 214) 727-1396 / 800) 278-5868 / 972) 661-2828 / 972) 423-6804 / 972) 422-8068 / 713) 467-5184 / 817.566.4041 / 214) 718-4900 / 713) 467-8801,https://maps.google.com/maps?f=d&source=s_d&saddr=&daddr=3221+Howell+Street%2C+Arlington%2C+TX+76010&z=16&iwloc=A&z=auto
영원사,,972) 351-8143,
뉴본교회,"3221 Howell Street, Arlington, TX 76010",214) 727-1396,https://maps.google.com/maps?f=d&source=s_d&saddr=&daddr=3221+Howell+Street%2C+Arlington%2C+TX+76010&z=16&iwloc=A&z=auto
나라 여행사,"600 Data Dr. #101, Plano, TX 75075",800) 278-5868 / 972) 661-2828,https://www.hop2naratravel.com
[email protected],"600 Data Dr. #101, Plano, TX 75075",800) 278-5868 / 972) 661-2828,https://www.hop2naratravel.com
SC Dental Group (Charles Park 치과),"700 Alma Dr. #109, Plano, TX 75075",972) 423-6804,https://www.scdentalimplant.com
[email protected],"700 Alma Dr. #109, Plano, TX 75075",972) 423-6804,https://www.scdentalimplant.com
Los Rios Country Club,"1700 Country Club Dr, Plano, TX 75074",972) 422-8068,https://maps.google.com/maps?f=d&source=s_d&saddr=&daddr=1700+Country+Club+Dr%2C+Plano%2C+TX+75074&z=16&iwloc=A&z=auto
theclubatlosrios.com,"1700 Country Club Dr, Plano, TX 75074",972) 422-8068,https://maps.google.com/maps?f=d&source=s_d&saddr=&daddr=1700+Country+Club+Dr%2C+Plano%2C+TX+75074&z=16&iwloc=A&z=auto
동스오토,"9445 Emnora Lane, Houston, TX 77080",713) 467-5184,https://maps.google.com/maps?f=d&source=s_d&saddr=&daddr=9445+Emnora+Lane%2C+Houston%2C+TX+77080&z=16&iwloc=A&z=auto
켈러 한인제일 침례교회,"225 Keller Parkway, Keller, TX 76248",817.566.4041,http://www.fkbckeller.org
[email protected],"225 Keller Parkway, Keller, TX 76248",817.566.4041,http://www.fkbckeller.org
정지형 부동산,,214) 718-4900,
꽃돼지,"1411-A Gessner Road, Houston, TX 77080",713) 467-8801,https://maps.google.com/maps?f=d&source=s_d&saddr=&daddr=1411-A+Gessner+Road%2C+Houston%2C+TX+77080&z=16&iwloc=A&z=auto
Chong W Kim CPA MST - CK Tax & Consulting,"405 State Highway 121, Ste A250, Lewisville, TX 75067 (Virtual Office)",,https://maps.google.com/maps?f=d&source=s_d&saddr=&daddr=405+State+Highway+121%2C+Ste+A250%2C+Lewisville%2C+TX+75067+%28Virtual+Office%29&z=16&iwloc=A&z=auto
[email protected],"405 State Highway 121, Ste A250, Lewisville, TX 75067 (Virtual Office)",,https://maps.google.com/maps?f=d&source=s_d&saddr=&daddr=405+State+Highway+121%2C+Ste+A250%2C+Lewisville%2C+TX+75067+%28Virtual+Office%29&z=16&iwloc=A&z=auto
업소록,"9750 Brockbank Dr. #1, Dallas, TX 75220",972) 839-8889 / 713) 464-6300 / 972) 205-2795 / 972) 393-6229 / 800) 442-9713 / 972) 485-8004 / 972-600-8002 / 972) 243-9200 / 888) 635-2477 / 469) 471-1168 / 469) 406-9292 / 214) 718-8454,https://maps.google.com/maps?f=d&source=s_d&saddr=&daddr=9750+Brockbank+Dr.+%231%2C+Dallas%2C+TX+75220&z=16&iwloc=A&z=auto
국제장비,"9750 Brockbank Dr. #1, Dallas, TX 75220",972) 839-8889 / 713) 464-6300 / 972) 205-2795 / 972) 393-6229 / 800) 442-9713 / 972) 485-8004 / 972-600-8002 / 972) 243-9200 / 888) 635-2477 / 469) 471-1168 / 469) 406-9292 / 214) 718-8454,https://maps.google.com/maps?f=d&source=s_d&saddr=&daddr=9750+Brockbank+Dr.+%231%2C+Dallas%2C+TX+75220&z=16&iwloc=A&z=auto
국제장비,"9750 Brockbank Dr. #1, Dallas, TX 75220",972) 839-8889,https://maps.google.com/maps?f=d&source=s_d&saddr=&daddr=9750+Brockbank+Dr.+%231%2C+Dallas%2C+TX+75220&z=16&iwloc=A&z=auto
샘스 오토 & 페인트,"1326 Conrad Sauer, Houston, TX 77043",713) 464-6300,https://maps.google.com/maps?f=d&source=s_d&saddr=&daddr=1326+Conrad+Sauer%2C+Houston%2C+TX+77043&z=16&iwloc=A&z=auto
Firewheel Golf,"600 W. Campbell Road, Garland, TX 75044",972) 205-2795,http://www.golffirewheel.com
림스타이거 태권도,"1529 E. Sandy Lake Rd #115, Coppell, TX 75019",972) 393-6229,https://www.limstiger.com
"(Mon-Fri: 11:00am ~ 8:00pm, (Sat) 9:30am ~ 12:00pm, (Sun) Closed","1529 E. Sandy Lake Rd #115, Coppell, TX 75019",972) 393-6229,https://www.limstiger.com
"Dawn Food Products, Inc.","3353 Miller Park S. #100, Garland, TX 75042",800) 442-9713 / 972) 485-8004,https://maps.google.com/maps?f=d&source=s_d&saddr=&daddr=3353+Miller+Park+S.+%23100%2C+Garland%2C+TX+75042&z=16&iwloc=A&z=auto
dawnfoods.com,"3353 Miller Park S. #100, Garland, TX 75042",800) 442-9713 / 972) 485-8004,https://maps.google.com/maps?f=d&source=s_d&saddr=&daddr=3353+Miller+Park+S.+%23100%2C+Garland%2C+TX+75042&z=16&iwloc=A&z=auto
My Family Dentist,1335 N. Belt Line Rd. Ste16 Irving TX 75061,972-600-8002,https://maps.google.com/maps?f=d&source=s_d&saddr=&daddr=1335+N.+Belt+Line+Rd.+Ste16+Irving+TX+75061&z=16&iwloc=A&z=auto
NEW ARK 부동산 (뉴아크 부동산),"2711 Lyndon B Johnson Fwy #720, Dallas TX 75234",,https://maps.google.com/maps?f=d&source=s_d&saddr=&daddr=2711+Lyndon+B+Johnson+Fwy+%23720%2C+Dallas+TX+75234&z=16&iwloc=A&z=auto
Studio Collection,"11834 Harry Hines Blvd. #125, Dallas, TX 75234",972) 243-9200,https://maps.google.com/maps?f=d&source=s_d&saddr=&daddr=11834+Harry+Hines+Blvd.+%23125%2C+Dallas%2C+TX+75234&z=16&iwloc=A&z=auto
혼다 HONDA (Honda of Denton),"4050 South I-35 East, Denton, TX 76210",888) 635-2477 / 469) 471-1168,http://www.hondaofdenton.com
(Mon-Sat) 8:30am ~ 8:00pm,"4050 South I-35 East, Denton, TX 76210",888) 635-2477 / 469) 471-1168,http://www.hondaofdenton.com
CG 냉동*냉장,,469) 406-9292 / 214) 718-8454,
업소록,"2938 W. Sam Houston Pkwy., Houston, TX 77042",713) 785-8899 / 504) 330-5527 / 214) 272-7486 / 972.517.2598 / 817) 330-8088 / 972) 245-0630 / 1560509897571019 / 281) 755-8340 / 512) 453-2552 / 817) 323-4364 / 972) 395-9200,https://www.tokyoonehouston.com
도쿄원,"2938 W. Sam Houston Pkwy., Houston, TX 77042",713) 785-8899 / 504) 330-5527 / 214) 272-7486 / 972.517.2598 / 817) 330-8088 / 972) 245-0630 / 1560509897571019 / 281) 755-8340 / 512) 453-2552 / 817) 323-4364 / 972) 395-9200,https://www.tokyoonehouston.com
도쿄원,"2938 W. Sam Houston Pkwy., Houston, TX 77042",713) 785-8899,https://www.tokyoonehouston.com
코펠 피아노,,504) 330-5527,
고려갈비,"2560 Royal Ln #105 Dallas, TX 75229",214) 272-7486,https://maps.google.com/maps?f=d&source=s_d&saddr=&daddr=2560+Royal+Ln+%23105+Dallas%2C+TX+75229&z=16&iwloc=A&z=auto
S&K 에스앤케이 주류도매,"101 W. Spring Creek Pkwy, Suite 741, Plano, TX 75023",972.517.2598,https://www. snkbeverages.com
스펙트럼 치과,"1007 W. Mitchell St.#201, Arlington, TX 76013",817) 330-8088,https://maps.google.com/maps?f=d&source=s_d&saddr=&daddr=1007+W.+Mitchell+St.%23201%2C+Arlington%2C+TX+76013&z=16&iwloc=A&z=auto
뮤즈헤어 (Muse Hair Salon),"1017 E. Trinity Mills Rd. #124, Carrollton, TX 75006",972) 245-0630 / 1560509897571019,https://www.facebook.com/Muse-Hair-Salon-뮤즈헤어-1560509897571019/
"(Mon-Sat) 10:00am ~ 8:00pm, (Sun) 12:00pm ~ 7:00pm","1017 E. Trinity Mills Rd. #124, Carrollton, TX 75006",972) 245-0630 / 1560509897571019,https://www.facebook.com/Muse-Hair-Salon-뮤즈헤어-1560509897571019/
Pro State 자동차 종합정비,"1235 Blalock Road, Houston, TX 77055",281) 755-8340,https://maps.google.com/maps?f=d&source=s_d&saddr=&daddr=1235+Blalock+Road%2C+Houston%2C+TX+77055&z=16&iwloc=A&z=auto
Calla Florist,"4000 Avenue B, Austin, TX 78751",512) 453-2552,https://maps.google.com/maps?f=d&source=s_d&saddr=&daddr=4000+Avenue+B%2C+Austin%2C+TX+78751&z=16&iwloc=A&z=auto
[email protected],"4000 Avenue B, Austin, TX 78751",512) 453-2552,https://maps.google.com/maps?f=d&source=s_d&saddr=&daddr=4000+Avenue+B%2C+Austin%2C+TX+78751&z=16&iwloc=A&z=auto
열매맺는 교회 (Fruitful Baptist Church),"6600 New York Ave, Arlington, TX 76002",817) 323-4364,https://maps.google.com/maps?f=d&source=s_d&saddr=&daddr=6600+New+York+Ave%2C+Arlington%2C+TX+76002&z=16&iwloc=A&z=auto
anbchurch.org,"6600 New York Ave, Arlington, TX 76002",817) 323-4364,https://maps.google.com/maps?f=d&source=s_d&saddr=&daddr=6600+New+York+Ave%2C+Arlington%2C+TX+76002&z=16&iwloc=A&z=auto
달라스 베다니 장로 교회,"4020 Marchant Boulevard, Carrollton, TX 75010",972) 395-9200,http://www.bethanydallas.org
[email protected],"4020 Marchant Boulevard, Carrollton, TX 75010",972) 395-9200,http://www.bethanydallas.org
업소록,The University of Texas Golf Club,512) 266-6464 / 512) 796-4266 / 214) 534-1508 / 972) 247-4404 / 940.206.4290 / 972-808-7685 / 817-675-1031 / 682.521.7542 / 512) 257-0888 / 713) 663-7800 / 469-502-1555,http://www.utgolfclub.com
어스틴 축구회,The University of Texas Golf Club,512) 266-6464 / 512) 796-4266 / 214) 534-1508 / 972) 247-4404 / 940.206.4290 / 972-808-7685 / 817-675-1031 / 682.521.7542 / 512) 257-0888 / 713) 663-7800 / 469-502-1555,http://www.utgolfclub.com
어스틴 축구회,,512) 796-4266,
쉴만한물가선교원,"3138 W. Northgate Dr. #1088, Irving, TX 75062",214) 534-1508,https://maps.google.com/maps?f=d&source=s_d&saddr=&daddr=3138+W.+Northgate+Dr.+%231088%2C+Irving%2C+TX+75062&z=16&iwloc=A&z=auto
자이언트 간판 (Giant Sign),"11226 Ables Ln, Dallas, TX 75229",972) 247-4404,https://maps.google.com/maps?f=d&source=s_d&saddr=&daddr=11226+Ables+Ln%2C+Dallas%2C+TX+75229&z=16&iwloc=A&z=auto
giantsign.com,"11226 Ables Ln, Dallas, TX 75229",972) 247-4404,https://maps.google.com/maps?f=d&source=s_d&saddr=&daddr=11226+Ables+Ln%2C+Dallas%2C+TX+75229&z=16&iwloc=A&z=auto
새빛 침례교회,"141 S. Main St., Euless, TX 76040",940.206.4290,https://maps.google.com/maps?f=d&source=s_d&saddr=&daddr=141+S.+Main+St.%2C+Euless%2C+TX+76040&z=16&iwloc=A&z=auto
UCBM HVAC,"11150 Morrison Ln. Dallas, TX 75229",972-808-7685 / 817-675-1031,https://maps.google.com/maps?f=d&source=s_d&saddr=&daddr=11150+Morrison+Ln.+Dallas%2C+TX+75229&z=16&iwloc=A&z=auto
[email protected],"11150 Morrison Ln. Dallas, TX 75229",972-808-7685 / 817-675-1031,https://maps.google.com/maps?f=d&source=s_d&saddr=&daddr=11150+Morrison+Ln.+Dallas%2C+TX+75229&z=16&iwloc=A&z=auto
FRY Realty,,682.521.7542,https://www.FRYrealty.com
[email protected],,682.521.7542,https://www.FRYrealty.com
우미야,"1호점 1540 Cypress Creek Rd. #113, Cedar Park, TX 78613 / 2호점 3550 Lake Line Blvd. #100, Leander, TX 78641",512) 257-0888,https://www.umiyaatx.com
퍼블릭 약국,"6510 Hillcroft #100, Houston, TX 77081",713) 663-7800,https://maps.google.com/maps?f=d&source=s_d&saddr=&daddr=6510+Hillcroft+%23100%2C+Houston%2C+TX+77081&z=16&iwloc=A&z=auto
달라스 경희 한의원 & 카이로프랙틱,"445 E Walnut St #139, Richardson, TX 75081",469-502-1555,https://maps.google.com/maps?f=d&source=s_d&saddr=&daddr=445+E+Walnut+St+%23139%2C+Richardson%2C+TX+75081&z=16&iwloc=A&z=auto
업소록,"3827 Vine Crest, Dallas, TX 75229",214) 923-0061 / 405) 245-5570 / 214) 717-1760 / 832) 275-2720 / 713) 278-7800 / 972) 473-9329 / 817) 749-0900 / 713) 783-5655 / 405) 672-4644 / 972) 406-0022,https://maps.google.com/maps?f=d&source=s_d&saddr=&daddr=3827+Vine+Crest%2C+Dallas%2C+TX+75229&z=16&iwloc=A&z=auto
A1 냉동,"3827 Vine Crest, Dallas, TX 75229",214) 923-0061 / 405) 245-5570 / 214) 717-1760 / 832) 275-2720 / 713) 278-7800 / 972) 473-9329 / 817) 749-0900 / 713) 783-5655 / 405) 672-4644 / 972) 406-0022,https://maps.google.com/maps?f=d&source=s_d&saddr=&daddr=3827+Vine+Crest%2C+Dallas%2C+TX+75229&z=16&iwloc=A&z=auto
A1 냉동,"3827 Vine Crest, Dallas, TX 75229",214) 923-0061,https://maps.google.com/maps?f=d&source=s_d&saddr=&daddr=3827+Vine+Crest%2C+Dallas%2C+TX+75229&z=16&iwloc=A&z=auto
오클라호마 교회협의회,,405) 245-5570,
서동욱 부동산,"4615 Wildgrove Dr. Flower Mound, TX 75022",214) 717-1760,https://maps.google.com/maps?f=d&source=s_d&saddr=&daddr=4615+Wildgrove+Dr.+Flower+Mound%2C+TX+75022&z=16&iwloc=A&z=auto
[email protected],"4615 Wildgrove Dr. Flower Mound, TX 75022",214) 717-1760,https://maps.google.com/maps?f=d&source=s_d&saddr=&daddr=4615+Wildgrove+Dr.+Flower+Mound%2C+TX+75022&z=16&iwloc=A&z=auto
휴스턴 기독교 교회연합회,,832) 275-2720,
스피디 오토,"2026 Gessner Rd. #H, Houston, TX 77080",713) 278-7800,https://maps.google.com/maps?f=d&source=s_d&saddr=&daddr=2026+Gessner+Rd.+%23H%2C+Houston%2C+TX+77080&z=16&iwloc=A&z=auto
Fin Sushi & Sake Bar,"6149 Windhaven Pkwy. #F-140, Plano, TX 75093",972) 473-9329,http://www.finsakebar.com
Sushi Zen,"2600 E. Southlake Blvd. #100, Southlake, TX 76092",817) 749-0900,https://www.gosushizen.com
패션 이스타,"5914 Hillcroft #B-2, Houston, TX 77036",713) 783-5655,https://maps.google.com/maps?f=d&source=s_d&saddr=&daddr=5914+Hillcroft+%23B-2%2C+Houston%2C+TX+77036&z=16&iwloc=A&z=auto
전주식당,"217 S Sooner Road, Del City, OK 73110",405) 672-4644,https://maps.google.com/maps?f=d&source=s_d&saddr=&daddr=217+S+Sooner+Road%2C+Del+City%2C+OK+73110&z=16&iwloc=A&z=auto
Bosuk Corporation,"11526 Harry Hines Blvd. #102, Dallas, TX 75229",972) 406-0022,https://maps.google.com/maps?f=d&source=s_d&saddr=&daddr=11526+Harry+Hines+Blvd.+%23102%2C+Dallas%2C+TX+75229&z=16&iwloc=A&z=auto
업소록,"3720 N. Josey Ln. #118, Carrollton, Texas 75007",214) 229-6606 / 972) 878-9414 / 469-289-3017 / 972) 510-9647 / 469) 758-6392 / 512) 258-1621 / 469) 786-5030 / 972) 888-3888 / 713) 614-3975 / 713) 468-4545,https://maps.google.com/maps?f=d&source=s_d&saddr=&daddr=3720+N.+Josey+Ln.+%23118%2C+Carrollton%2C+Texas+75007&z=16&iwloc=A&z=auto
달라스 한인 연극협회,"3720 N. Josey Ln. #118, Carrollton, Texas 75007",214) 229-6606 / 972) 878-9414 / 469-289-3017 / 972) 510-9647 / 469) 758-6392 / 512) 258-1621 / 469) 786-5030 / 972) 888-3888 / 713) 614-3975 / 713) 468-4545,https://maps.google.com/maps?f=d&source=s_d&saddr=&daddr=3720+N.+Josey+Ln.+%23118%2C+Carrollton%2C+Texas+75007&z=16&iwloc=A&z=auto
달라스 한인 연극협회,,214) 229-6606,
변호정 피아노 레슨,,972) 878-9414,
락크랩 앤 윙즈 (Roc Crab & Wings),"3720 N. Josey Ln. #118, Carrollton, Texas 75007",469-289-3017,https://maps.google.com/maps?f=d&source=s_d&saddr=&daddr=3720+N.+Josey+Ln.+%23118%2C+Carrollton%2C+Texas+75007&z=16&iwloc=A&z=auto
Selah Skincare,"475 SH 121 #200 Room 203, Lewisville, TX 75067",972) 510-9647,https://maps.google.com/maps?f=d&source=s_d&saddr=&daddr=475+SH+121+%23200+Room+203%2C+Lewisville%2C+TX+75067&z=16&iwloc=A&z=auto
쌀쌀맞은 닭 캐롤톤점(Rice Chicken Carrollton),"2540 Old Denton Rd, Carrollton, TX 75006",469) 758-6392,https://www.ssalchicken.com
"(Sun-Wed) 11:30AM ~ 12AM, (Thur-Sat) 11:30AM ~ 2AM","2540 Old Denton Rd, Carrollton, TX 75006",469) 758-6392,https://www.ssalchicken.com
Balcones Country Club,"8600 Balcones Club Drive, Austin, TX 78750",512) 258-1621,http://www.balconescountryclub.com
Wow Dounts & Drips,"6509 W. Park BLVD Plano, Texas 75093",469) 786-5030,https://www.wowdonutsanddrips.com
Monday - Saturday | 7:00AM - 10:00PM Sunday | 7:00AM - 9:00PM,"6509 W. Park BLVD Plano, Texas 75093",469) 786-5030,https://www.wowdonutsanddrips.com
Champs Restaurant Supply,"430 N Coit Rd. #100, Richardson, TX 75080",972) 888-3888,https://maps.google.com/maps?f=d&source=s_d&saddr=&daddr=430+N+Coit+Rd.+%23100%2C+Richardson%2C+TX+75080&z=16&iwloc=A&z=auto
champsdepot.com,"430 N Coit Rd. #100, Richardson, TX 75080",972) 888-3888,https://maps.google.com/maps?f=d&source=s_d&saddr=&daddr=430+N+Coit+Rd.+%23100%2C+Richardson%2C+TX+75080&z=16&iwloc=A&z=auto
매리 안 부동산,"24044 Cinco Village Center #150, Katy, TX 77494",713) 614-3975,https://maps.google.com/maps?f=d&source=s_d&saddr=&daddr=24044+Cinco+Village+Center+%23150%2C+Katy%2C+TX+77494&z=16&iwloc=A&z=auto
프로 이발관,"10045 Long Point Road, Houston, TX 77055",713) 468-4545,https://maps.google.com/maps?f=d&source=s_d&saddr=&daddr=10045+Long+Point+Road%2C+Houston%2C+TX+77055&z=16&iwloc=A&z=auto
업소록,"2257 Royal Ln #102, Dallas, TX 75229",832) 542-5985 / 469) 620-6199 / 972) 484-6062 / 972) 573-7819 / 972) 247-4514 / 972)276-2098 / 713) 266-5768 / 972) 822-3545 / 210) 662-6699 / 281) 213-8386,https://maps.google.com/maps?f=d&source=s_d&saddr=&daddr=2257+Royal+Ln+%23102%2C+Dallas%2C+TX+75229&z=16&iwloc=A&z=auto
휴스턴 마라톤협회,"2257 Royal Ln #102, Dallas, TX 75229",832) 542-5985 / 469) 620-6199 / 972) 484-6062 / 972) 573-7819 / 972) 247-4514 / 972)276-2098 / 713) 266-5768 / 972) 822-3545 / 210) 662-6699 / 281) 213-8386,https://maps.google.com/maps?f=d&source=s_d&saddr=&daddr=2257+Royal+Ln+%23102%2C+Dallas%2C+TX+75229&z=16&iwloc=A&z=auto
휴스턴 마라톤협회,,832) 542-5985,
마라바 헤어 살롱 (Maraba Hair Salon),"2257 Royal Ln #102, Dallas, TX 75229",469) 620-6199,https://maps.google.com/maps?f=d&source=s_d&saddr=&daddr=2257+Royal+Ln+%23102%2C+Dallas%2C+TX+75229&z=16&iwloc=A&z=auto
Young Trading Co,"11410 Harry Hines Boulevard #D, Dallas, TX 75229",972) 484-6062,http://www.theyoungtrading.com
루민 내과병원 Lumin Care (Plano),"4090 Mapleshade Ln. #100, Plano, TX 75093",972) 573-7819,https://www.LuminHealth.com
(Mon-Fri) 9:00am ~ 4:00pm (Korean),"4090 Mapleshade Ln. #100, Plano, TX 75093",972) 573-7819,https://www.LuminHealth.com
Best Choice Trading,"11410 Harry Hines Blvd. #101, Dallas, TX 75229",972) 247-4514,http://e-bestchoice.com
(Mon-Sat) 9:00am ~ 6:00pm,"11410 Harry Hines Blvd. #101, Dallas, TX 75229",972) 247-4514,http://e-bestchoice.com
웨슬리 교회,"2436 Marsh Lane, Carrollton, TX 75006",972)276-2098,http://www.wkumc.org
사사키,"8979 Westheimer Road, Houston, TX 77063",713) 266-5768,https://maps.google.com/maps?f=d&source=s_d&saddr=&daddr=8979+Westheimer+Road%2C+Houston%2C+TX+77063&z=16&iwloc=A&z=auto
펜타 수영클럽 (Penta Swim Club),"1 Hornet Road, Addison, TX 75001(Greenhill School)",972) 822-3545,http://www.pentaswimclub.com
[email protected],"1 Hornet Road, Addison, TX 75001(Greenhill School)",972) 822-3545,http://www.pentaswimclub.com
국회가든 (Kiku Garden),"4527 Goldfield Drive, San Antonio, TX 78218",210) 662-6699,https://maps.google.com/maps?f=d&source=s_d&saddr=&daddr=4527+Goldfield+Drive%2C+San+Antonio%2C+TX+78218&z=16&iwloc=A&z=auto
이부령 회계사,"10016 Long Point Road, Houston, TX 77055",281) 213-8386,https://maps.google.com/maps?f=d&source=s_d&saddr=&daddr=10016+Long+Point+Road%2C+Houston%2C+TX+77055&z=16&iwloc=A&z=auto
업소록,"6601 Carriage Drive, Colleyville, TX 76034",817) 845-2691 / 512) 326-5807 / 214) 648-3111 / 479) 636-8110 / 832) 448-8828 / 281) 777-1079 / 713) 932-9212 / 405) 677-8007 / 469) 563-7169 / 817) 926-1515 / 972) 312-1900,https://maps.google.com/maps?f=d&source=s_d&saddr=&daddr=6601+Carriage+Drive%2C+Colleyville%2C+TX+76034&z=16&iwloc=A&z=auto
세계 한민족 여성 네트워크,"6601 Carriage Drive, Colleyville, TX 76034",817) 845-2691 / 512) 326-5807 / 214) 648-3111 / 479) 636-8110 / 832) 448-8828 / 281) 777-1079 / 713) 932-9212 / 405) 677-8007 / 469) 563-7169 / 817) 926-1515 / 972) 312-1900,https://maps.google.com/maps?f=d&source=s_d&saddr=&daddr=6601+Carriage+Drive%2C+Colleyville%2C+TX+76034&z=16&iwloc=A&z=auto
세계 한민족 여성 네트워크,"6601 Carriage Drive, Colleyville, TX 76034",817) 845-2691,https://maps.google.com/maps?f=d&source=s_d&saddr=&daddr=6601+Carriage+Drive%2C+Colleyville%2C+TX+76034&z=16&iwloc=A&z=auto
서울 레스토랑 & DK Sushi Bar,"6400 South 1st St. Center #C, Austin, TX 78745",512) 326-5807,https://maps.google.com/maps?f=d&source=s_d&saddr=&daddr=6400+South+1st+St.+Center+%23C%2C+Austin%2C+TX+78745&z=16&iwloc=A&z=auto
dksushi.com,"6400 South 1st St. Center #C, Austin, TX 78745",512) 326-5807,https://maps.google.com/maps?f=d&source=s_d&saddr=&daddr=6400+South+1st+St.+Center+%23C%2C+Austin%2C+TX+78745&z=16&iwloc=A&z=auto
오픈도어한인교회,"2400 W. Oak Street, Rogers, AR 72758",479) 636-8110,http://www.ibcd.net/opendoor
비에호아,"8300 W. Sam Houston Pkwy., Houston, TX 77072",832) 448-8828,https://maps.google.com/maps?f=d&source=s_d&saddr=&daddr=8300+W.+Sam+Houston+Pkwy.%2C+Houston%2C+TX+77072&z=16&iwloc=A&z=auto
백향목 건강마을,"10001 Long Point #G, Houston, TX 77055",281) 777-1079 / 713) 932-9212,https://maps.google.com/maps?f=d&source=s_d&saddr=&daddr=10001+Long+Point+%23G%2C+Houston%2C+TX+77055&z=16&iwloc=A&z=auto
현대 비디오,"4829 SE 29th Street, Del City, OK 73115",405) 677-8007,https://maps.google.com/maps?f=d&source=s_d&saddr=&daddr=4829+SE+29th+Street%2C+Del+City%2C+OK+73115&z=16&iwloc=A&z=auto
달라스 에어로빅 동호회,,469) 563-7169,
삼원가든 (Samwon Garden),"5201 McCart Ave. #B, Fort Worth, TX 76115",817) 926-1515,https://maps.google.com/maps?f=d&source=s_d&saddr=&daddr=5201+McCart+Ave.+%23B%2C+Fort+Worth%2C+TX+76115&z=16&iwloc=A&z=auto
Bong's Master Tailor (Plano),"811 N. Central Exwy. #2275, Plano, TX 75075",972) 312-1900,https://maps.google.com/maps?f=d&source=s_d&saddr=&daddr=811+N.+Central+Exwy.+%232275%2C+Plano%2C+TX+75075&z=16&iwloc=A&z=auto
업소록,"4215 Fairway Dr, Suite 132 Carrollton, TX 75010",469) 655-3790 / 469 993 9434 / 682) 200-1483 / 214) 872-4100 / 213) 999-7615 / 469-449-3792 / 254) 699-4081 / 888-271-0694 / 713) 457-5500 / 972) 242-2014,https://maps.google.com/maps?f=d&source=s_d&saddr=&daddr=4215+Fairway+Dr%2C+Suite+132+Carrollton%2C+TX+75010&z=16&iwloc=A&z=auto
Lime Creative (웹사이트 제작),"4215 Fairway Dr, Suite 132 Carrollton, TX 75010",469) 655-3790 / 469 993 9434 / 682) 200-1483 / 214) 872-4100 / 213) 999-7615 / 469-449-3792 / 254) 699-4081 / 888-271-0694 / 713) 457-5500 / 972) 242-2014,https://maps.google.com/maps?f=d&source=s_d&saddr=&daddr=4215+Fairway+Dr%2C+Suite+132+Carrollton%2C+TX+75010&z=16&iwloc=A&z=auto
Lime Creative (웹사이트 제작),,469) 655-3790,
석면 인스펙션 (Asbestos Inspection),"4215 Fairway Dr, Suite 132 Carrollton, TX 75010",469 993 9434,https://maps.google.com/maps?f=d&source=s_d&saddr=&daddr=4215+Fairway+Dr%2C+Suite+132+Carrollton%2C+TX+75010&z=16&iwloc=A&z=auto
Vandergriff Honda (밴더그리프 혼다),"1104 W Interstate 20, Arlington, TX 76017",682) 200-1483,https://www.vandergriffhonda.com
7 am - 9 pm,"1104 W Interstate 20, Arlington, TX 76017",682) 200-1483,https://www.vandergriffhonda.com
프리스코 오디오 틴트 (Frisco Audio Tint),"3288 Main St, #104, Frisco, TX 75033",214) 872-4100,https://maps.google.com/maps?f=d&source=s_d&saddr=&daddr=3288+Main+St%2C+%23104%2C+Frisco%2C+TX+75033&z=16&iwloc=A&z=auto
[email protected],"3288 Main St, #104, Frisco, TX 75033",214) 872-4100,https://maps.google.com/maps?f=d&source=s_d&saddr=&daddr=3288+Main+St%2C+%23104%2C+Frisco%2C+TX+75033&z=16&iwloc=A&z=auto
팔레스뷰티,,213) 999-7615,https://maps.google.com/maps?f=d&source=s_d&saddr=&daddr=%ED%95%9C%EB%82%A8%EC%B2%B4%EC%9D%B8+%EC%98%86+%ED%8C%94%EB%A0%88%EC%8A%A4+%EB%B7%B0%ED%8B%B0&z=16&iwloc=A&z=auto
이돈진 부동산 (Lee Donjin Realtor),"716 Lake Carolyn Pkwy. #123, Irving, TX 75039",469-449-3792,https://maps.google.com/maps?f=d&source=s_d&saddr=&daddr=716+Lake+Carolyn+Pkwy.+%23123%2C+Irving%2C+TX+75039&z=16&iwloc=A&z=auto
[email protected],"716 Lake Carolyn Pkwy. #123, Irving, TX 75039",469-449-3792,https://maps.google.com/maps?f=d&source=s_d&saddr=&daddr=716+Lake+Carolyn+Pkwy.+%23123%2C+Irving%2C+TX+75039&z=16&iwloc=A&z=auto
이그재큐티브 모텔,"1601 E. Cenral TX Expressway, Killeen, TX 76541",254) 699-4081,https://maps.google.com/maps?f=d&source=s_d&saddr=&daddr=1601+E.+Cenral+TX+Expressway%2C+Killeen%2C+TX+76541&z=16&iwloc=A&z=auto
SQUARECAP Financial Solutions LLC,"15400 Knoll Trail Drive, Dallas, Texas 75248",888-271-0694,https://maps.google.com/maps?f=d&source=s_d&saddr=&daddr=15400+Knoll+Trail+Drive%2C+Dallas%2C+Texas+75248&z=16&iwloc=A&z=auto
squarecapfinancialsolutions.com,"15400 Knoll Trail Drive, Dallas, Texas 75248",888-271-0694,https://maps.google.com/maps?f=d&source=s_d&saddr=&daddr=15400+Knoll+Trail+Drive%2C+Dallas%2C+Texas+75248&z=16&iwloc=A&z=auto
벨레어 메디칼,"12924 Bellaire, Houston, TX 77072",713) 457-5500,https://maps.google.com/maps?f=d&source=s_d&saddr=&daddr=12924+Bellaire%2C+Houston%2C+TX+77072&z=16&iwloc=A&z=auto
Cody Collection (신발),"2625 Old Denton Rd. #341, Carrollton, TX 75007",972) 242-2014,https://maps.google.com/maps?f=d&source=s_d&saddr=&daddr=2625+Old+Denton+Rd.+%23341%2C+Carrollton%2C+TX+75007&z=16&iwloc=A&z=auto
주님의 교회,"1204 Larner Road, Carrollton, TX 75006",972) 242-1104 / 713) 461-5265 / 972) 263-0123 / 972) 247-5670 / 469) 879-2173 / 214) 675-5288 / 469) 688-1650 / 501) 562-0700 / 713) 465-3858 / 713) 866-4802 / 817) 453-8722 / 97.141693 / 32.563183,https://www.kclord.org
주님의 교회,"1204 Larner Road, Carrollton, TX 75006",972) 242-1104,https://www.kclord.org
[email protected],"1204 Larner Road, Carrollton, TX 75006",972) 242-1104,https://www.kclord.org
본가,"9861 Long Point Rd. #G, Houston, TX 77055",713) 461-5265,https://maps.google.com/maps?f=d&source=s_d&saddr=&daddr=9861+Long+Point+Rd.+%23G%2C+Houston%2C+TX+77055&z=16&iwloc=A&z=auto
서울약국 (동우한의원),"2552 Royal Lane, Dallas, TX 75229",972) 263-0123 / 972) 247-5670,http://www.pharmacaredrug.com/Home
"(Mon-Fri) 9:00am ~ 6:00pm, (Sat) 9:30am ~ 3:00pm, (Lunch) 12:30pm ~ 1:30pm","2552 Royal Lane, Dallas, TX 75229",972) 263-0123 / 972) 247-5670,http://www.pharmacaredrug.com/Home
박장호 부동산,,469) 879-2173,
기독봉사회,"4120 Burnhill Drive, Plano, TX 75024",214) 675-5288,https://maps.google.com/maps?f=d&source=s_d&saddr=&daddr=4120+Burnhill+Drive%2C+Plano%2C+TX+75024&z=16&iwloc=A&z=auto
예향침례교회,"1921 E. Spring Valley Road, Richardson, TX 75081",469) 688-1650,https://maps.google.com/maps?f=d&source=s_d&saddr=&daddr=1921+E.+Spring+Valley+Road%2C+Richardson%2C+TX+75081&z=16&iwloc=A&z=auto
뷰티 갤러리,"5919 Baseline Road, Little Rock, AR 72209",501) 562-0700,https://maps.google.com/maps?f=d&source=s_d&saddr=&daddr=5919+Baseline+Road%2C+Little+Rock%2C+AR+72209&z=16&iwloc=A&z=auto
권선정 회계사,"9600 Long Point Rd. #224, Houston, TX 75055",713) 465-3858,https://maps.google.com/maps?f=d&source=s_d&saddr=&daddr=9600+Long+Point+Rd.+%23224%2C+Houston%2C+TX+75055&z=16&iwloc=A&z=auto
올 케어 인더스트리스,"9050 Emnora Ln. #G, Houston, TX 77080",713) 866-4802,https://maps.google.com/maps?f=d&source=s_d&saddr=&daddr=9050+Emnora+Ln.+%23G%2C+Houston%2C+TX+77080&z=16&iwloc=A&z=auto
홀리데이 인 (Mansfield Holiday Inn),https://www.ihg.com/holidayinnexpress/hotels/us/en/mansfield/mfdtx/hoteldetail?qRef=sr&qDest=Mansfield%2C+TX%2C+United+States%2C+76063&qRpn=1&qChld=0&qSrt=sBR&qSHp=1&qSmP=3&qGRM=0&qLng=-97.141693&qRdU=1&qRms=1&srb_u=1&qAdlt=1&qPSt=0&qRtP=6CBARC&qLat=32.563183&qRmP=3&qRRSrt=rt&qRad=30&qRpp=20&qBrs=ic.ki.cp.in.vn.hi.ex.rs.cv.sb.cw.ul.sp.nd.ct&qWch=0,817) 453-8722 / 97.141693 / 32.563183,https://www.ihg.com/holidayinnexpress/hotels/us/en/mansfield/mfdtx/hoteldetail?qRef=sr&qDest=Mansfield%2C+TX%2C+United+States%2C+76063&qRpn=1&qChld=0&qSrt=sBR&qSHp=1&qSmP=3&qGRM=0&qLng=-97.141693&qRdU=1&qRms=1&srb_u=1&qAdlt=1&qPSt=0&qRtP=6CBARC&qLat=32.563183&qRmP=3&qRRSrt=rt&qRad=30&qRpp=20&qBrs=ic.ki.cp.in.vn.hi.ex.rs.cv.sb.cw.ul.sp.nd.ct&qWch=0
[email protected],https://www.ihg.com/holidayinnexpress/hotels/us/en/mansfield/mfdtx/hoteldetail?qRef=sr&qDest=Mansfield%2C+TX%2C+United+States%2C+76063&qRpn=1&qChld=0&qSrt=sBR&qSHp=1&qSmP=3&qGRM=0&qLng=-97.141693&qRdU=1&qRms=1&srb_u=1&qAdlt=1&qPSt=0&qRtP=6CBARC&qLat=32.563183&qRmP=3&qRRSrt=rt&qRad=30&qRpp=20&qBrs=ic.ki.cp.in.vn.hi.ex.rs.cv.sb.cw.ul.sp.nd.ct&qWch=0,817) 453-8722 / 97.141693 / 32.563183,https://www.ihg.com/holidayinnexpress/hotels/us/en/mansfield/mfdtx/hoteldetail?qRef=sr&qDest=Mansfield%2C+TX%2C+United+States%2C+76063&qRpn=1&qChld=0&qSrt=sBR&qSHp=1&qSmP=3&qGRM=0&qLng=-97.141693&qRdU=1&qRms=1&srb_u=1&qAdlt=1&qPSt=0&qRtP=6CBARC&qLat=32.563183&qRmP=3&qRRSrt=rt&qRad=30&qRpp=20&qBrs=ic.ki.cp.in.vn.hi.ex.rs.cv.sb.cw.ul.sp.nd.ct&qWch=0
업소록,"7210 Caracara Drive, Houston, TX 77040",713) 856-0877 / 817) 370-0685 / 214) 893-3741 / 972) 363-3970 / 214) 352-4989 / 972) 849.0750 / 512) 467-8100 / 972) 881-1915 / 469) 888-4169 / 972) 241-0550 / 214) 435-8460 / 281) 482-0060,https://maps.google.com/maps?f=d&source=s_d&saddr=&daddr=7210+Caracara+Drive%2C+Houston%2C+TX+77040&z=16&iwloc=A&z=auto
시스트로닉스 시스템,"7210 Caracara Drive, Houston, TX 77040",713) 856-0877 / 817) 370-0685 / 214) 893-3741 / 972) 363-3970 / 214) 352-4989 / 972) 849.0750 / 512) 467-8100 / 972) 881-1915 / 469) 888-4169 / 972) 241-0550 / 214) 435-8460 / 281) 482-0060,https://maps.google.com/maps?f=d&source=s_d&saddr=&daddr=7210+Caracara+Drive%2C+Houston%2C+TX+77040&z=16&iwloc=A&z=auto
시스트로닉스 시스템,"7210 Caracara Drive, Houston, TX 77040",713) 856-0877,https://maps.google.com/maps?f=d&source=s_d&saddr=&daddr=7210+Caracara+Drive%2C+Houston%2C+TX+77040&z=16&iwloc=A&z=auto
Ume Sushi & Korean BBQ,"4750 Bryant Irvin Rd. #842, Fort Worth, TX 76132",817) 370-0685,https://www.facebook.com/Umesushiandkoreanbbq/
[email protected],"4750 Bryant Irvin Rd. #842, Fort Worth, TX 76132",817) 370-0685,https://www.facebook.com/Umesushiandkoreanbbq/
하모니 물리치료 (Harmony Physical Therapy),"870 Hebron Parkway #203 Lewisville, TX 75057",214) 893-3741 / 972) 363-3970,https://youtu.be/kq_EUKw58Fg
[email protected],"870 Hebron Parkway #203 Lewisville, TX 75057",214) 893-3741 / 972) 363-3970,https://youtu.be/kq_EUKw58Fg
미래부동산(Future Commercial Realty Advisory),"2560 Royal Ln. Suite 210, Dallas, TX 75229",214) 352-4989 / 972) 849.0750,https://maps.google.com/maps?f=d&source=s_d&saddr=&daddr=2560+Royal+Ln.+Suite+210%2C+Dallas%2C+TX+75229&z=16&iwloc=A&z=auto
[email protected],"2560 Royal Ln. Suite 210, Dallas, TX 75229",214) 352-4989 / 972) 849.0750,https://maps.google.com/maps?f=d&source=s_d&saddr=&daddr=2560+Royal+Ln.+Suite+210%2C+Dallas%2C+TX+75229&z=16&iwloc=A&z=auto
크리켓 버넷,"5905 Burnet Road, Austin, TX 78757",512) 467-8100,https://maps.google.com/maps?f=d&source=s_d&saddr=&daddr=5905+Burnet+Road%2C+Austin%2C+TX+78757&z=16&iwloc=A&z=auto
국제음악학원,"3321 Premier Dr #A, Plano, TX 75023",972) 881-1915,https://maps.google.com/maps?f=d&source=s_d&saddr=&daddr=3321+Premier+Dr+%23A%2C+Plano%2C+TX+75023&z=16&iwloc=A&z=auto
iheart Kolache (Frisco),"6851 Warren Pkwy #105, Frisco, TX 75034",469) 888-4169,http://iheartkolache.com/
"(Mon-Fri) 6:00am ~ 2:00pm, (Sat) 6:30am ~ 2:30pm","6851 Warren Pkwy #105, Frisco, TX 75034",469) 888-4169,http://iheartkolache.com/
필립 김 보험,"2828 Forest Ln. #1031, Dallas, TX 75234",972) 241-0550,https://maps.google.com/maps?f=d&source=s_d&saddr=&daddr=2828+Forest+Ln.+%231031%2C+Dallas%2C+TX+75234&z=16&iwloc=A&z=auto
리사 최 부동산,,214) 435-8460,http://www.naidizain.com
US 태권도,"301 West Edgewood, Friendswood, TX 77546",281) 482-0060,https://maps.google.com/maps?f=d&source=s_d&saddr=&daddr=301+West+Edgewood%2C+Friendswood%2C+TX+77546&z=16&iwloc=A&z=auto
업소록,"10122 Long Point #100, Houston, TX 77043",713) 932-9600 / 972) 242-2424 / 469) 303-7000 / 281) 398-8868 / 512) 300-0972 / 972) 870-3913 / 972) 870-3900 / 713) 526-6888 / 972) 980-0231 / 281) 605-0790,https://maps.google.com/maps?f=d&source=s_d&saddr=&daddr=10122+Long+Point+%23100%2C+Houston%2C+TX+77043&z=16&iwloc=A&z=auto
아주 보험,"10122 Long Point #100, Houston, TX 77043",713) 932-9600 / 972) 242-2424 / 469) 303-7000 / 281) 398-8868 / 512) 300-0972 / 972) 870-3913 / 972) 870-3900 / 713) 526-6888 / 972) 980-0231 / 281) 605-0790,https://maps.google.com/maps?f=d&source=s_d&saddr=&daddr=10122+Long+Point+%23100%2C+Houston%2C+TX+77043&z=16&iwloc=A&z=auto
아주 보험,"10122 Long Point #100, Houston, TX 77043",713) 932-9600,https://maps.google.com/maps?f=d&source=s_d&saddr=&daddr=10122+Long+Point+%23100%2C+Houston%2C+TX+77043&z=16&iwloc=A&z=auto
코코호두 (Cocohodo Walnut Pastry),"2625 Old Denton Rd #340, Carrollton, TX 75007",972) 242-2424,http://cocohodo.us
달라스 어린이 병원 (플레이노) - Children's Medical Center Plano,"7601 Preston Road, Plano, TX 75024",469) 303-7000,http://www.childrens.com
E Star 부페 (Katy),"20235 Katy Frwy. #E, Houston, TX 77450",281) 398-8868,https://maps.google.com/maps?f=d&source=s_d&saddr=&daddr=20235+Katy+Frwy.+%23E%2C+Houston%2C+TX+77450&z=16&iwloc=A&z=auto
CNN 헤어살롱,"7020 Easy Wind Dr. #110, Austin, TX 78752",512) 300-0972,https://maps.google.com/maps?f=d&source=s_d&saddr=&daddr=7020+Easy+Wind+Dr.+%23110%2C+Austin%2C+TX+78752&z=16&iwloc=A&z=auto
시온마켓 푸드코트 Zion Market Food Court,"2405 S.Stemmons Fwy. Lewisville, TX 75067",,https://maps.google.com/maps?f=d&source=s_d&saddr=&daddr=2405+S.Stemmons+Fwy.+Lewisville%2C+TX+75067&z=16&iwloc=A&z=auto
"Smisho Computer Systems, Inc","6363 N. State Highway 161 #600, Irving, TX 75038",972) 870-3913 / 972) 870-3900,https://maps.google.com/maps?f=d&source=s_d&saddr=&daddr=6363+N.+State+Highway+161+%23600%2C+Irving%2C+TX+75038&z=16&iwloc=A&z=auto
scsusa.com,"6363 N. State Highway 161 #600, Irving, TX 75038",972) 870-3913 / 972) 870-3900,https://maps.google.com/maps?f=d&source=s_d&saddr=&daddr=6363+N.+State+Highway+161+%23600%2C+Irving%2C+TX+75038&z=16&iwloc=A&z=auto
Maiko 스시,"2946 S. Shepherd, Houston, TX 77098",713) 526-6888,https://maps.google.com/maps?f=d&source=s_d&saddr=&daddr=2946+S.+Shepherd%2C+Houston%2C+TX+77098&z=16&iwloc=A&z=auto
Sun's Tailor (Dallas),"15615 Coit Rd., Dallas, TX 75248",972) 980-0231,https://maps.google.com/maps?f=d&source=s_d&saddr=&daddr=15615+Coit+Rd.%2C+Dallas%2C+TX+75248&z=16&iwloc=A&z=auto
상공회,,281) 605-0790,
업소록,10858 Harry Hines Blvd # 300 Dallas TX 75220,972) 243-6881 / 281) 409-8800 / 512) 218-8083 / 512.342.1055 / 469) 906-3956 / 214) 854-8888 / 713) 785-6110 / 254) 200-2885 / 512) 832-6606 / 512) 832-6020 / 214) 287-9445 / 972) 484-0100,http://www.winnerwireless.com
Winner Wireless,10858 Harry Hines Blvd # 300 Dallas TX 75220,972) 243-6881 / 281) 409-8800 / 512) 218-8083 / 512.342.1055 / 469) 906-3956 / 214) 854-8888 / 713) 785-6110 / 254) 200-2885 / 512) 832-6606 / 512) 832-6020 / 214) 287-9445 / 972) 484-0100,http://www.winnerwireless.com
Winner Wireless,10858 Harry Hines Blvd # 300 Dallas TX 75220,972) 243-6881,http://www.winnerwireless.com
남부교회,"4740 Dacoma Street, Houston, TX 77092",281) 409-8800,https://maps.google.com/maps?f=d&source=s_d&saddr=&daddr=4740+Dacoma+Street%2C+Houston%2C+TX+77092&z=16&iwloc=A&z=auto
리스 페인트 (Lee's Painting & Maintenance),"1011 Wilderness Path, Round Rock, TX 78665",512) 218-8083,https://maps.google.com/maps?f=d&source=s_d&saddr=&daddr=1011+Wilderness+Path%2C+Round+Rock%2C+TX+78665&z=16&iwloc=A&z=auto
어스틴 한인 공인회계사 / 연방세무사,,512.342.1055,https://www.Jaejinyangcpa.com
[email protected],,512.342.1055,https://www.Jaejinyangcpa.com
파트너 종합건축 & 부동산,,469) 906-3956 / 214) 854-8888,http://www.tx8949.com/
(Mon-Fri) 9:00am ~ 9:00pm,,469) 906-3956 / 214) 854-8888,http://www.tx8949.com/
주나 트레이딩,"7501 Harwin Dr. #102-A, Houston, TX 77036",713) 785-6110,https://maps.google.com/maps?f=d&source=s_d&saddr=&daddr=7501+Harwin+Dr.+%23102-A%2C+Houston%2C+TX+77036&z=16&iwloc=A&z=auto
영한의원,"201 N. Gray St. #A, Killeen, TX 76541",254) 200-2885,https://maps.google.com/maps?f=d&source=s_d&saddr=&daddr=201+N.+Gray+St.+%23A%2C+Killeen%2C+TX+76541&z=16&iwloc=A&z=auto
하나월드마켓,"1700 W. Parmer Ln. #100, Austin, TX 78727",512) 832-6606 / 512) 832-6020,https://maps.google.com/maps?f=d&source=s_d&saddr=&daddr=1700+W.+Parmer+Ln.+%23100%2C+Austin%2C+TX+78727&z=16&iwloc=A&z=auto
에바네쌍띠,"3737 N. O'connor Road, Irving, TX 75062",214) 287-9445,http://www.evanesentiusa.com
Silver Factory,"11538 Harry Hines Blvd. #D-5, Dallas, TX 75229",972) 484-0100,http://www.directsilverfactory.com
업소록,"2405 S. Stemmons Fwy, Lewisville, TX 75067 (시온마켓 푸드코트)",254) 681-6063 / 512.470.6689 / 281) 531-4425 / 281) 599-9277 / 254) 526-7347 / 214) 542-4423 / 800) 231-0856 / 512) 328-3333 / 713) 932-9280 / 832) 831-8655,https://maps.google.com/maps?f=d&source=s_d&saddr=&daddr=2405+S.+Stemmons+Fwy%2C+Lewisville%2C+TX+75067+%28%EC%8B%9C%EC%98%A8%EB%A7%88%EC%BC%93+%ED%91%B8%EB%93%9C%EC%BD%94%ED%8A%B8%29&z=16&iwloc=A&z=auto
한양대학교,"2405 S. Stemmons Fwy, Lewisville, TX 75067 (시온마켓 푸드코트)",254) 681-6063 / 512.470.6689 / 281) 531-4425 / 281) 599-9277 / 254) 526-7347 / 214) 542-4423 / 800) 231-0856 / 512) 328-3333 / 713) 932-9280 / 832) 831-8655,https://maps.google.com/maps?f=d&source=s_d&saddr=&daddr=2405+S.+Stemmons+Fwy%2C+Lewisville%2C+TX+75067+%28%EC%8B%9C%EC%98%A8%EB%A7%88%EC%BC%93+%ED%91%B8%EB%93%9C%EC%BD%94%ED%8A%B8%29&z=16&iwloc=A&z=auto
한양대학교,,254) 681-6063,
Gong Cha (공차),"2405 S. Stemmons Fwy, Lewisville, TX 75067 (시온마켓 푸드코트)",512.470.6689,https://maps.google.com/maps?f=d&source=s_d&saddr=&daddr=2405+S.+Stemmons+Fwy%2C+Lewisville%2C+TX+75067+%28%EC%8B%9C%EC%98%A8%EB%A7%88%EC%BC%93+%ED%91%B8%EB%93%9C%EC%BD%94%ED%8A%B8%29&z=16&iwloc=A&z=auto
휴스턴 참된 교회,"12211 Memorial Drive, Houston, TX 77024",281) 531-4425,https://maps.google.com/maps?f=d&source=s_d&saddr=&daddr=12211+Memorial+Drive%2C+Houston%2C+TX+77024&z=16&iwloc=A&z=auto
JD토잉서비스,"2400 Blalock Rd. #K, Houston, TX 77080",281) 599-9277,https://maps.google.com/maps?f=d&source=s_d&saddr=&daddr=2400+Blalock+Rd.+%23K%2C+Houston%2C+TX+77080&z=16&iwloc=A&z=auto
오복정,"2815 S. Ft. Hood Road, Killeen, TX 76542",254) 526-7347,https://maps.google.com/maps?f=d&source=s_d&saddr=&daddr=2815+S.+Ft.+Hood+Road%2C+Killeen%2C+TX+76542&z=16&iwloc=A&z=auto
달라스 번역/공증,,214) 542-4423,
유나이티드 항공 (국제예약),,800) 231-0856,
이즈미 (IZUMI) 스시,"701 S. Capital of TX Hwy. E-550, Westlake Hill, TX 78746",512) 328-3333,https://maps.google.com/maps?f=d&source=s_d&saddr=&daddr=701+S.+Capital+of+TX+Hwy.+E-550%2C+Westlake+Hill%2C+TX+78746&z=16&iwloc=A&z=auto
USA #2 리커스토어,"10022 Long Point #J, Houston, TX 77055",713) 932-9280,https://maps.google.com/maps?f=d&source=s_d&saddr=&daddr=10022+Long+Point+%23J%2C+Houston%2C+TX+77055&z=16&iwloc=A&z=auto
한미 장학재단 남서부지부,"1800 West 26th St. #205, Houston, TX 77008",832) 831-8655,https://maps.google.com/maps?f=d&source=s_d&saddr=&daddr=1800+West+26th+St.+%23205%2C+Houston%2C+TX+77008&z=16&iwloc=A&z=auto
업소록,"9700 Harwin #210, Houston, TX 77036",713) 780-0021 / 469) 682-7058 / 469) 878-2951 / 469.900.8066 / 469.992.4705 / 214) 299-0455 / 214) 721-2096 / 832) 257-4744 / 713) 266-4499 / 405) 670-1006 / 713) 230-8484,https://maps.google.com/maps?f=d&source=s_d&saddr=&daddr=9700+Harwin+%23210%2C+Houston%2C+TX+77036&z=16&iwloc=A&z=auto
BMT 트레이딩,"9700 Harwin #210, Houston, TX 77036",713) 780-0021 / 469) 682-7058 / 469) 878-2951 / 469.900.8066 / 469.992.4705 / 214) 299-0455 / 214) 721-2096 / 832) 257-4744 / 713) 266-4499 / 405) 670-1006 / 713) 230-8484,https://maps.google.com/maps?f=d&source=s_d&saddr=&daddr=9700+Harwin+%23210%2C+Houston%2C+TX+77036&z=16&iwloc=A&z=auto
BMT 트레이딩,"9700 Harwin #210, Houston, TX 77036",713) 780-0021,https://maps.google.com/maps?f=d&source=s_d&saddr=&daddr=9700+Harwin+%23210%2C+Houston%2C+TX+77036&z=16&iwloc=A&z=auto
Shilla Kim 부동산 (ebby),"1415 Legacy Dr. #100, Frisco, TX 75034",469) 682-7058,http://www.ebby.com
세탁기 & 건조기 중고수리판매,"2829 Webb Chaple Ext. #101, Dallas, TX 75220",469) 878-2951,https://maps.google.com/maps?f=d&source=s_d&saddr=&daddr=2829+Webb+Chaple+Ext.+%23101%2C+Dallas%2C+TX+75220&z=16&iwloc=A&z=auto
First Merchant Serviced (FMS),"2828 E. Trinity Mills Rd., Suite 150, Carrollton, TX 75006",469.900.8066 / 469.992.4705,https://maps.google.com/maps?f=d&source=s_d&saddr=&daddr=2828+E.+Trinity+Mills+Rd.%2C+Suite+150%2C+Carrollton%2C+TX+75006&z=16&iwloc=A&z=auto
[email protected],"2828 E. Trinity Mills Rd., Suite 150, Carrollton, TX 75006",469.900.8066 / 469.992.4705,https://maps.google.com/maps?f=d&source=s_d&saddr=&daddr=2828+E.+Trinity+Mills+Rd.%2C+Suite+150%2C+Carrollton%2C+TX+75006&z=16&iwloc=A&z=auto
한미 통역번역 서비스,,214) 299-0455,
피터송 부동산,"11700 Luna Road, Farmers Branch, TX 75234",214) 721-2096,https://maps.google.com/maps?f=d&source=s_d&saddr=&daddr=11700+Luna+Road%2C+Farmers+Branch%2C+TX+75234&z=16&iwloc=A&z=auto
고려대학교 휴스턴 동문회,,832) 257-4744,
안명선 보험,"3300 S. Gessner #245, Houston, TX 77063",713) 266-4499,https://maps.google.com/maps?f=d&source=s_d&saddr=&daddr=3300+S.+Gessner+%23245%2C+Houston%2C+TX+77063&z=16&iwloc=A&z=auto
나들목 한의원,"4821 SE 29th Street, Del City, OK 73115",405) 670-1006,https://maps.google.com/maps?f=d&source=s_d&saddr=&daddr=4821+SE+29th+Street%2C+Del+City%2C+OK+73115&z=16&iwloc=A&z=auto
미소야,"1302 Blalock Road, Houston, TX 77055",713) 230-8484,https://maps.google.com/maps?f=d&source=s_d&saddr=&daddr=1302+Blalock+Road%2C+Houston%2C+TX+77055&z=16&iwloc=A&z=auto
업소록,"13610 E. 24th Street, Tulsa, OK 74134",214) 381-9571 / 918) 437-3619 / 214) 688-1464 / 469) 314-4955 / 469) 774-2942 / 713) 465-6699 / 469.735.6419 / 512) 258-7373 / 713) 828-1664 / 972) 390-1039,https://www.jackwhitbypiano.com
Jack Whitby Piano,"13610 E. 24th Street, Tulsa, OK 74134",214) 381-9571 / 918) 437-3619 / 214) 688-1464 / 469) 314-4955 / 469) 774-2942 / 713) 465-6699 / 469.735.6419 / 512) 258-7373 / 713) 828-1664 / 972) 390-1039,https://www.jackwhitbypiano.com
Jack Whitby Piano,,214) 381-9571,https://www.jackwhitbypiano.com
[email protected],,214) 381-9571,https://www.jackwhitbypiano.com
털사 한인제일침례교회,"13610 E. 24th Street, Tulsa, OK 74134",918) 437-3619,http://www.tulsafirstkoreanchurch.org/tulsafirstkoreanchurch/index.php
[email protected],"13610 E. 24th Street, Tulsa, OK 74134",918) 437-3619,http://www.tulsafirstkoreanchurch.org/tulsafirstkoreanchurch/index.php
노아 그래픽스 (Noah Graphics),"11289 N. Stemmons Fwy., Dallas, TX 75229",214) 688-1464,http://www.noahgraphy.com
(Mon-Sat) 9:00am ~ 6:00pm,"11289 N. Stemmons Fwy., Dallas, TX 75229",214) 688-1464,http://www.noahgraphy.com
원 뉴멘 교회,"3405 Custer Rd. #300, Plano, TX 75023",469) 314-4955,https://maps.google.com/maps?f=d&source=s_d&saddr=&daddr=3405+Custer+Rd.+%23300%2C+Plano%2C+TX+75023&z=16&iwloc=A&z=auto
신용하 웰빙 클리닉,"1060 W. Frankford Rd. #110, Carrollton, TX 75007",469) 774-2942,https://maps.google.com/maps?f=d&source=s_d&saddr=&daddr=1060+W.+Frankford+Rd.+%23110%2C+Carrollton%2C+TX+75007&z=16&iwloc=A&z=auto
CMC 카 케어,"8500 Long Point Road, Houston, TX 77055",713) 465-6699,https://maps.google.com/maps?f=d&source=s_d&saddr=&daddr=8500+Long+Point+Road%2C+Houston%2C+TX+77055&z=16&iwloc=A&z=auto
(사)한국 전통 춤 협회,"11500 N Stemmons Fwy #186, Dallas, Texas 75229, United States",469.735.6419,https://www.dallaskoreandance.org/services/profile
[email protected],"11500 N Stemmons Fwy #186, Dallas, Texas 75229, United States",469.735.6419,https://www.dallaskoreandance.org/services/profile
세계무술원,"13584 Pond Spring Road, Austin, TX 78729",512) 258-7373,http://www.musoolwon.com
휴스턴 늘 푸른 교회,"1820 Laverne Street, Houston, TX 77080",713) 828-1664,https://maps.google.com/maps?f=d&source=s_d&saddr=&daddr=1820+Laverne+Street%2C+Houston%2C+TX+77080&z=16&iwloc=A&z=auto
Ridgeview Ranch Golf Course,"2701 Ridgeview Drive, Plano, TX 75025",972) 390-1039,https://maps.google.com/maps?f=d&source=s_d&saddr=&daddr=2701+Ridgeview+Drive%2C+Plano%2C+TX+75025&z=16&iwloc=A&z=auto
ridgeviewgc.com,"2701 Ridgeview Drive, Plano, TX 75025",972) 390-1039,https://maps.google.com/maps?f=d&source=s_d&saddr=&daddr=2701+Ridgeview+Drive%2C+Plano%2C+TX+75025&z=16&iwloc=A&z=auto
업소록,"400 N. Greenville Ave. #27, Richardson, TX 75081",972) 348-3488 / 713) 466-4380 / 214-909-5199 / 972) 455-9099 / 915.433.1878 / 817) 749-0300 / 972) 241-0110 / 972) 241-1160 / 281) 716-0870 / 832) 643-7954 / 281) 494-8188 / 713) 973-9500,https://afnb.com
아메리칸 제일은행 (Richardson),"400 N. Greenville Ave. #27, Richardson, TX 75081",972) 348-3488 / 713) 466-4380 / 214-909-5199 / 972) 455-9099 / 915.433.1878 / 817) 749-0300 / 972) 241-0110 / 972) 241-1160 / 281) 716-0870 / 832) 643-7954 / 281) 494-8188 / 713) 973-9500,https://afnb.com
아메리칸 제일은행 (Richardson),"400 N. Greenville Ave. #27, Richardson, TX 75081",972) 348-3488,https://afnb.com
"(Mon-Thu) 9:00am ~ 5:00pm, (Fri) 9:00am ~ 5:30pm, (Sat) 9:00am ~ 1:00pm","400 N. Greenville Ave. #27, Richardson, TX 75081",972) 348-3488,https://afnb.com
저지 빌리지 플로리스트,"5805 Chimney Rock Ste C, Houston, TX 77081",713) 466-4380,http://www.jvflorist.com
노던베이 우먼스 헬스 센터&스파 Northern Bay Women's Health Center & Spa,"211 TX-121- #130, Lewisville, TX 75067",214-909-5199,https://maps.google.com/maps?f=d&source=s_d&saddr=&daddr=211+TX-121-+%23130%2C+Lewisville%2C+TX+75067&z=16&iwloc=A&z=auto
AXA Advisors LLC,"12377 Merit Dr. #1500, Dallas, TX 75251",972) 455-9099,https://maps.google.com/maps?f=d&source=s_d&saddr=&daddr=12377+Merit+Dr.+%231500%2C+Dallas%2C+TX+75251&z=16&iwloc=A&z=auto
미주 한인회 중남부 연합회,,915.433.1878,
Shogun Hibachi & Sushi (Southlake),"2970 South Lake Boulevard, Southlake, TX 76092",817) 749-0300,https://www.shogunsouthlake.com
"Sunrise Supply, LLC","2425 Arbuckle Ct., Dallas, TX 75229",972) 241-0110 / 972) 241-1160,https://maps.google.com/maps?f=d&source=s_d&saddr=&daddr=2425+Arbuckle+Ct.%2C+Dallas%2C+TX+75229&z=16&iwloc=A&z=auto
(Mon-Fri) 8:00am ~4:00pm,"2425 Arbuckle Ct., Dallas, TX 75229",972) 241-0110 / 972) 241-1160,https://maps.google.com/maps?f=d&source=s_d&saddr=&daddr=2425+Arbuckle+Ct.%2C+Dallas%2C+TX+75229&z=16&iwloc=A&z=auto
Houston Youth KorUs,"1809 Hollister St., Houston, TX 77080",281) 716-0870 / 832) 643-7954,http://www.houstonyouthkorus.com/wp4decibel/
[email protected],"1809 Hollister St., Houston, TX 77080",281) 716-0870 / 832) 643-7954,http://www.houstonyouthkorus.com/wp4decibel/
앤드류 라 치과 (슈가랜드),"4645 Hwy 6 #G, Sugar Land, TX 77478",281) 494-8188,https://maps.google.com/maps?f=d&source=s_d&saddr=&daddr=4645+Hwy+6+%23G%2C+Sugar+Land%2C+TX+77478&z=16&iwloc=A&z=auto
김동관 회계사,"10137 Long Point Rd. #C, Houston, TX 77043",713) 973-9500,https://maps.google.com/maps?f=d&source=s_d&saddr=&daddr=10137+Long+Point+Rd.+%23C%2C+Houston%2C+TX+77043&z=16&iwloc=A&z=auto
업소록,"4415 Rittiman Road, San Antonio, TX 78218",210) 590-8889 / 210) 599-8211 / 213.725.7000 / 405) 420-7489 / 832) 202-8432 / 972) 248-7777 / 972) 834-5007 / 281) 846-3782 / 972) 492-0492 / 972) 469-4800 / 469) 693-4195,https://maps.google.com/maps?f=d&source=s_d&saddr=&daddr=4415+Rittiman+Road%2C+San+Antonio%2C+TX+78218&z=16&iwloc=A&z=auto
한일관,"4415 Rittiman Road, San Antonio, TX 78218",210) 590-8889 / 210) 599-8211 / 213.725.7000 / 405) 420-7489 / 832) 202-8432 / 972) 248-7777 / 972) 834-5007 / 281) 846-3782 / 972) 492-0492 / 972) 469-4800 / 469) 693-4195,https://maps.google.com/maps?f=d&source=s_d&saddr=&daddr=4415+Rittiman+Road%2C+San+Antonio%2C+TX+78218&z=16&iwloc=A&z=auto
한일관,"4415 Rittiman Road, San Antonio, TX 78218",210) 590-8889,https://maps.google.com/maps?f=d&source=s_d&saddr=&daddr=4415+Rittiman+Road%2C+San+Antonio%2C+TX+78218&z=16&iwloc=A&z=auto
국술원 (샌안토니오4),"5530 Walzem Road, San Antonio, TX 78219",210) 599-8211,https://maps.google.com/maps?f=d&source=s_d&saddr=&daddr=5530+Walzem+Road%2C+San+Antonio%2C+TX+78219&z=16&iwloc=A&z=auto
아이오따,"1060 west Frankford Rd. #200, Carrollton TX 75007",213.725.7000,https://maps.google.com/maps?f=d&source=s_d&saddr=&daddr=1060+west+Frankford+Rd.+%23200%2C+Carrollton+TX+75007&z=16&iwloc=A&z=auto
조인오케이,"3204 SW 103rd Place, Oklahoma City, OK 73159",405) 420-7489,https://maps.google.com/maps?f=d&source=s_d&saddr=&daddr=3204+SW+103rd+Place%2C+Oklahoma+City%2C+OK+73159&z=16&iwloc=A&z=auto
MP Construction,,832) 202-8432,
토요다 TOYOTA (Toyota of Plano),"1001 Preston Road, Plano, TX 75093",972) 248-7777 / 972) 834-5007,https://www.toyotaofplano.com
[email protected],"1001 Preston Road, Plano, TX 75093",972) 248-7777 / 972) 834-5007,https://www.toyotaofplano.com
마이 헬스클리닉 (My Health Clinic),"9869 Long Point Rd., Houston, TX 77055",281) 846-3782,https://maps.google.com/maps?f=d&source=s_d&saddr=&daddr=9869+Long+Point+Rd.%2C+Houston%2C+TX+77055&z=16&iwloc=A&z=auto
헤어 K (Hair-K),"3065 N. Josey Ln. #3, Carrollton, TX 75007",972) 492-0492,https://maps.google.com/maps?f=d&source=s_d&saddr=&daddr=3065+N.+Josey+Ln.+%233%2C+Carrollton%2C+TX+75007&z=16&iwloc=A&z=auto
"브레이커스 프리스코 (Breakers Korean BBQ, Sushi, & Bar)","8320 State Highway 121 #A, Frisco, TX 75034",972) 469-4800,http://breakersbbq.com/
(Mon)-(Thrus) 11am-11:30pm (주말 변경 가능),"8320 State Highway 121 #A, Frisco, TX 75034",972) 469-4800,http://breakersbbq.com/
김미숙 부동산,"2711 LBJ Freeway #710, Dallas, TX 75234",469) 693-4195,https://maps.google.com/maps?f=d&source=s_d&saddr=&daddr=2711+LBJ+Freeway+%23710%2C+Dallas%2C+TX+75234&z=16&iwloc=A&z=auto
업소록,"11223 Luna Road, Dallas, TX 75229",214) 670-6322 / 254) 526-0049 / 214) 905-4999 / 972) 763-5486 / 780364235390550 / 202720249909288 / 210) 824-5425 / 713) 973-1016 / 832) 283-2888 / 877) 727-5530 / 847) 391-9122 / 972) 245-0028 / 254) 634-6929,http://www.lunavistagolf.com
Luna Vista Golf Club,"11223 Luna Road, Dallas, TX 75229",214) 670-6322 / 254) 526-0049 / 214) 905-4999 / 972) 763-5486 / 780364235390550 / 202720249909288 / 210) 824-5425 / 713) 973-1016 / 832) 283-2888 / 877) 727-5530 / 847) 391-9122 / 972) 245-0028 / 254) 634-6929,http://www.lunavistagolf.com
Luna Vista Golf Club,"11223 Luna Road, Dallas, TX 75229",214) 670-6322,http://www.lunavistagolf.com
Killeen Barber Shop,"902 West Rancier Avenue, Killeen, TX 76541",254) 526-0049,https://maps.google.com/maps?f=d&source=s_d&saddr=&daddr=902+West+Rancier+Avenue%2C+Killeen%2C+TX+76541&z=16&iwloc=A&z=auto
Ahn's Chiropractic & Acupuncture,"2730 N. Stemmons Fwy. #104, Dallas, TX 75207",214) 905-4999 / 972) 763-5486 / 780364235390550 / 202720249909288,https://www.facebook.com/Ahns-Chiropractic-Acupuncture-Clinic-780364235390550/?rf=202720249909288
"(Mon-Fri) 9:00am ~ 7:00pm, (Sun) closed","2730 N. Stemmons Fwy. #104, Dallas, TX 75207",214) 905-4999 / 972) 763-5486 / 780364235390550 / 202720249909288,https://www.facebook.com/Ahns-Chiropractic-Acupuncture-Clinic-780364235390550/?rf=202720249909288
국술원 (샌안토니오3),"1149 Harry Wurzbach Road, San Antonio, TX 78029",210) 824-5425,https://maps.google.com/maps?f=d&source=s_d&saddr=&daddr=1149+Harry+Wurzbach+Road%2C+San+Antonio%2C+TX+78029&z=16&iwloc=A&z=auto
바겐 리커스토어,"9352 Long Point, Houston, TX 77055",713) 973-1016,https://maps.google.com/maps?f=d&source=s_d&saddr=&daddr=9352+Long+Point%2C+Houston%2C+TX+77055&z=16&iwloc=A&z=auto
휴스턴 이북 5도민연합회,,832) 283-2888,
영신건강,,877) 727-5530 / 847) 391-9122,http://www.yshealth.com
[email protected],,877) 727-5530 / 847) 391-9122,http://www.yshealth.com
장용대 내과,"2324 Old Denton Rd. #100, Carrollton, TX 75006",972) 245-0028,https://maps.google.com/maps?f=d&source=s_d&saddr=&daddr=2324+Old+Denton+Rd.+%23100%2C+Carrollton%2C+TX+75006&z=16&iwloc=A&z=auto
J&L BEAUTY SALON,"904-A E. Vet Mem Boulevard, Killeen, TX 76541",254) 634-6929,https://maps.google.com/maps?f=d&source=s_d&saddr=&daddr=904-A+E.+Vet+Mem+Boulevard%2C+Killeen%2C+TX+76541&z=16&iwloc=A&z=auto
업소록,"11826 Harry Hines Boulevard, Dallas, TX 75234",972) 484-3084 / 214) 421-0055 / 214) 923-5940 / 972) 241-5550 / 972) 620-2900 / 972) 259-3511 / 469-939-7037 / 469-831-4330 / 972) 726-8888 / 972) 998-5824 / 972) 323-8575,https://maps.google.com/maps?f=d&source=s_d&saddr=&daddr=11826+Harry+Hines+Boulevard%2C+Dallas%2C+TX+75234&z=16&iwloc=A&z=auto
D.M. Plaza,"11826 Harry Hines Boulevard, Dallas, TX 75234",972) 484-3084 / 214) 421-0055 / 214) 923-5940 / 972) 241-5550 / 972) 620-2900 / 972) 259-3511 / 469-939-7037 / 469-831-4330 / 972) 726-8888 / 972) 998-5824 / 972) 323-8575,https://maps.google.com/maps?f=d&source=s_d&saddr=&daddr=11826+Harry+Hines+Boulevard%2C+Dallas%2C+TX+75234&z=16&iwloc=A&z=auto
D.M. Plaza,"11826 Harry Hines Boulevard, Dallas, TX 75234",972) 484-3084,https://maps.google.com/maps?f=d&source=s_d&saddr=&daddr=11826+Harry+Hines+Boulevard%2C+Dallas%2C+TX+75234&z=16&iwloc=A&z=auto
권총면허학교,"2000 Royal Ln #205, Dallas, TX 75229",214) 421-0055,https://maps.google.com/maps?f=d&source=s_d&saddr=&daddr=2000+Royal+Ln+%23205%2C+Dallas%2C+TX+75229&z=16&iwloc=A&z=auto
E.C.A.,,214) 923-5940,
나무가 있는 집 (Tree house korean B.B.Q),"11425 Goodnight Lane, Dallas, TX 75229",972) 241-5550,https://maps.google.com/maps?f=d&source=s_d&saddr=&daddr=11425+Goodnight+Lane%2C+Dallas%2C+TX+75229&z=16&iwloc=A&z=auto
혼마 골프 용품,"2245 Royal Ln. #103, Dallas, TX 75229",972) 620-2900,https://maps.google.com/maps?f=d&source=s_d&saddr=&daddr=2245+Royal+Ln.+%23103%2C+Dallas%2C+TX+75229&z=16&iwloc=A&z=auto
노정자 앨러지,"2001 N. MacArthur Blvd. #340, Irving, TX 75061",972) 259-3511,https://maps.google.com/maps?f=d&source=s_d&saddr=&daddr=2001+N.+MacArthur+Blvd.+%23340%2C+Irving%2C+TX+75061&z=16&iwloc=A&z=auto
k story (케이 스토리),"2548 Royal Ln, Dallas, TX 75229",469-939-7037 / 469-831-4330,https://maps.google.com/maps?f=d&source=s_d&saddr=&daddr=2548+Royal+Ln%2C+Dallas%2C+TX+75229&z=16&iwloc=A&z=auto
11:30am~8:00pm,"2548 Royal Ln, Dallas, TX 75229",469-939-7037 / 469-831-4330,https://maps.google.com/maps?f=d&source=s_d&saddr=&daddr=2548+Royal+Ln%2C+Dallas%2C+TX+75229&z=16&iwloc=A&z=auto
Best Fabrics (베스트 패브릭스),,972) 726-8888,
[email protected],,972) 726-8888,
JDX Blinds & Curtains (Main&Showroom),,972) 998-5824,https://www.jdxblind.com
(Mon-Sat) 8:00am ~ 7:00pm,,972) 998-5824,https://www.jdxblind.com
동천홍 (Dong Chun Hong),"2625 Old Denton Rd. #544, Carrollton, TX 75007",972) 323-8575,https://maps.google.com/maps?f=d&source=s_d&saddr=&daddr=2625+Old+Denton+Rd.+%23544%2C+Carrollton%2C+TX+75007&z=16&iwloc=A&z=auto
업소록,"906 N. 8th Street, Killeen, TX 76541",214.476.9834 / 254) 634-0021 / 469) 826-4666 / 405) 632-7218 / 972) 208-8504 / 817) 731-4848 / 855)-207-7578 / 972) 620-7331 / 713) 973-6060 / 713) 688-0608,https://maps.google.com/maps?f=d&source=s_d&saddr=&daddr=906+N.+8th+Street%2C+Killeen%2C+TX+76541&z=16&iwloc=A&z=auto
달라스 한인 골프협회,"906 N. 8th Street, Killeen, TX 76541",214.476.9834 / 254) 634-0021 / 469) 826-4666 / 405) 632-7218 / 972) 208-8504 / 817) 731-4848 / 855)-207-7578 / 972) 620-7331 / 713) 973-6060 / 713) 688-0608,https://maps.google.com/maps?f=d&source=s_d&saddr=&daddr=906+N.+8th+Street%2C+Killeen%2C+TX+76541&z=16&iwloc=A&z=auto
달라스 한인 골프협회,,214.476.9834,
프로페인트바디,"906 N. 8th Street, Killeen, TX 76541",254) 634-0021,https://maps.google.com/maps?f=d&source=s_d&saddr=&daddr=906+N.+8th+Street%2C+Killeen%2C+TX+76541&z=16&iwloc=A&z=auto
김우정 부동산,,469) 826-4666,
제일나사렛교회,"8505 S. Santa Fe Avenue, Oklahoma City, OK 73139",405) 632-7218,http://okkoreanchurch.com
Lee's U.S. 태권도,"6921 Independence Pkwy #160, Plano, TX 75065",972) 208-8504,https://www.leesustaekwondo.com
[email protected],"6921 Independence Pkwy #160, Plano, TX 75065",972) 208-8504,https://www.leesustaekwondo.com
Salance Chiropractic,"4255 Bryant Irvin Rd, Fort Worth, TX 76109",817) 731-4848,http://www.salanceclinic.com
"(Mon) 3:00pm ~ 6:00pm, (Tue) 9:00am ~ 6:00pm, (Wed) Closed, (Thur) 9:00am ~ 6:00pm, (Fri) 9:00am ~ 2:00pm, (Sat) 9:00am ~ 2:00pm, (Sun) Closed","4255 Bryant Irvin Rd, Fort Worth, TX 76109",817) 731-4848,http://www.salanceclinic.com
KP Global : 안동소주,,855)-207-7578,https://www.kpglobalinc.com
"16210 Manning Way Cerritos, CA, 90703",,855)-207-7578,https://www.kpglobalinc.com
Find N Save,"3010 LBJ Fwy. #760, Dallas, TX 75234",972) 620-7331,https://maps.google.com/maps?f=d&source=s_d&saddr=&daddr=3010+LBJ+Fwy.+%23760%2C+Dallas%2C+TX+75234&z=16&iwloc=A&z=auto
진안홍삼,"10011 Long Point Road, Houston, TX 77055",713) 973-6060,https://maps.google.com/maps?f=d&source=s_d&saddr=&daddr=10011+Long+Point+Road%2C+Houston%2C+TX+77055&z=16&iwloc=A&z=auto
"Proud, Inc.","1500 Brittmoore Rd. #303, Houston, TX 77043",713) 688-0608,http://www.proudcr.com/
[email protected],"1500 Brittmoore Rd. #303, Houston, TX 77043",713) 688-0608,http://www.proudcr.com/
업소록,"2625 Old Denton Rd. #576, Carrollton, TX 75007",972) 242-6104 / 972) 594-7745 / 469)892-2106 / 832) 387-1238 / 214-433-0101 / 972) 446-8500 / 972) 881-8221 / 405) 799-0444 / 469) 422-8441 / 254-634-7900,https://www.ebenscalp.com/
에벤에셀,"2625 Old Denton Rd. #576, Carrollton, TX 75007",972) 242-6104 / 972) 594-7745 / 469)892-2106 / 832) 387-1238 / 214-433-0101 / 972) 446-8500 / 972) 881-8221 / 405) 799-0444 / 469) 422-8441 / 254-634-7900,https://www.ebenscalp.com/
에벤에셀,"2625 Old Denton Rd. #576, Carrollton, TX 75007",972) 242-6104,https://www.ebenscalp.com/
[email protected],"2625 Old Denton Rd. #576, Carrollton, TX 75007",972) 242-6104,https://www.ebenscalp.com/
K Tailor & Shoe Repair,"3315 Walnut Hill Lane, Irving, TX 75038",972) 594-7745,https://maps.google.com/maps?f=d&source=s_d&saddr=&daddr=3315+Walnut+Hill+Lane%2C+Irving%2C+TX+75038&z=16&iwloc=A&z=auto
The Kinkin' Crab(키킹 크랩),"2540 Old Denton Rd, Carrollton, TX 75006",469)892-2106,http://www.thekickincrab.com/
"(Mon-Thur) 3pm ~ 10pm, (Fri) 3pm ~ 11pm, (Sat) 12pm ~ 11pm, (Sun) 12pm ~ 10pm","2540 Old Denton Rd, Carrollton, TX 75006",469)892-2106,http://www.thekickincrab.com/
맥스 CCTV,"2250 Eldridge Pkwy. #1133, Houston, TX 77077",832) 387-1238,https://maps.google.com/maps?f=d&source=s_d&saddr=&daddr=2250+Eldridge+Pkwy.+%231133%2C+Houston%2C+TX+77077&z=16&iwloc=A&z=auto
BLU Cosmetics (블루 코스메틱스),"2405 S Stemmons Fwy #113, Lewisville, TX 75067 (시온마켓 안)",214-433-0101,https://maps.google.com/maps?f=d&source=s_d&saddr=&daddr=2405+S+Stemmons+Fwy+%23113%2C+Lewisville%2C+TX+75067+%28%EC%8B%9C%EC%98%A8%EB%A7%88%EC%BC%93+%EC%95%88%29&z=16&iwloc=A&z=auto
무봉리 순대국,"2625 Old Denton Rd. #590, Carrollton, TX 75007",972) 446-8500,https://maps.google.com/maps?f=d&source=s_d&saddr=&daddr=2625+Old+Denton+Rd.+%23590%2C+Carrollton%2C+TX+75007&z=16&iwloc=A&z=auto
"All American Flooring, Inc (Plano)","1017 Central Expy North, Plano, TX 75075",972) 881-8221,https://www.allamericanflooring.net
오클라호마 시니어 골프회,,405) 799-0444,
랜디윤 부동산,"1220 W. Trinity Mills Rd. #252, Carrollton, TX 75006",469) 422-8441,https://maps.google.com/maps?f=d&source=s_d&saddr=&daddr=1220+W.+Trinity+Mills+Rd.+%23252%2C+Carrollton%2C+TX+75006&z=16&iwloc=A&z=auto
[email protected],"1220 W. Trinity Mills Rd. #252, Carrollton, TX 75006",469) 422-8441,https://maps.google.com/maps?f=d&source=s_d&saddr=&daddr=1220+W.+Trinity+Mills+Rd.+%23252%2C+Carrollton%2C+TX+75006&z=16&iwloc=A&z=auto
용수건축,,254-634-7900,
업소록,"10226 Hammerly Blvd. #A, Houston, TX 77043",713) 973-0044 / 214) 425-0703 / 214.513.0260 / 972) 608-8877 / 469.278.3662 / 713) 771-1153 / 512) 339-1888 / 512) 739-0097 / 832) 358-0200 / 512) 479-0727 / 469) 688-9059,https://maps.google.com/maps?f=d&source=s_d&saddr=&daddr=10226+Hammerly+Blvd.+%23A%2C+Houston%2C+TX+77043&z=16&iwloc=A&z=auto
엄마집,"10226 Hammerly Blvd. #A, Houston, TX 77043",713) 973-0044 / 214) 425-0703 / 214.513.0260 / 972) 608-8877 / 469.278.3662 / 713) 771-1153 / 512) 339-1888 / 512) 739-0097 / 832) 358-0200 / 512) 479-0727 / 469) 688-9059,https://maps.google.com/maps?f=d&source=s_d&saddr=&daddr=10226+Hammerly+Blvd.+%23A%2C+Houston%2C+TX+77043&z=16&iwloc=A&z=auto
엄마집,"10226 Hammerly Blvd. #A, Houston, TX 77043",713) 973-0044,https://maps.google.com/maps?f=d&source=s_d&saddr=&daddr=10226+Hammerly+Blvd.+%23A%2C+Houston%2C+TX+77043&z=16&iwloc=A&z=auto
Stellar Real estate,,214) 425-0703,
매직하트 Magic Heart / 시온마켓,"2405 S. Stemmons Fwy, Lewisville, TX 75067",214.513.0260,https://maps.google.com/maps?f=d&source=s_d&saddr=&daddr=2405+S.+Stemmons+Fwy%2C+Lewisville%2C+TX+75067&z=16&iwloc=A&z=auto
전승 한의원,"2625 Old Denton Rd. #546, Carrollton, TX 75007",972) 608-8877,https://www.chunseung.com
[email protected],"2625 Old Denton Rd. #546, Carrollton, TX 75007",972) 608-8877,https://www.chunseung.com
플래밍 팬 (캐더링 전문),"2129 W Parker Rd., Suite 306, Plano, TX 75034",469.278.3662,https://maps.google.com/maps?f=d&source=s_d&saddr=&daddr=2129+W+Parker+Rd.%2C+Suite+306%2C+Plano%2C+TX+75034&z=16&iwloc=A&z=auto
몽골리안 핫팟,"8488 Bellaire Blvd., Houston, TX 77036",713) 771-1153,https://maps.google.com/maps?f=d&source=s_d&saddr=&daddr=8488+Bellaire+Blvd.%2C+Houston%2C+TX+77036&z=16&iwloc=A&z=auto
에이스 카이로프랙틱 한방클리닉 (ACE Chiropractic & Acupuncture),"12505 Rampart St. #B, Austin, TX 78727",512) 339-1888 / 512) 739-0097,http://www.acechirolee.com
"(Mon-Fri) 8:00am ~ 5:00pm, (Sat) 8:00am ~ 12:00pm","12505 Rampart St. #B, Austin, TX 78727",512) 339-1888 / 512) 739-0097,http://www.acechirolee.com
Scared Heart Emergency,"9774 Katy Frwy. #500, Houston, TX 77055",832) 358-0200,https://maps.google.com/maps?f=d&source=s_d&saddr=&daddr=9774+Katy+Frwy.+%23500%2C+Houston%2C+TX+77055&z=16&iwloc=A&z=auto
알란대 미용실,"2102 Guadalupe, Austin, TX 78705",512) 479-0727,https://maps.google.com/maps?f=d&source=s_d&saddr=&daddr=2102+Guadalupe%2C+Austin%2C+TX+78705&z=16&iwloc=A&z=auto
드림아트 미술학원 (Academy of Dream Art) 캐롤튼,"2625 Old Denton Rd #106, Carrollton, TX 75007",469) 688-9059,http://www.godreamart.com
업소록,"6159 Westheimer, Houston, TX 77057",713) 783-6838 / 254) 338-3027 / 972) 517-0017 / 713) 722-0578 / 214) 435-8460 / 214)541-5809 / 469.892.5219 / 972)437-2888 / 972) 406-2792 / 214) 909-4835 / 469) 893-9400,https://maps.google.com/maps?f=d&source=s_d&saddr=&daddr=6159+Westheimer%2C+Houston%2C+TX+77057&z=16&iwloc=A&z=auto
람보 부페 레스토랑,"6159 Westheimer, Houston, TX 77057",713) 783-6838 / 254) 338-3027 / 972) 517-0017 / 713) 722-0578 / 214) 435-8460 / 214)541-5809 / 469.892.5219 / 972)437-2888 / 972) 406-2792 / 214) 909-4835 / 469) 893-9400,https://maps.google.com/maps?f=d&source=s_d&saddr=&daddr=6159+Westheimer%2C+Houston%2C+TX+77057&z=16&iwloc=A&z=auto
람보 부페 레스토랑,"6159 Westheimer, Houston, TX 77057",713) 783-6838,https://maps.google.com/maps?f=d&source=s_d&saddr=&daddr=6159+Westheimer%2C+Houston%2C+TX+77057&z=16&iwloc=A&z=auto
예수사랑교회,"2210 E. Central Texas Expy. #101, Killeen, TX 76543",254) 338-3027,https://maps.google.com/maps?f=d&source=s_d&saddr=&daddr=2210+E.+Central+Texas+Expy.+%23101%2C+Killeen%2C+TX+76543&z=16&iwloc=A&z=auto
만사성 (Man Sa Sung),"240 Legacy Dr. #308E, Plano, TX 75023",972) 517-0017,https://maps.google.com/maps?f=d&source=s_d&saddr=&daddr=240+Legacy+Dr.+%23308E%2C+Plano%2C+TX+75023&z=16&iwloc=A&z=auto
압구정소주바,"10049 Long Point Road, Houston, TX 77055",713) 722-0578,https://maps.google.com/maps?f=d&source=s_d&saddr=&daddr=10049+Long+Point+Road%2C+Houston%2C+TX+77055&z=16&iwloc=A&z=auto
MAIDIZAIN 인테리어,,214) 435-8460,http://maidizain.com/welcometomaidizain.html
[email protected],,214) 435-8460,http://maidizain.com/welcometomaidizain.html
디블랙,"211 TX 121 Suite Grand, Lewisville, TX 75067",214)541-5809,https://maps.google.com/maps?f=d&source=s_d&saddr=&daddr=211+TX+121+Suite+Grand%2C+Lewisville%2C+TX+75067&z=16&iwloc=A&z=auto
샹들리에 포차,"3920 Rosemeade Pkwy # 100, Dallas, TX 75287",469.892.5219,https://maps.google.com/maps?f=d&source=s_d&saddr=&daddr=3920+Rosemeade+Pkwy+%23+100%2C+Dallas%2C+TX+75287&z=16&iwloc=A&z=auto
PIONEER BANK (파이오니아 은행 Richardson지점),"1755 N. Collins Blvd, Suite 100 Richardson, Texas 75080",972)437-2888,https://pioneer.bank/
(Mon - Fri) 9am ~ 5pm,"1755 N. Collins Blvd, Suite 100 Richardson, Texas 75080",972)437-2888,https://pioneer.bank/
Andrews Buildng Service,"11503 Reeder Road, Dallas, TX 75229",972) 406-2792,https://maps.google.com/maps?f=d&source=s_d&saddr=&daddr=11503+Reeder+Road%2C+Dallas%2C+TX+75229&z=16&iwloc=A&z=auto
Matrix Printing & Graphics,"8401 Chancellor Row #200, Dallas, TX 75247",214) 909-4835 / 469) 893-9400,http://www.matrixpg.com
업소록,"1501 W. Everman Pkwy, Fort Worth, TX 76134",817) 845-2691 / 469) 269-8077 / 972) 660-8999 / 405) 237-1002 / 713) 516-6420 / 281) 575-8077 / 469) 432-4421 / 214) 417-9269 / 817) 589-1822 / 972) 941-7600 / 972-315-1734,https://maps.google.com/maps?f=d&source=s_d&saddr=&daddr=1501+W.+Everman+Pkwy%2C+Fort+Worth%2C+TX+76134&z=16&iwloc=A&z=auto
포트워스 한국학교,"1501 W. Everman Pkwy, Fort Worth, TX 76134",817) 845-2691 / 469) 269-8077 / 972) 660-8999 / 405) 237-1002 / 713) 516-6420 / 281) 575-8077 / 469) 432-4421 / 214) 417-9269 / 817) 589-1822 / 972) 941-7600 / 972-315-1734,https://maps.google.com/maps?f=d&source=s_d&saddr=&daddr=1501+W.+Everman+Pkwy%2C+Fort+Worth%2C+TX+76134&z=16&iwloc=A&z=auto
포트워스 한국학교,"1501 W. Everman Pkwy, Fort Worth, TX 76134",817) 845-2691,https://maps.google.com/maps?f=d&source=s_d&saddr=&daddr=1501+W.+Everman+Pkwy%2C+Fort+Worth%2C+TX+76134&z=16&iwloc=A&z=auto
달라스 목사회,,469) 269-8077,https://sites.google.com/site/dfwpastors/home
텔레트론 (Teletron - 전자제품 최강자),"2625 W Pioneer Pkwy #100, Grand Prairie, TX 75051",972) 660-8999,http://www.teletronusa.com
[email protected],"2625 W Pioneer Pkwy #100, Grand Prairie, TX 75051",972) 660-8999,http://www.teletronusa.com
동아식당,"1262 N Eastern Avenue, Lawton, OK 73160",405) 237-1002,https://maps.google.com/maps?f=d&source=s_d&saddr=&daddr=1262+N+Eastern+Avenue%2C+Lawton%2C+OK+73160&z=16&iwloc=A&z=auto
이현숙 부동산,,713) 516-6420,
서울하우스,"10603 Bellaire Blvd., Houston, TX 77072",281) 575-8077,https://maps.google.com/maps?f=d&source=s_d&saddr=&daddr=10603+Bellaire+Blvd.%2C+Houston%2C+TX+77072&z=16&iwloc=A&z=auto
이웃사랑 선교회,"2525 Royal Ln. #303, Dallas, TX 75229",469) 432-4421 / 214) 417-9269,https://maps.google.com/maps?f=d&source=s_d&saddr=&daddr=2525+Royal+Ln.+%23303%2C+Dallas%2C+TX+75229&z=16&iwloc=A&z=auto
소화기 전문내과,,817) 589-1822,
Pecan Hollow Golf Course,"4901 East 14th St., Plano, TX 75074",972) 941-7600,https://maps.google.com/maps?f=d&source=s_d&saddr=&daddr=4901+East+14th+St.%2C+Plano%2C+TX+75074&z=16&iwloc=A&z=auto
pecanhollowgc.com,"4901 East 14th St., Plano, TX 75074",972) 941-7600,https://maps.google.com/maps?f=d&source=s_d&saddr=&daddr=4901+East+14th+St.%2C+Plano%2C+TX+75074&z=16&iwloc=A&z=auto
시온 마켓 (Zion Market),"2401 S Stemmons Fwy, Lewisville, TX 75067",972-315-1734,https://www.zionmarket.com
업소록,"2625 Old Denton Rd. #256, Carrollton, TX 75007",972) 955-7475 / 972) 242-2345 / 972) 247-4600 / 972) 437-0330 / 254) 554-8171 / 469) 986-3100 / 469-620-2390 / 469) 855-1110 / 469) 867-7474 / 254) 200-1170 / 214) 507-2222 / 214) 668-8870,https://maps.google.com/maps?f=d&source=s_d&saddr=&daddr=2625+Old+Denton+Rd.+%23256%2C+Carrollton%2C+TX+75007&z=16&iwloc=A&z=auto
에버그린 토너,"2625 Old Denton Rd. #256, Carrollton, TX 75007",972) 955-7475 / 972) 242-2345 / 972) 247-4600 / 972) 437-0330 / 254) 554-8171 / 469) 986-3100 / 469-620-2390 / 469) 855-1110 / 469) 867-7474 / 254) 200-1170 / 214) 507-2222 / 214) 668-8870,https://maps.google.com/maps?f=d&source=s_d&saddr=&daddr=2625+Old+Denton+Rd.+%23256%2C+Carrollton%2C+TX+75007&z=16&iwloc=A&z=auto
에버그린 토너,"2625 Old Denton Rd. #256, Carrollton, TX 75007",972) 955-7475,https://maps.google.com/maps?f=d&source=s_d&saddr=&daddr=2625+Old+Denton+Rd.+%23256%2C+Carrollton%2C+TX+75007&z=16&iwloc=A&z=auto
이성호 회계사,"11498 Luna Rd., Ste 103, Farmers Branch, TX 75234",972) 242-2345 / 972) 247-4600,https://maps.google.com/maps?f=d&source=s_d&saddr=&daddr=11498+Luna+Rd.%2C+Ste+103%2C+Farmers+Branch%2C+TX+75234&z=16&iwloc=A&z=auto
[email protected],"11498 Luna Rd., Ste 103, Farmers Branch, TX 75234",972) 242-2345 / 972) 247-4600,https://maps.google.com/maps?f=d&source=s_d&saddr=&daddr=11498+Luna+Rd.%2C+Ste+103%2C+Farmers+Branch%2C+TX+75234&z=16&iwloc=A&z=auto
자매 순두부 (Twins Hot Tofu Restaurant),"169 N Plano Road, Richardson, TX 75081",972) 437-0330,https://maps.google.com/maps?f=d&source=s_d&saddr=&daddr=169+N+Plano+Road%2C+Richardson%2C+TX+75081&z=16&iwloc=A&z=auto
에이스 타이어샵,"405 Rancier Avenue, Killeen, TX 76541",254) 554-8171,https://maps.google.com/maps?f=d&source=s_d&saddr=&daddr=405+Rancier+Avenue%2C+Killeen%2C+TX+76541&z=16&iwloc=A&z=auto
제일은행 First IC Bank,2509 Old Denton Rd. Carrollton TX 75006,469) 986-3100,https://www.firsticbank.com
(Mon-Fri) 9:00am ~ 5:00pm,2509 Old Denton Rd. Carrollton TX 75006,469) 986-3100,https://www.firsticbank.com
뚝배기 (Hot Stone & Korean Kitchen),"2330 Royal Ln #300, Dallas, TX 75229",469-620-2390,https://maps.google.com/maps?f=d&source=s_d&saddr=&daddr=2330+Royal+Ln+%23300%2C+Dallas%2C+TX+75229&z=16&iwloc=A&z=auto
딩동댕 크리스챤 유치원 / 아카데미 (Ding Dong Dang Christian Academy),"3750 Waynoka Dr. Carrollton, TX 75007",469) 855-1110 / 469) 867-7474,https://ko-kr.facebook.com/dallasdaycare/
[email protected],"3750 Waynoka Dr. Carrollton, TX 75007",469) 855-1110 / 469) 867-7474,https://ko-kr.facebook.com/dallasdaycare/
진원자 회계사,"4015 E. Veterans Memorial Boulevard, Killeen, TX 76543",254) 200-1170,https://maps.google.com/maps?f=d&source=s_d&saddr=&daddr=4015+E.+Veterans+Memorial+Boulevard%2C+Killeen%2C+TX+76543&z=16&iwloc=A&z=auto
엄두식 부동산,"10300 N. Central Expy. #220, Dallas, TX 75231",214) 507-2222,https://maps.google.com/maps?f=d&source=s_d&saddr=&daddr=10300+N.+Central+Expy.+%23220%2C+Dallas%2C+TX+75231&z=16&iwloc=A&z=auto
달라스 콜 택시,,214) 668-8870,
업소록,"710 W. Rancier Ave. #230, Killeen, TX 76541",254) 680-7773 / 214) 212-3385 / 469) 964-0282 / 972) 620-7460 / 817) 808-5010 / 214) 629-3066 / 469) 939-5825 / 972) 925-0328 / 214-989-3874 / 972-742-0373 / 713) 906-4814,http://www.aflowerstouchtx.com
Flowers Touch,"710 W. Rancier Ave. #230, Killeen, TX 76541",254) 680-7773 / 214) 212-3385 / 469) 964-0282 / 972) 620-7460 / 817) 808-5010 / 214) 629-3066 / 469) 939-5825 / 972) 925-0328 / 214-989-3874 / 972-742-0373 / 713) 906-4814,http://www.aflowerstouchtx.com
Flowers Touch,"710 W. Rancier Ave. #230, Killeen, TX 76541",254) 680-7773,http://www.aflowerstouchtx.com
[email protected],"710 W. Rancier Ave. #230, Killeen, TX 76541",254) 680-7773,http://www.aflowerstouchtx.com
Balloon Decore Inc,,214) 212-3385,
대암 Tree Service,,469) 964-0282,
스미스 유학원,"2223 Royal Lane, Dallas, TX 75229",972) 620-7460,https://maps.google.com/maps?f=d&source=s_d&saddr=&daddr=2223+Royal+Lane%2C+Dallas%2C+TX+75229&z=16&iwloc=A&z=auto
북텍사스 미용재료상인협회,,817) 808-5010,
캐롤튼 한인제일침례교회,"2400 N. Josey Lane, Carrollton, TX 75006",214) 629-3066,https://maps.google.com/maps?f=d&source=s_d&saddr=&daddr=2400+N.+Josey+Lane%2C+Carrollton%2C+TX+75006&z=16&iwloc=A&z=auto
한인운전학원 (HanIn Driving School),"2000 Royal Lane, Dallas, TX 75229",469) 939-5825,https://maps.google.com/maps?f=d&source=s_d&saddr=&daddr=2000+Royal+Lane%2C+Dallas%2C+TX+75229&z=16&iwloc=A&z=auto
동보성 (헤리하인즈 점),"11445 Emerald St, #115 Dallas, TX 75229",972) 925-0328,https://maps.google.com/maps?f=d&source=s_d&saddr=&daddr=11445+Emerald+St%2C+%23115+Dallas%2C+TX+75229&z=16&iwloc=A&z=auto
미래 종합 보험,"2560 Royal Ln #227 Dallas, TX 75229",214-989-3874 / 972-742-0373,https://maps.google.com/maps?f=d&source=s_d&saddr=&daddr=2560+Royal+Ln+%23227+Dallas%2C+TX+75229&z=16&iwloc=A&z=auto
리오엘리 화장품,"9820 Gulf Fwy., #808, Houston, TX 77034",713) 906-4814,https://maps.google.com/maps?f=d&source=s_d&saddr=&daddr=9820+Gulf+Fwy.%2C+%23808%2C+Houston%2C+TX+77034&z=16&iwloc=A&z=auto
업소록,"5100 Beltline Rd Suite 840, Addison, TX 75254",972) 239-2225 / 972) 323-4927 / 832) 651-6420 / 817) 261-8191 / 713) 952-2722 / 469-569-3811 / 972) 394-0999 / 817.682.3078 / 469.924.8537 / 469-464-9010 / 972) 242-1248,https://www.relaxtheback.com
릴렉스 더 백 (Relax The Back),"5100 Beltline Rd Suite 840, Addison, TX 75254",972) 239-2225 / 972) 323-4927 / 832) 651-6420 / 817) 261-8191 / 713) 952-2722 / 469-569-3811 / 972) 394-0999 / 817.682.3078 / 469.924.8537 / 469-464-9010 / 972) 242-1248,https://www.relaxtheback.com
릴렉스 더 백 (Relax The Back),"5100 Beltline Rd Suite 840, Addison, TX 75254",972) 239-2225,https://www.relaxtheback.com
(Mon-Sat) 10:00am ~ 7:00pm,"5100 Beltline Rd Suite 840, Addison, TX 75254",972) 239-2225,https://www.relaxtheback.com
Eden Fashion (Carrollton),"2625 Old Denton Rd. #230, Carrollton, TX 75007",972) 323-4927,https://maps.google.com/maps?f=d&source=s_d&saddr=&daddr=2625+Old+Denton+Rd.+%23230%2C+Carrollton%2C+TX+75007&z=16&iwloc=A&z=auto
휴스턴 포토클럽,,832) 651-6420,https://www.houstonphotoclub.com
남만해산공사 (Southern Bay Seafood Wholesale),"1700 E. Pioneer Pkwy., Arlington, TX 76010",817) 261-8191,https://usasouthernbay.com
[email protected],"1700 E. Pioneer Pkwy., Arlington, TX 76010",817) 261-8191,https://usasouthernbay.com
아싸레이싱 (ASAA Racing),"9605 Long Point Rd A, Houston, TX 77055",713) 952-2722,http://www.asaaracing.com
"(Mon-Fri) 9:00am ~ 7:00pm, (Sat) 9:00am ~ 5:00pm","9605 Long Point Rd A, Houston, TX 77055",713) 952-2722,http://www.asaaracing.com
DFW Cleaning Machinery,"254 Royal Lane, Dallas, TX 75229",469-569-3811,https://maps.google.com/maps?f=d&source=s_d&saddr=&daddr=254+Royal+Lane%2C+Dallas%2C+TX+75229&z=16&iwloc=A&z=auto
Secret Recipe,"1404 W. Hebron Pkwy. #103, Carrollton, TX 75010",972) 394-0999,https://maps.google.com/maps?f=d&source=s_d&saddr=&daddr=1404+W.+Hebron+Pkwy.+%23103%2C+Carrollton%2C+TX+75010&z=16&iwloc=A&z=auto
secretrecipetx.com,"1404 W. Hebron Pkwy. #103, Carrollton, TX 75010",972) 394-0999,https://maps.google.com/maps?f=d&source=s_d&saddr=&daddr=1404+W.+Hebron+Pkwy.+%23103%2C+Carrollton%2C+TX+75010&z=16&iwloc=A&z=auto
블루 앵커 Blue Anchor 보험,,817.682.3078 / 469.924.8537,
"JWK Engineering, LLC",,469-464-9010,http://www.jwkengineering.com
맛 (TASTE OF KOREA),"2625 Old Denton Rd. #540, Carrollton, TX 75007",972) 242-1248,https://maps.google.com/maps?f=d&source=s_d&saddr=&daddr=2625+Old+Denton+Rd.+%23540%2C+Carrollton%2C+TX+75007&z=16&iwloc=A&z=auto
업소록,"1240 Blalock Rd. #275, Houston, TX 77055",832) 767-0709 / 214) 725-6519 / 214) 352-4989 / 972)897-6018 / 972-629-9507 / 713) 266-2026 / 972) 406-1004 / 254) 634-3315 / 915) 755-1490 / 800) 946-5310 / 210) 804-0019,https://www.komericapost.com
코메리카포스트,"1240 Blalock Rd. #275, Houston, TX 77055",832) 767-0709 / 214) 725-6519 / 214) 352-4989 / 972)897-6018 / 972-629-9507 / 713) 266-2026 / 972) 406-1004 / 254) 634-3315 / 915) 755-1490 / 800) 946-5310 / 210) 804-0019,https://www.komericapost.com
코메리카포스트,"1240 Blalock Rd. #275, Houston, TX 77055",832) 767-0709,https://www.komericapost.com
Party N Favors,"11434 Emerald St. #109, Dallas, TX 75229",214) 725-6519,https://ko-kr.facebook.com/partynfavors/
[email protected],"11434 Emerald St. #109, Dallas, TX 75229",214) 725-6519,https://ko-kr.facebook.com/partynfavors/
J 부동산 (J Realty LLC),"2560 Royal Ln. #210, Dallas, TX 75229",214) 352-4989 / 972)897-6018,http://www.jrealtydallas.com
[email protected],"2560 Royal Ln. #210, Dallas, TX 75229",214) 352-4989 / 972)897-6018,http://www.jrealtydallas.com
Burnin92 (버닝구이),"11445 Emerald St. #120 Dallas, TX 75229",972-629-9507,https://maps.google.com/maps?f=d&source=s_d&saddr=&daddr=11445+Emerald+St.+%23120+Dallas%2C+TX+75229&z=16&iwloc=A&z=auto
에이스 트레이딩,"8000 Harwin Dr. #100, Houston, TX 77036",713) 266-2026,https://maps.google.com/maps?f=d&source=s_d&saddr=&daddr=8000+Harwin+Dr.+%23100%2C+Houston%2C+TX+77036&z=16&iwloc=A&z=auto
엔젤 핸디맨,,972) 406-1004,
오리엔탈 키친,"1004 N. 8th Street, Killeen, TX 76541",254) 634-3315,https://maps.google.com/maps?f=d&source=s_d&saddr=&daddr=1004+N.+8th+Street%2C+Killeen%2C+TX+76541&z=16&iwloc=A&z=auto
엘파소 열린문 장로교회,"3416 Atles Avenue, El Paso, TX 79904",915) 755-1490,https://maps.google.com/maps?f=d&source=s_d&saddr=&daddr=3416+Atles+Avenue%2C+El+Paso%2C+TX+79904&z=16&iwloc=A&z=auto
facebook.com/ElpasoOpenDoor,"3416 Atles Avenue, El Paso, TX 79904",915) 755-1490,https://maps.google.com/maps?f=d&source=s_d&saddr=&daddr=3416+Atles+Avenue%2C+El+Paso%2C+TX+79904&z=16&iwloc=A&z=auto
Tour 18,"8718 Amen Corner, Flower Mound, TX 75022",800) 946-5310,http://www.tour18-dallas.com
코리아나 식당,"2458 Harry Wurzbach Road #5, San Antonio, TX 78029",210) 804-0019,https://maps.google.com/maps?f=d&source=s_d&saddr=&daddr=2458+Harry+Wurzbach+Road+%235%2C+San+Antonio%2C+TX+78029&z=16&iwloc=A&z=auto
업소록,"2625 Old Denton Rd. #410, Carrollton, TX 75007",214) 288-6405 / 469) 522-4955 / 214) 755-4245 / 469)758-0085 / 214) 606-5633 / 214) 606-2160 / 214) 868-3579 / 972) 690-8617 / 469) 831-8770 / 972) 867-5888 / 832) 273-9980 / 940-279-5012 / 832) 379-0001,https://maps.google.com/maps?f=d&source=s_d&saddr=&daddr=2625+Old+Denton+Rd.+%23410%2C+Carrollton%2C+TX+75007&z=16&iwloc=A&z=auto
다스 헤어 앤 네일 (Dass Hair and Nail),"2625 Old Denton Rd. #410, Carrollton, TX 75007",214) 288-6405 / 469) 522-4955 / 214) 755-4245 / 469)758-0085 / 214) 606-5633 / 214) 606-2160 / 214) 868-3579 / 972) 690-8617 / 469) 831-8770 / 972) 867-5888 / 832) 273-9980 / 940-279-5012 / 832) 379-0001,https://maps.google.com/maps?f=d&source=s_d&saddr=&daddr=2625+Old+Denton+Rd.+%23410%2C+Carrollton%2C+TX+75007&z=16&iwloc=A&z=auto
다스 헤어 앤 네일 (Dass Hair and Nail),"2625 Old Denton Rd. #410, Carrollton, TX 75007",214) 288-6405,https://maps.google.com/maps?f=d&source=s_d&saddr=&daddr=2625+Old+Denton+Rd.+%23410%2C+Carrollton%2C+TX+75007&z=16&iwloc=A&z=auto
Bank of Hope,"3010 LBJ Freeway #205, Dallas, TX 75234",469) 522-4955 / 214) 755-4245,https://maps.google.com/maps?f=d&source=s_d&saddr=&daddr=3010+LBJ+Freeway+%23205%2C+Dallas%2C+TX+75234&z=16&iwloc=A&z=auto
다미 (Dami),"4070 State Highway 121 #336, Carrollton, TX 75010",469)758-0085,https://maps.google.com/maps?f=d&source=s_d&saddr=&daddr=4070+State+Highway+121+%23336%2C+Carrollton%2C+TX+75010&z=16&iwloc=A&z=auto
고 에코 페스트 컨트롤 (Go Eco Pest Control),"2081 Hutton Dr. #311, Carrollton, TX 75006",214) 606-5633 / 214) 606-2160,http://www.goecopestcontrol.com/
[email protected],"2081 Hutton Dr. #311, Carrollton, TX 75006",214) 606-5633 / 214) 606-2160,http://www.goecopestcontrol.com/
리차드슨 종합 치과,"1231 E. Beltline Rd. #103, TX 75081",214) 868-3579 / 972) 690-8617,http://www.richardsondentistry.com
[email protected],"1231 E. Beltline Rd. #103, TX 75081",214) 868-3579 / 972) 690-8617,http://www.richardsondentistry.com
에이펙스 전기 (APEX Electric),"2540 Glenda Ln. #116, Dallas, TX 75229",469) 831-8770,https://maps.google.com/maps?f=d&source=s_d&saddr=&daddr=2540+Glenda+Ln.+%23116%2C+Dallas%2C+TX+75229&z=16&iwloc=A&z=auto
[email protected],"2540 Glenda Ln. #116, Dallas, TX 75229",469) 831-8770,https://maps.google.com/maps?f=d&source=s_d&saddr=&daddr=2540+Glenda+Ln.+%23116%2C+Dallas%2C+TX+75229&z=16&iwloc=A&z=auto
Hong W. Davis M.D.,"6300 Stonewood Dr. #202, Plano, TX 75024",972) 867-5888,https://maps.google.com/maps?f=d&source=s_d&saddr=&daddr=6300+Stonewood+Dr.+%23202%2C+Plano%2C+TX+75024&z=16&iwloc=A&z=auto
리틀 서울,"1415 Murray Bay, Houston, TX 77080",832) 273-9980,https://maps.google.com/maps?f=d&source=s_d&saddr=&daddr=1415+Murray+Bay%2C+Houston%2C+TX+77080&z=16&iwloc=A&z=auto
Primecare Chiropractic & Physical Therapy,"8668 John Hickman Pkwy Suite 302, Frisco, TX 75034",940-279-5012,https://maps.google.com/maps?f=d&source=s_d&saddr=&daddr=8668+John+Hickman+Pkwy+Suite+302%2C+Frisco%2C+TX+75034&z=16&iwloc=A&z=auto
OCI 인터내셔널,"11767 Katy Freeway #1140, Houston, TX 77079",832) 379-0001,https://maps.google.com/maps?f=d&source=s_d&saddr=&daddr=11767+Katy+Freeway+%231140%2C+Houston%2C+TX+77079&z=16&iwloc=A&z=auto
혼다 HONDA (AutoNation Honda Lewisville),"601 Waters Ridge Drive, Lewisville, TX 75067",469) 939-7001 / 214) 483-3838 / 469) 547-7464 / 713) 461-5112 / 972.504.3870 / 281) 690-8497 / 281) 368-1475 / 512) 552-5422 / 812) 360-3848 / 972 50 2586,http://www.autonationhondalewisville.com
혼다 HONDA (AutoNation Honda Lewisville),"601 Waters Ridge Drive, Lewisville, TX 75067",469) 939-7001,http://www.autonationhondalewisville.com
(Mon-Sat) 9:00am ~ 9:00pm,"601 Waters Ridge Drive, Lewisville, TX 75067",469) 939-7001,http://www.autonationhondalewisville.com
정관장 동인비 화장품,"2625 Old Denton Rd. #304, Carrollton, TX 75007",214) 483-3838,http://www.kgcus.com
Modern Sound Studio,"1445 MacArthur Dr #248, Carrollton, TX 75007",469) 547-7464,https://www.facebook.com/modernsoundstudio/?ref=page_internal
윌클레스트 꽃집,"11303 Katy Freeway, Houston, TX 77079",713) 461-5112,http://www.nosegaywilcrest.com
스파이더 스마트 학원 (SpiderSmart Learning Center of Frisco & Carrollton),"6549 Coit Road, Suite 122, Frisco, TX 75035",972.504.3870,https://www.SpiderSmart.com
"(Mon) Closed, (Tue-Fri) 4:00PM~8:00PM, (Sat) 10:00AM~5:00PM, (Sun) Closed","6549 Coit Road, Suite 122, Frisco, TX 75035",972.504.3870,https://www.SpiderSmart.com
EZ 테크 (EZ-Tech),,281) 690-8497,http://www.ez-tech.net
[email protected],,281) 690-8497,http://www.ez-tech.net
웨스트사이드렉서스 - 정리 (West Side LEXUS -Chong Lee),"12000 Old Katy Road, Houston, TX 77079",281) 368-1475,http://www.westsidelexus.com
"(Mon-Thur) 9:00am ~ 7:30pm, (Fri) 9:00am ~ 7:00pm, (Sat) 9:00am ~ 6:00pm","12000 Old Katy Road, Houston, TX 77079",281) 368-1475,http://www.westsidelexus.com
Steam Tech (카펫대청소),"8906 Wall St. #801, Austin, TX 78754",512) 552-5422,https://maps.google.com/maps?f=d&source=s_d&saddr=&daddr=8906+Wall+St.+%23801%2C+Austin%2C+TX+78754&z=16&iwloc=A&z=auto
최윤정 바이올린 레슨,,812) 360-3848,
CPD Mobile,"8330 LBJ Freeway #430, Dallas, TX 75243",972 50 2586,https://maps.google.com/maps?f=d&source=s_d&saddr=&daddr=8330+LBJ+Freeway+%23430%2C+Dallas%2C+TX+75243&z=16&iwloc=A&z=auto
업소록,"4105 West Spring Creek Parkway, Suite 506, Plano, TX 75024",972) 599-7800 / 460-206-0158 / 469) 900-8069 / 214-515-2274 / 713) 467-0400 / 469) 522-0001 / 405) 760-0120 / 405) 672-5062 / 214) 796-3377 / 469) 774-3377 / 469) 767-1955 / 713) 532-6552 / 832) 264-9566,https://www.meadowviewortho.com
Meadowview Orthodontics,"4105 West Spring Creek Parkway, Suite 506, Plano, TX 75024",972) 599-7800 / 460-206-0158 / 469) 900-8069 / 214-515-2274 / 713) 467-0400 / 469) 522-0001 / 405) 760-0120 / 405) 672-5062 / 214) 796-3377 / 469) 774-3377 / 469) 767-1955 / 713) 532-6552 / 832) 264-9566,https://www.meadowviewortho.com
Meadowview Orthodontics,"4105 West Spring Creek Parkway, Suite 506, Plano, TX 75024",972) 599-7800,https://www.meadowviewortho.com
[email protected],"4105 West Spring Creek Parkway, Suite 506, Plano, TX 75024",972) 599-7800,https://www.meadowviewortho.com
안나 케어 (Anna Care),1870 Crown Dr. #1520 Farmers Branch TX 75234,460-206-0158,https://www.annacaretx.com
Spa Avenue (스파애비뉴),"1025 W. Hebron Pkwy #144, Carrollton, TX 75010",469) 900-8069 / 214-515-2274,https://www.spa-avenue.com
"(Mon-Sat) 10:00am ~ 9:00pm, (Sun) Appointment Only","1025 W. Hebron Pkwy #144, Carrollton, TX 75010",469) 900-8069 / 214-515-2274,https://www.spa-avenue.com
노리 비스트로,"700 Town & Country Blvd., Houston, TX 77024",713) 467-0400,https://maps.google.com/maps?f=d&source=s_d&saddr=&daddr=700+Town+%26+Country+Blvd.%2C+Houston%2C+TX+77024&z=16&iwloc=A&z=auto
Oriental Building Service,2640 Northaven Rd. #105 Dallas TX 75229,469) 522-0001,http://www.obsusa.net
[email protected],2640 Northaven Rd. #105 Dallas TX 75229,469) 522-0001,http://www.obsusa.net
새벽빛교회,"3720 SE. 59 Street, Oklahoma City, OK 73135",405) 760-0120 / 405) 672-5062,http://www.okkumc.org
[email protected],"3720 SE. 59 Street, Oklahoma City, OK 73135",405) 760-0120 / 405) 672-5062,http://www.okkumc.org
[email protected],OK 에어컨,214) 796-3377 / 469) 774-3377,https://maps.google.com/maps?f=d&source=s_d&saddr=&daddr=1710+N+Interstate+35E+Carrollton%2C+TX+75006&z=16&iwloc=A&z=auto
[email protected],"1710 N Interstate 35E Carrollton, TX 75006",214) 796-3377 / 469) 774-3377,https://maps.google.com/maps?f=d&source=s_d&saddr=&daddr=1710+N+Interstate+35E+Carrollton%2C+TX+75006&z=16&iwloc=A&z=auto
HK 건축/인테리어,"11422 Reeder Road, Dallas, TX 75234",469) 767-1955,https://maps.google.com/maps?f=d&source=s_d&saddr=&daddr=11422+Reeder+Road%2C+Dallas%2C+TX+75234&z=16&iwloc=A&z=auto
휴스턴 올마트,"6808 Harwin Drive, Houston, TX 77036",713) 532-6552,https://maps.google.com/maps?f=d&source=s_d&saddr=&daddr=6808+Harwin+Drive%2C+Houston%2C+TX+77036&z=16&iwloc=A&z=auto
새 믿음 장로교회,"9742 Clay Road, Houston, TX 77080",832) 264-9566,https://www.kfpch.org
업소록,"3044 Old Denton Rd #131, Carrollton, TX 75007",469-994-8008 / 713) 467-4277 / 972) 679-6151 / 800) 225-2525 / 972) 462-7010 / 469) 231-6114 / 817) 847-1131 / 817) 405-2166 / 713) 465-1466 / 713) 377-3000 / 832) 643-3303,https://maps.google.com/maps?f=d&source=s_d&saddr=&daddr=3044+Old+Denton+Rd+%23131%2C+Carrollton%2C+TX+75007&z=16&iwloc=A&z=auto
청담 (Chung Dam),"3044 Old Denton Rd #131, Carrollton, TX 75007",469-994-8008 / 713) 467-4277 / 972) 679-6151 / 800) 225-2525 / 972) 462-7010 / 469) 231-6114 / 817) 847-1131 / 817) 405-2166 / 713) 465-1466 / 713) 377-3000 / 832) 643-3303,https://maps.google.com/maps?f=d&source=s_d&saddr=&daddr=3044+Old+Denton+Rd+%23131%2C+Carrollton%2C+TX+75007&z=16&iwloc=A&z=auto
청담 (Chung Dam),"3044 Old Denton Rd #131, Carrollton, TX 75007",469-994-8008,https://maps.google.com/maps?f=d&source=s_d&saddr=&daddr=3044+Old+Denton+Rd+%23131%2C+Carrollton%2C+TX+75007&z=16&iwloc=A&z=auto
그린 미용실,"10026 Long Point, Houston, TX 77055",713) 467-4277,https://maps.google.com/maps?f=d&source=s_d&saddr=&daddr=10026+Long+Point%2C+Houston%2C+TX+77055&z=16&iwloc=A&z=auto
열린문교회,"449 Kingsbridge Drive, Garland, TX 75040",972) 679-6151,https://maps.google.com/maps?f=d&source=s_d&saddr=&daddr=449+Kingsbridge+Drive%2C+Garland%2C+TX+75040&z=16&iwloc=A&z=auto
델타 항공 (국내예약),,800) 225-2525,
G3 달라스 성결교회,517 E. Sandy Lake Rd. Coppell. TX 75019,972) 462-7010 / 469) 231-6114,https://maps.google.com/maps?f=d&source=s_d&saddr=&daddr=517++E.+Sandy+Lake+Rd.+Coppell.+TX+75019&z=16&iwloc=A&z=auto
UNI 건축,"11453 Newkirk St. #1127, Dallas, TX 75229",,https://maps.google.com/maps?f=d&source=s_d&saddr=&daddr=11453+Newkirk+St.+%231127%2C+Dallas%2C+TX+75229&z=16&iwloc=A&z=auto
Western Center Dental,"2700 Western Center Blvd. #128, Fort Worth, TX 76131",817) 847-1131 / 817) 405-2166,http://www.westerncenterdental.com
"(Mon, Wed, Fri) 7:00am ~ 3:00pm, (Tue, Thur) 10:00am ~ 6:00pm","2700 Western Center Blvd. #128, Fort Worth, TX 76131",817) 847-1131 / 817) 405-2166,http://www.westerncenterdental.com
서울 미용실,"9501-C Long Point, Houston, TX 77055",713) 465-1466,https://maps.google.com/maps?f=d&source=s_d&saddr=&daddr=9501-C+Long+Point%2C+Houston%2C+TX+77055&z=16&iwloc=A&z=auto
제이제이 헤어싸롱,"1400 Blalock Road, Houston, TX 77055",713) 377-3000,https://maps.google.com/maps?f=d&source=s_d&saddr=&daddr=1400+Blalock+Road%2C+Houston%2C+TX+77055&z=16&iwloc=A&z=auto
홍세정 부동산,"810 Hwy. 6 South #100, Houston, TX 77079",832) 643-3303,https://maps.google.com/maps?f=d&source=s_d&saddr=&daddr=810+Hwy.+6+South+%23100%2C+Houston%2C+TX+77079&z=16&iwloc=A&z=auto
업소록,"885 TX-5, Fairview, TX 75069",214) 477-3250 / 469) 941-4889 / 214) 621-2257 / 469) 626-1312 / 972) 406-8885 / 972.882.6755 / 972) 910-0127 / 972) 552-0972 / 214) 727-9556 / 972) 516-8948 / 817) 808-8927,https://www.newksd.org
달라스 한국학교 (New Korean School of Dallas) 맥키니 캠퍼스,"885 TX-5, Fairview, TX 75069",214) 477-3250 / 469) 941-4889 / 214) 621-2257 / 469) 626-1312 / 972) 406-8885 / 972.882.6755 / 972) 910-0127 / 972) 552-0972 / 214) 727-9556 / 972) 516-8948 / 817) 808-8927,https://www.newksd.org
달라스 한국학교 (New Korean School of Dallas) 맥키니 캠퍼스,"885 TX-5, Fairview, TX 75069",214) 477-3250,https://www.newksd.org
[email protected],"885 TX-5, Fairview, TX 75069",214) 477-3250,https://www.newksd.org
JW Wireless Verizon,"2240 Royal Ln. #301, Dallas, TX 75229",469) 941-4889,https://maps.google.com/maps?f=d&source=s_d&saddr=&daddr=2240+Royal+Ln.+%23301%2C+Dallas%2C+TX+75229&z=16&iwloc=A&z=auto
[email protected],"2240 Royal Ln. #301, Dallas, TX 75229",469) 941-4889,https://maps.google.com/maps?f=d&source=s_d&saddr=&daddr=2240+Royal+Ln.+%23301%2C+Dallas%2C+TX+75229&z=16&iwloc=A&z=auto
Ra's 첼로 Studio,,214) 621-2257,
우리약국 (Woori Pharmacy),"3320 K Ave Suite M103, Plano, TX 75074 (플레이노 H마트 푸드코트 입구)",469) 626-1312,https://maps.google.com/maps?f=d&source=s_d&saddr=&daddr=3320+K+Ave+Suite+M103%2C+Plano%2C+TX+75074+%28%ED%94%8C%EB%A0%88%EC%9D%B4%EB%85%B8+H%EB%A7%88%ED%8A%B8+%ED%91%B8%EB%93%9C%EC%BD%94%ED%8A%B8+%EC%9E%85%EA%B5%AC%29&z=16&iwloc=A&z=auto
3호점 모짜르트 해리하인즈 (Mozart Bakery),"11420 Emerald St #104, Dallas, TX 75229",972) 406-8885,https://maps.google.com/maps?f=d&source=s_d&saddr=&daddr=11420+Emerald+St+%23104%2C+Dallas%2C+TX+75229&z=16&iwloc=A&z=auto
박장만 변호사,"2240 Royal Lane. #214, Dallas, TX 75229",972.882.6755,https://maps.google.com/maps?f=d&source=s_d&saddr=&daddr=2240+Royal+Lane.+%23214%2C+Dallas%2C+TX+75229&z=16&iwloc=A&z=auto
Kebabs to go,"10025 N. MacArthur Blvd., Irving, TX 75006",972) 910-0127,https://www.kebabstogo.com
매브라 한의원,"6200 LBJ FWY #185, Dallas, TX 75206",972) 552-0972 / 214) 727-9556,https://maps.google.com/maps?f=d&source=s_d&saddr=&daddr=6200+LBJ+FWY++%23185%2C++Dallas%2C+TX+75206&z=16&iwloc=A&z=auto
고기야 (gogiya),"1301 Custer Rd #360, Plano, TX 75075",972) 516-8948,http://www.dawontx.com/
"(Mon-Tues, Thurs-Satt) 11AM - 10PM, (Sun) 12PM - 10PM, (Wed) Closed","1301 Custer Rd #360, Plano, TX 75075",972) 516-8948,http://www.dawontx.com/
국기도장,"101 W. Harwood Rd, Euless, TX 76039",817) 808-8927,https://maps.google.com/maps?f=d&source=s_d&saddr=&daddr=101+W.+Harwood+Rd%2C+Euless%2C+TX+76039&z=16&iwloc=A&z=auto
업소록,"12005 Ford Rd. #555, Dallas, TX 75234",469) 420-9898 / 832) 704-8334 / 832) 690-3100 / 972) 800-7967 / 972) 513-1779 / 469-644-4398 / 281) 477-0739 / 972) 810-0803 / 972) 242-8800 / 972) 247-4482 / 703) 371-1265,https://www.nissigroup.com
닛시건축 달라스,"12005 Ford Rd. #555, Dallas, TX 75234",469) 420-9898 / 832) 704-8334 / 832) 690-3100 / 972) 800-7967 / 972) 513-1779 / 469-644-4398 / 281) 477-0739 / 972) 810-0803 / 972) 242-8800 / 972) 247-4482 / 703) 371-1265,https://www.nissigroup.com
닛시건축 달라스,"12005 Ford Rd. #555, Dallas, TX 75234",469) 420-9898,https://www.nissigroup.com
[email protected],"12005 Ford Rd. #555, Dallas, TX 75234",469) 420-9898,https://www.nissigroup.com
휴스턴 명성교회,"25143 Roesner Ln., Katy, TX 77494",832) 704-8334,https://maps.google.com/maps?f=d&source=s_d&saddr=&daddr=25143+Roesner+Ln.%2C+Katy%2C+TX+77494&z=16&iwloc=A&z=auto
삼성 엔지니어링,"2050 W. Sam Houston Pkwy. 19th Fl., Houston, TX 77042",832) 690-3100,https://www.samsungengineering.co.kr
달사람 콜택시,,972) 800-7967,
경은 미용실,"1220 N. Beltline Road, Irving, TX 75061",972) 513-1779,https://maps.google.com/maps?f=d&source=s_d&saddr=&daddr=1220+N.+Beltline+Road%2C+Irving%2C+TX+75061&z=16&iwloc=A&z=auto
EVE Code (이브코드),,469-644-4398,https://www.mottoic.com
"제품판매처 : 시온마켓, 코마트, 신촌마트, 아리따움 (H-Mart 건물내)",,469-644-4398,https://www.mottoic.com
자유민주연합,,281) 477-0739,
똥꼬포차 (Ddong Ggo),"2625 Old Denton Road, Carrollton, TX 75007",972) 810-0803,https://maps.google.com/maps?f=d&source=s_d&saddr=&daddr=2625+Old+Denton+Road%2C+Carrollton%2C+TX+75007&z=16&iwloc=A&z=auto
Dirty Cajun,"2701 Old Denton Rd. #156, Carrollton, TX 75007",972) 242-8800,https://www.dirtycajungrill.com
도쿄 헤어 살롱 (Tokyo Hair Salon),"2560 Royal Ln. #116, Dallas, TX 75229",972) 247-4482 / 703) 371-1265,https://maps.google.com/maps?f=d&source=s_d&saddr=&daddr=2560+Royal+Ln.+%23116%2C+Dallas%2C+TX+75229&z=16&iwloc=A&z=auto
업소록,"4455 LBJ Fwy #818, Dallas, TX 75244",832) 437-1465 / 877) 621-6446 / 214) 884-8478 / 469.892.5782 / 972) 301-5988 / 972) 484-8949 / 214) 507-0788 / 214) 828-2323 / 469) 774-9286 / 469) 226-2649 / 972) 646-0072,http://ksea.org/
재미 과학 기술자 협회 남서부 지부 ( The Korean-American Scientists and Engineers Association),"4455 LBJ Fwy #818, Dallas, TX 75244",832) 437-1465 / 877) 621-6446 / 214) 884-8478 / 469.892.5782 / 972) 301-5988 / 972) 484-8949 / 214) 507-0788 / 214) 828-2323 / 469) 774-9286 / 469) 226-2649 / 972) 646-0072,http://ksea.org/
재미 과학 기술자 협회 남서부 지부 ( The Korean-American Scientists and Engineers Association),,832) 437-1465,http://ksea.org/
[email protected],,832) 437-1465,http://ksea.org/
PMG 융자,"4455 LBJ Fwy #818, Dallas, TX 75244",877) 621-6446,https://maps.google.com/maps?f=d&source=s_d&saddr=&daddr=4455+LBJ+Fwy+%23818%2C+Dallas%2C+TX+75244&z=16&iwloc=A&z=auto
Farmers Homecare 파머스 홈케어,"6100 Colwell Blvd., Suite 125, Irving, Texas 75039",214) 884-8478,https://www.farmershomecare.com
프레쉬 K 마켓 (Fresh K International Farmers Market),"4060 State Hwy 121. #150. Carrollton, TX 75010",469.892.5782,https://www.freshkmarket.com
Southwestern National Bank (Richardson),"1131 N. Jupiter Road, Richardson, TX 75081",972) 301-5988,https://www.swnbk.com
"(Mon-Thu) 9:00am ~ 5:00pm, (Fri) 9:00am ~ 6:00pm, (Sat) 9:00am ~ 1:00pm","1131 N. Jupiter Road, Richardson, TX 75081",972) 301-5988,https://www.swnbk.com
Wholesale T-shirts Depot,"11311 Harry Hines Blvd. #201, Dallas, TX 75229",972) 484-8949,https://maps.google.com/maps?f=d&source=s_d&saddr=&daddr=11311+Harry+Hines+Blvd.+%23201%2C+Dallas%2C+TX+75229&z=16&iwloc=A&z=auto
wtdtx.com,"11311 Harry Hines Blvd. #201, Dallas, TX 75229",972) 484-8949,https://maps.google.com/maps?f=d&source=s_d&saddr=&daddr=11311+Harry+Hines+Blvd.+%23201%2C+Dallas%2C+TX+75229&z=16&iwloc=A&z=auto
이만준 바이올린 레슨,,214) 507-0788,
Ace Boutique & Jewelry,,214) 828-2323,
현악기 수리,"1409 Sacramento Terrace, Plano, TX 75075",469) 774-9286 / 469) 226-2649,https://maps.google.com/maps?f=d&source=s_d&saddr=&daddr=1409+Sacramento+Terrace%2C+Plano%2C+TX+75075&z=16&iwloc=A&z=auto
Best Bankcard Solution,,972) 646-0072,
업소록,"13048 Research Blvd Suite B Austin, TX 75062",512) 757-2828 / 972) 740-9993 / 713) 780-1766 / 972) 484-2391 / 512) 219-6020 / 972) 247-7555 / 469-892-2166 / 214) 766-6289 / 972) 242-5534 / 713) 647-9400 / 214) 563-8581,https://www.BluDental.net
텍사스 종합치과 어스틴,"13048 Research Blvd Suite B Austin, TX 75062",512) 757-2828 / 972) 740-9993 / 713) 780-1766 / 972) 484-2391 / 512) 219-6020 / 972) 247-7555 / 469-892-2166 / 214) 766-6289 / 972) 242-5534 / 713) 647-9400 / 214) 563-8581,https://www.BluDental.net
텍사스 종합치과 어스틴,"13048 Research Blvd Suite B Austin, TX 75062",512) 757-2828,https://www.BluDental.net
"(Mon-Sat) 9:00am ~ 6:00pm, (Sun) 12:00pm ~ 6:00pm","13048 Research Blvd Suite B Austin, TX 75062",512) 757-2828,https://www.BluDental.net
달라스 이삿짐 운송 (Dallas Moving Service),,972) 740-9993,
엄재웅 법률 사무소,"6200 Savoy Dr #945, Houston, TX 77036",713) 780-1766,https://maps.google.com/maps?f=d&source=s_d&saddr=&daddr=6200+Savoy+Dr+%23945%2C+Houston%2C+TX+77036&z=16&iwloc=A&z=auto
Dana Import Co,"11441 N. Stemmons Fwy. #145, Dallas, TX 75229",972) 484-2391,http://www.danaimport.com
Lakeline Florist & Gifts,"12233 Ranch Road 620 N. #103, Austin, TX 78750",512) 219-6020,http://www.lakelineflorist.com
"(Mon-Fri) 8:00am ~ 6:00pm, (Sat) 9:00am ~ 3:00pm","12233 Ranch Road 620 N. #103, Austin, TX 78750",512) 219-6020,http://www.lakelineflorist.com
Vogue1 International,"11422 Harry Hines Boulevard #201, Dallas, TX 75229",972) 247-7555,https://maps.google.com/maps?f=d&source=s_d&saddr=&daddr=11422+Harry+Hines+Boulevard+%23201%2C+Dallas%2C+TX+75229&z=16&iwloc=A&z=auto
아리(ARI) Korean barbecue,"2625 Old Denton Rd. #800, Carrollton, TX 75007",469-892-2166,https://www.aribbq.com
Monday - Friday 11:00AM-2:30PM 4:30PM-10:00PM / Saturday 12:00PM - 11:00PM / Sunday 4:00PM - 9:30PM,"2625 Old Denton Rd. #800, Carrollton, TX 75007",469-892-2166,https://www.aribbq.com
달라스 조경,,214) 766-6289 / 972) 242-5534,
뚜레쥬르,"1302 Blalock Road, Houston, TX 77055",713) 647-9400,https://maps.google.com/maps?f=d&source=s_d&saddr=&daddr=1302+Blalock+Road%2C+Houston%2C+TX+77055&z=16&iwloc=A&z=auto
대한 부동산,,214) 563-8581,
업소록,"716 W. Spring Valley Road, Richardson, TX 75080",915) 433-1878 / 972) 690-6800 / 469) 235-7258 / 832) 338-6653 / 972) 429-5100 / 214) 352-5151 / 214) 900-6857 / 469) 396-2460 / 214) 769-5881 / 817) 521-5670,https://maps.google.com/maps?f=d&source=s_d&saddr=&daddr=716+W.+Spring+Valley+Road%2C+Richardson%2C+TX+75080&z=16&iwloc=A&z=auto
엘 파소 한인회,"716 W. Spring Valley Road, Richardson, TX 75080",915) 433-1878 / 972) 690-6800 / 469) 235-7258 / 832) 338-6653 / 972) 429-5100 / 214) 352-5151 / 214) 900-6857 / 469) 396-2460 / 214) 769-5881 / 817) 521-5670,https://maps.google.com/maps?f=d&source=s_d&saddr=&daddr=716+W.+Spring+Valley+Road%2C+Richardson%2C+TX+75080&z=16&iwloc=A&z=auto
엘 파소 한인회,,915) 433-1878,
Tam's Chinese Restaurant,"716 W. Spring Valley Road, Richardson, TX 75080",972) 690-6800,https://maps.google.com/maps?f=d&source=s_d&saddr=&daddr=716+W.+Spring+Valley+Road%2C+Richardson%2C+TX+75080&z=16&iwloc=A&z=auto
달라스 종합건설,"1302 Carroll Ave., Carrollton, TX 75006",469) 235-7258,https://maps.google.com/maps?f=d&source=s_d&saddr=&daddr=1302+Carroll+Ave.%2C+Carrollton%2C+TX+75006&z=16&iwloc=A&z=auto
밥스 & 그릴,"8300 W. Sam Houston Pkwy S. #218, Houston, TX 77072",832) 338-6653,https://maps.google.com/maps?f=d&source=s_d&saddr=&daddr=8300+W.+Sam+Houston+Pkwy+S.+%23218%2C+Houston%2C+TX+77072&z=16&iwloc=A&z=auto
Woodbridge Golf Club,"7400 Country Club Dr, Wylie, TX 75098",972) 429-5100,https://maps.google.com/maps?f=d&source=s_d&saddr=&daddr=7400+Country+Club+Dr%2C+Wylie%2C+TX+75098&z=16&iwloc=A&z=auto
wbgolfclub.com,"7400 Country Club Dr, Wylie, TX 75098",972) 429-5100,https://maps.google.com/maps?f=d&source=s_d&saddr=&daddr=7400+Country+Club+Dr%2C+Wylie%2C+TX+75098&z=16&iwloc=A&z=auto
달라스 사무용 가구점 (Office Furniture Idea),"10797 Harry Hines Blvd, Dallas, TX 75220",214) 352-5151,https://maps.google.com/maps?f=d&source=s_d&saddr=&daddr=10797+Harry+Hines+Blvd%2C+Dallas%2C+TX+75220&z=16&iwloc=A&z=auto
officefurnitureidea.com,"10797 Harry Hines Blvd, Dallas, TX 75220",214) 352-5151,https://maps.google.com/maps?f=d&source=s_d&saddr=&daddr=10797+Harry+Hines+Blvd%2C+Dallas%2C+TX+75220&z=16&iwloc=A&z=auto
J-Finance 컨설팅,,214) 900-6857,
주산과 암산,,469) 396-2460,
CEI 사인,"1308 Edgewood Ct., Carrollton, TX 75007",214) 769-5881,https://maps.google.com/maps?f=d&source=s_d&saddr=&daddr=1308+Edgewood+Ct.%2C+Carrollton%2C+TX+75007&z=16&iwloc=A&z=auto
의정부여자고등학교,,817) 521-5670,
업소록,"1640 W. 23 Rd St #300 DFW AIRPORT, TX 75261",800) 438-5000 / 972) 973-7051 / 214) 263-4727 / 512.420.0806 / 512.902.2210 / 562) 991-3359 / 512) 502-4139 / 713) 298-2357 / 972) 834-4118 / 713) 584-9714 / 972) 258-1200 / 972) 239-9100,https://www.koreanair.com
대한항공 (Korean Air),"1640 W. 23 Rd St #300 DFW AIRPORT, TX 75261",800) 438-5000 / 972) 973-7051 / 214) 263-4727 / 512.420.0806 / 512.902.2210 / 562) 991-3359 / 512) 502-4139 / 713) 298-2357 / 972) 834-4118 / 713) 584-9714 / 972) 258-1200 / 972) 239-9100,https://www.koreanair.com
대한항공 (Korean Air),"1640 W. 23 Rd St #300 DFW AIRPORT, TX 75261",800) 438-5000 / 972) 973-7051,https://www.koreanair.com
Smart IT Solutions,,214) 263-4727,
가위소리 Scissors Sound Hair Salon,"6808 N. Lamar Blvd. Suite B-130, Austin, TX 78752",512.420.0806 / 512.902.2210,https://www.scissorssound.com
JNS Costech,"13330 Mapledale St, Norwalk, CA 90650",562) 991-3359,https://www.jnscostech.com
[email protected],"13330 Mapledale St, Norwalk, CA 90650",562) 991-3359,https://www.jnscostech.com
B & A 리모델링,,512) 502-4139,
휴스턴 제자들 교회,"9920 Long Point Road, Houston, TX 77055",713) 298-2357,https://maps.google.com/maps?f=d&source=s_d&saddr=&daddr=9920+Long+Point+Road%2C+Houston%2C+TX+77055&z=16&iwloc=A&z=auto
그레이스 기타 레슨,,972) 834-4118,
한국 콜택시,,713) 584-9714,
토요다 TOYOTA (Toyota of Irving),"1999 W. Airport Freeway, Irving, TX 75062",972) 258-1200,http://www.toyotaofirving.com
"(Mon-Fri) 8:30am ~ 9:00pm, (Sat) 9:00am ~ 9:00pm","1999 W. Airport Freeway, Irving, TX 75062",972) 258-1200,http://www.toyotaofirving.com
김용철 종합보험,"5520 LBJ Fwy. #340, Dallas, TX 75240",972) 239-9100,http://www.famersagent.com/ykim3
업소록,"2714 Kelly Lane, Pflugerville, TX 78660",512) 251-9000 / 214) 228-7444 / 817) 310-5555 / 972) 446-7700 / 214) 213-1525 / 469-782-9788 / 214) 236-9045 / 972) 487-8888 / 832 840 9933 / 713) 521-0394 / 972) 874-7900,http://www.blackhawkgolf.com
Black Hawk Golf Club,"2714 Kelly Lane, Pflugerville, TX 78660",512) 251-9000 / 214) 228-7444 / 817) 310-5555 / 972) 446-7700 / 214) 213-1525 / 469-782-9788 / 214) 236-9045 / 972) 487-8888 / 832 840 9933 / 713) 521-0394 / 972) 874-7900,http://www.blackhawkgolf.com
Black Hawk Golf Club,"2714 Kelly Lane, Pflugerville, TX 78660",512) 251-9000,http://www.blackhawkgolf.com
SM 토탈 건축 (SM Total Construction),,214) 228-7444,
C2 Education Center (Southlake),"1500 West Southlake Blvd #190, Southlake, TX 76092",817) 310-5555,https://www.c2educate.com/
[email protected],"1500 West Southlake Blvd #190, Southlake, TX 76092",817) 310-5555,https://www.c2educate.com/
벨라지오 보석 (Bellagio Jewellery),"2625 Old Denton Rd. #318, Carrollton, TX 75007",972) 446-7700 / 214) 213-1525,https://maps.google.com/maps?f=d&source=s_d&saddr=&daddr=2625+Old+Denton+Rd.+%23318%2C+Carrollton%2C+TX+75007&z=16&iwloc=A&z=auto
Yama Izakaya(야마 이자카야),"2625 Old Denton Rd #920, Carrollton, TX 75007",469-782-9788,https://www.yamadallas.com
(Mon-Fri) 5:30PM - 2:00 AM (Sat) 11:30AM -2:00AM (Sun) 11:30AM - 12:00AM,"2625 Old Denton Rd #920, Carrollton, TX 75007",469-782-9788,https://www.yamadallas.com
웨스턴 에어컨,"1601 Marsh Ln. #204, Carrollton, TX 75006",214) 236-9045,https://maps.google.com/maps?f=d&source=s_d&saddr=&daddr=1601+Marsh+Ln.+%23204%2C+Carrollton%2C+TX+75006&z=16&iwloc=A&z=auto
[email protected],"1601 Marsh Ln. #204, Carrollton, TX 75006",214) 236-9045,https://maps.google.com/maps?f=d&source=s_d&saddr=&daddr=1601+Marsh+Ln.+%23204%2C+Carrollton%2C+TX+75006&z=16&iwloc=A&z=auto
건양상구제조공사,"1501 S. Jupiter Road, Garland, TX 75042",972) 487-8888,https://maps.google.com/maps?f=d&source=s_d&saddr=&daddr=1501+S.+Jupiter+Road%2C+Garland%2C+TX+75042&z=16&iwloc=A&z=auto
서울포 (Seoul Pho),"2405 S. Stemmons Fwy, Lewisville, TX 75067 (시온마켓 푸드코트)",832 840 9933,https://maps.google.com/maps?f=d&source=s_d&saddr=&daddr=2405+S.+Stemmons+Fwy%2C+Lewisville%2C+TX+75067+%28%EC%8B%9C%EC%98%A8%EB%A7%88%EC%BC%93+%ED%91%B8%EB%93%9C%EC%BD%94%ED%8A%B8%29&z=16&iwloc=A&z=auto
씨앤에스 뷰티 패션,"4108 Alameda Road, Houston, TX 77004",713) 521-0394,https://maps.google.com/maps?f=d&source=s_d&saddr=&daddr=4108+Alameda+Road%2C+Houston%2C+TX+77004&z=16&iwloc=A&z=auto
Papas Crab (Grapevine),"2605 E. Grapevine Mills Cir., Grapevine, TX 76051",972) 874-7900,https://maps.google.com/maps?f=d&source=s_d&saddr=&daddr=2605+E.+Grapevine+Mills+Cir.%2C+Grapevine%2C+TX+76051&z=16&iwloc=A&z=auto
업소록,"11500 N. Stemmons Freeway #129, Dallas, TX 75229",214) 994-9358 / 214) 500-9179 / 972) 243-7725 / 972) 247-5353 / 469) 389-3205 / 972) 243-4255 / 214) 908-8638 / 469) 684-3883 / 214) 893-4321 / 972) 254-4242,https://maps.google.com/maps?f=d&source=s_d&saddr=&daddr=11500+N.+Stemmons+Freeway+%23129%2C+Dallas%2C+TX+75229&z=16&iwloc=A&z=auto
UN 부동산,"11500 N. Stemmons Freeway #129, Dallas, TX 75229",214) 994-9358 / 214) 500-9179 / 972) 243-7725 / 972) 247-5353 / 469) 389-3205 / 972) 243-4255 / 214) 908-8638 / 469) 684-3883 / 214) 893-4321 / 972) 254-4242,https://maps.google.com/maps?f=d&source=s_d&saddr=&daddr=11500+N.+Stemmons+Freeway+%23129%2C+Dallas%2C+TX+75229&z=16&iwloc=A&z=auto
UN 부동산,"11500 N. Stemmons Freeway #129, Dallas, TX 75229",214) 994-9358,https://maps.google.com/maps?f=d&source=s_d&saddr=&daddr=11500+N.+Stemmons+Freeway+%23129%2C+Dallas%2C+TX+75229&z=16&iwloc=A&z=auto
JinaJina,"1025 Hebron Pkwy. #130 Carrollton, TX 75010",214) 500-9179,https://maps.google.com/maps?f=d&source=s_d&saddr=&daddr=1025+Hebron+Pkwy.+%23130+Carrollton%2C+TX+75010&z=16&iwloc=A&z=auto
HK 한국바디,"2516 Joe Field Road, Dallas, TX 75229",972) 243-7725,https://maps.google.com/maps?f=d&source=s_d&saddr=&daddr=2516+Joe+Field+Road%2C+Dallas%2C+TX+75229&z=16&iwloc=A&z=auto
싸인몰,"2529 Royal Ln. #200, Dallas, TX 75229",972) 247-5353,https://www.signmallinc.com
Bank 7,"8837 Lebanon Rd. Suite 100, Frisco, TX 75034",469) 389-3205,https://maps.google.com/maps?f=d&source=s_d&saddr=&daddr=8837+Lebanon+Rd.+Suite+100%2C+Frisco%2C+TX+75034&z=16&iwloc=A&z=auto
리즈골드 보석 (Liz Gold),"11447 Harry Hines Blvd. #102, Dallas, TX 75229",972) 243-4255,https://maps.google.com/maps?f=d&source=s_d&saddr=&daddr=11447+Harry+Hines+Blvd.+%23102%2C+Dallas%2C+TX+75229&z=16&iwloc=A&z=auto
목포중고등학교,,214) 908-8638,
K-JENNY BOUTIQUE,"2625 Old Denton RD. #516 Carrollton, TX 75007",469) 684-3883,https://www.kjenny.com
[email protected],"2625 Old Denton RD. #516 Carrollton, TX 75007",469) 684-3883,https://www.kjenny.com
유소옥 한의원 (달라스),"6380 LBJ Fwy #180, Dallas, TX 75240",214) 893-4321,https://maps.google.com/maps?f=d&source=s_d&saddr=&daddr=6380+LBJ+Fwy+%23180%2C+Dallas%2C+TX+75240&z=16&iwloc=A&z=auto
Memorial Funeral Home,,972) 254-4242,
업소록,"4201 E Rancier Ave. #107, Killeen, TX 76543",254) 690-1391 / 972) 987-0316 / 214) 431-5102 / 512) 443-2448 / 405) 447-4770 / 636.327.4645 / 972) 247-2221 / 214-790-3190 / 214) 682-6678 / 469)994-9969,https://maps.google.com/maps?f=d&source=s_d&saddr=&daddr=4201+E+Rancier+Ave.+%23107%2C+Killeen%2C+TX+76543&z=16&iwloc=A&z=auto
E Z Cleaners,"4201 E Rancier Ave. #107, Killeen, TX 76543",254) 690-1391 / 972) 987-0316 / 214) 431-5102 / 512) 443-2448 / 405) 447-4770 / 636.327.4645 / 972) 247-2221 / 214-790-3190 / 214) 682-6678 / 469)994-9969,https://maps.google.com/maps?f=d&source=s_d&saddr=&daddr=4201+E+Rancier+Ave.+%23107%2C+Killeen%2C+TX+76543&z=16&iwloc=A&z=auto
E Z Cleaners,"4201 E Rancier Ave. #107, Killeen, TX 76543",254) 690-1391,https://maps.google.com/maps?f=d&source=s_d&saddr=&daddr=4201+E+Rancier+Ave.+%23107%2C+Killeen%2C+TX+76543&z=16&iwloc=A&z=auto
홀리배너 (Holybanner),,972) 987-0316,http://www.holybanner.com
[email protected],,972) 987-0316,http://www.holybanner.com
에이스 여행사 (Ace Travel),,214) 431-5102,https://www.acetravelus.com
[email protected],,214) 431-5102,https://www.acetravelus.com
어스틴 한인교회 교역자협의회,,512) 443-2448,
정명옥 변호사,"808 24th Avenue NW #102, Norman, OK 73069",405) 447-4770,https://maps.google.com/maps?f=d&source=s_d&saddr=&daddr=808+24th+Avenue+NW+%23102%2C+Norman%2C+OK+73069&z=16&iwloc=A&z=auto
Midwest Univerity 달라스 항공대학 캠퍼스,"4849 Spartan Dr., Denton, TX 76207",636.327.4645,https://www.midwest.edu
[email protected],"4849 Spartan Dr., Denton, TX 76207",636.327.4645,https://www.midwest.edu
파머스 브랜치 동물병원,"14021 Denton Drive, Dallas, TX 75234",972) 247-2221,https://maps.google.com/maps?f=d&source=s_d&saddr=&daddr=14021+Denton+Drive%2C+Dallas%2C+TX+75234&z=16&iwloc=A&z=auto
Grand DFW Realty,,214-790-3190,
[email protected],,214-790-3190,
토요다 TOYOTA (Toyota of Richardson),"1221 N. Central Expressway, Richardson, TX 75080",214) 682-6678,https://www.toyotaofrichardson.com
(Mon-Sat) 8:30am ~ 9:00pm,"1221 N. Central Expressway, Richardson, TX 75080",214) 682-6678,https://www.toyotaofrichardson.com
탑킥 (Topkick) 태권도,,469)994-9969,
업소록,"11818 Harry Hines Blvd. #228, Dallas, TX 75234",832) 725-4929 / 972) 481-1751 / 972) 934-0532 / 512-949-0999 / 214) 827-2722 / 972) 820-6299 / 972) 820-6222 / 972) 312-8188 / 713) 896-9200 / 972) 484-6200 / 469) 233-1925,https://maps.google.com/maps?f=d&source=s_d&saddr=&daddr=11818+Harry+Hines+Blvd.+%23228%2C+Dallas%2C+TX+75234&z=16&iwloc=A&z=auto
남서부 한인미술가 협회,"11818 Harry Hines Blvd. #228, Dallas, TX 75234",832) 725-4929 / 972) 481-1751 / 972) 934-0532 / 512-949-0999 / 214) 827-2722 / 972) 820-6299 / 972) 820-6222 / 972) 312-8188 / 713) 896-9200 / 972) 484-6200 / 469) 233-1925,https://maps.google.com/maps?f=d&source=s_d&saddr=&daddr=11818+Harry+Hines+Blvd.+%23228%2C+Dallas%2C+TX+75234&z=16&iwloc=A&z=auto
남서부 한인미술가 협회,,832) 725-4929,
ReBekah Fashion,"11818 Harry Hines Blvd. #228, Dallas, TX 75234",972) 481-1751,https://maps.google.com/maps?f=d&source=s_d&saddr=&daddr=11818+Harry+Hines+Blvd.+%23228%2C+Dallas%2C+TX+75234&z=16&iwloc=A&z=auto
Ahn's Tailor,"6959 Arapaho Rd. #107, Dallas, TX 75248",972) 934-0532,https://maps.google.com/maps?f=d&source=s_d&saddr=&daddr=6959+Arapaho+Rd.+%23107%2C+Dallas%2C+TX+75248&z=16&iwloc=A&z=auto
COWAY AUSTIN BRANCH (코웨이),"2305 Parmer Lane, Austin, TX 78727",512-949-0999,https://maps.google.com/maps?f=d&source=s_d&saddr=&daddr=2305+Parmer+Lane%2C+Austin%2C+TX+78727&z=16&iwloc=A&z=auto
Ragin' Crab,"2100 Greenville Ave, Dallas, TX 75206",214) 827-2722,http://www.ragincrab.com
[email protected],"2100 Greenville Ave, Dallas, TX 75206",214) 827-2722,http://www.ragincrab.com
정평수 정신심리클리닉,"1902 Country Club Dr. #120, Carrollton, TX 75006",972) 820-6299 / 972) 820-6222,http://www.sigmacounseling.com
[email protected],"1902 Country Club Dr. #120, Carrollton, TX 75006",972) 820-6299 / 972) 820-6222,http://www.sigmacounseling.com
Lam Facial Plastics,"6101 Chapel Hill Boulevard #101, Plano, TX 75093",972) 312-8188,http://www.lamfacialplastics.com
(Mon-Fri) 9:00am ~ 5:00pm,"6101 Chapel Hill Boulevard #101, Plano, TX 75093",972) 312-8188,http://www.lamfacialplastics.com
휴스턴 서울교회,"777 Fairbank-N. Houston Road, Houston, TX 77040",713) 896-9200,https://www.seoulbaptist.org
CJK 부동산 (CJK Real Estate),"2711 LBJ Freeway #710, Dallas, TX 75234",972) 484-6200 / 469) 233-1925,https://www.cjkrealestate.com
업소록,"240 Legacy Dr. #302, Plano, TX 75023",972) 517-1979 / 512) 834-8886 / 580) 248-1887 / 972) 820-0370 / 817) 657-5863 / 713) 266-5721 / 713) 722-0578 / 580) 536-6884 / 214) 812-9048 / 469) 362-8088,https://maps.google.com/maps?f=d&source=s_d&saddr=&daddr=240+Legacy+Dr.+%23302%2C+Plano%2C+TX+75023&z=16&iwloc=A&z=auto
Little Sichuan Cuisine,"240 Legacy Dr. #302, Plano, TX 75023",972) 517-1979 / 512) 834-8886 / 580) 248-1887 / 972) 820-0370 / 817) 657-5863 / 713) 266-5721 / 713) 722-0578 / 580) 536-6884 / 214) 812-9048 / 469) 362-8088,https://maps.google.com/maps?f=d&source=s_d&saddr=&daddr=240+Legacy+Dr.+%23302%2C+Plano%2C+TX+75023&z=16&iwloc=A&z=auto
Little Sichuan Cuisine,"240 Legacy Dr. #302, Plano, TX 75023",972) 517-1979,https://maps.google.com/maps?f=d&source=s_d&saddr=&daddr=240+Legacy+Dr.+%23302%2C+Plano%2C+TX+75023&z=16&iwloc=A&z=auto
Southwestern National Bank (Austin),"11220 N. Lamar Blvd. #A-100, Austin, TX 78753",512) 834-8886,https://www.swnbk.com
"(Mon-Thu) 9:00am ~ 5:00pm, (Fri) 9:00am ~ 6:00pm, (Sat) 9:00am ~ 1:00pm","11220 N. Lamar Blvd. #A-100, Austin, TX 78753",512) 834-8886,https://www.swnbk.com
부산식당,"1424 N. Sheridan Road, Lawton, OK 73505",580) 248-1887,https://maps.google.com/maps?f=d&source=s_d&saddr=&daddr=1424+N.+Sheridan+Road%2C+Lawton%2C+OK+73505&z=16&iwloc=A&z=auto
리버사이드 치과,"1311 E. Beltline Rd. #3, Carrollton, TX 75006",972) 820-0370,https://maps.google.com/maps?f=d&source=s_d&saddr=&daddr=1311+E.+Beltline+Rd.+%233%2C+Carrollton%2C+TX+75006&z=16&iwloc=A&z=auto
이경숙 부동산,"1301 S. Bowen Rd. #125, Arlington, TX 76013",817) 657-5863,https://www.kaysold.kw.com
S2 임포트,"6902 Harwin Dr. #E, Houston, TX 77036",713) 266-5721,https://maps.google.com/maps?f=d&source=s_d&saddr=&daddr=6902+Harwin+Dr.+%23E%2C+Houston%2C+TX+77036&z=16&iwloc=A&z=auto
압구정분식,"10049 Long Point Road, Houston, TX 77055",713) 722-0578,https://maps.google.com/maps?f=d&source=s_d&saddr=&daddr=10049+Long+Point+Road%2C+Houston%2C+TX+77055&z=16&iwloc=A&z=auto
로턴 새빛연합감리교회,"5901 SW. Lee Blvd., Lawton, OK 73505",580) 536-6884,https://www.lawtonnewlightumc.org
J&S 건축,"11445 Emerald St. #105, Dallas, TX 75229",214) 812-9048,https://maps.google.com/maps?f=d&source=s_d&saddr=&daddr=11445+Emerald+St.+%23105%2C+Dallas%2C+TX+75229&z=16&iwloc=A&z=auto
플레이노 탑 덴탈 (Plano Top Dental),"8000 Coit Rd. #200, Plano, TX 75025",469) 362-8088,https://maps.google.com/maps?f=d&source=s_d&saddr=&daddr=8000+Coit+Rd.+%23200%2C+Plano%2C+TX+75025&z=16&iwloc=A&z=auto
planotopdental.com,"8000 Coit Rd. #200, Plano, TX 75025",469) 362-8088,https://maps.google.com/maps?f=d&source=s_d&saddr=&daddr=8000+Coit+Rd.+%23200%2C+Plano%2C+TX+75025&z=16&iwloc=A&z=auto
업소록,"151 W. Spring Creek Pkwy. #519, Plano, TX 75023",832) 270-6341 / 972) 398-9344 / 214) 287-0237 / 713) 972-1557 / 713) 920-1200 / 682) 738-2241 / 469) 323-6000 / 512) 302-0331 / 972) 895-2510 / 469-235-3706 / 713) 978-7400 / 972) 983-9684,https://maps.google.com/maps?f=d&source=s_d&saddr=&daddr=151+W.+Spring+Creek+Pkwy.+%23519%2C+Plano%2C+TX+75023&z=16&iwloc=A&z=auto
휴스턴 OB축구단,"151 W. Spring Creek Pkwy. #519, Plano, TX 75023",832) 270-6341 / 972) 398-9344 / 214) 287-0237 / 713) 972-1557 / 713) 920-1200 / 682) 738-2241 / 469) 323-6000 / 512) 302-0331 / 972) 895-2510 / 469-235-3706 / 713) 978-7400 / 972) 983-9684,https://maps.google.com/maps?f=d&source=s_d&saddr=&daddr=151+W.+Spring+Creek+Pkwy.+%23519%2C+Plano%2C+TX+75023&z=16&iwloc=A&z=auto
휴스턴 OB축구단,,832) 270-6341,
Mr. Tofu,"151 W. Spring Creek Pkwy. #519, Plano, TX 75023",972) 398-9344 / 214) 287-0237,https://maps.google.com/maps?f=d&source=s_d&saddr=&daddr=151+W.+Spring+Creek+Pkwy.+%23519%2C+Plano%2C+TX+75023&z=16&iwloc=A&z=auto
패션 뉴스,"7501 Harwin Dr. #105B, Houston, TX 77036",713) 972-1557,https://maps.google.com/maps?f=d&source=s_d&saddr=&daddr=7501+Harwin+Dr.+%23105B%2C+Houston%2C+TX+77036&z=16&iwloc=A&z=auto
Affordable Auto Glass,"5920 Hillcroft #A, Houston, TX 77036",713) 920-1200,https://maps.google.com/maps?f=d&source=s_d&saddr=&daddr=5920+Hillcroft+%23A%2C+Houston%2C+TX+77036&z=16&iwloc=A&z=auto
Supreme Lending,"1422 W. Main St. #108, Lewisville, TX 75067",682) 738-2241 / 469) 323-6000,https://maps.google.com/maps?f=d&source=s_d&saddr=&daddr=1422+W.+Main+St.+%23108%2C+Lewisville%2C+TX+75067&z=16&iwloc=A&z=auto
(Mon-Fri) 8:30am ~ 5:30pm,"1422 W. Main St. #108, Lewisville, TX 75067",682) 738-2241 / 469) 323-6000,https://maps.google.com/maps?f=d&source=s_d&saddr=&daddr=1422+W.+Main+St.+%23108%2C+Lewisville%2C+TX+75067&z=16&iwloc=A&z=auto
앤더슨 이발관,"1728 W. Anderson Lane, Austin, TX 78757",512) 302-0331,https://maps.google.com/maps?f=d&source=s_d&saddr=&daddr=1728+W.+Anderson+Lane%2C+Austin%2C+TX+78757&z=16&iwloc=A&z=auto
The Prologue,"Hunt Dr, Carrollton, TX 75010",972) 895-2510,https://maps.google.com/maps?f=d&source=s_d&saddr=&daddr=Hunt+Dr%2C+Carrollton%2C+TX+75010&z=16&iwloc=A&z=auto
theprologueteam.com,"Hunt Dr, Carrollton, TX 75010",972) 895-2510,https://maps.google.com/maps?f=d&source=s_d&saddr=&daddr=Hunt+Dr%2C+Carrollton%2C+TX+75010&z=16&iwloc=A&z=auto
Dry & Laundry Sale & Service,"4248 Winding Brook Drive, Plano, TX 75093",469-235-3706,https://maps.google.com/maps?f=d&source=s_d&saddr=&daddr=4248+Winding+Brook+Drive%2C+Plano%2C+TX+75093&z=16&iwloc=A&z=auto
휴스턴 메리엇 호텔,"2900 Briar Park Dr, Houston, TX 77042",713) 978-7400,https://www.marriott.com
박성철(찰리박) CPA/MPA,"1801 Gateway Blvd. #212, Richardson, TX 75080",972) 983-9684,https://www.vailcpas.com
[email protected],"1801 Gateway Blvd. #212, Richardson, TX 75080",972) 983-9684,https://www.vailcpas.com
업소록,"11055 Dennis Rd. #20, Dallas, TX 75229",214-789-6134 / 713) 463-9105 / 972) 278-0759 / 713) 266-5721 / 214) 315-5555 / 713) 532-2177 / 469-758-6414 / 713) 974-8010 / 469.372.1448 / 254) 680-1100,https://maps.google.com/maps?f=d&source=s_d&saddr=&daddr=11055+Dennis+Rd.+%2320%2C+Dallas%2C+TX+75229&z=16&iwloc=A&z=auto
알파 오메가 건축,"11055 Dennis Rd. #20, Dallas, TX 75229",214-789-6134 / 713) 463-9105 / 972) 278-0759 / 713) 266-5721 / 214) 315-5555 / 713) 532-2177 / 469-758-6414 / 713) 974-8010 / 469.372.1448 / 254) 680-1100,https://maps.google.com/maps?f=d&source=s_d&saddr=&daddr=11055+Dennis+Rd.+%2320%2C+Dallas%2C+TX+75229&z=16&iwloc=A&z=auto
알파 오메가 건축,"11055 Dennis Rd. #20, Dallas, TX 75229",214-789-6134,https://maps.google.com/maps?f=d&source=s_d&saddr=&daddr=11055+Dennis+Rd.+%2320%2C+Dallas%2C+TX+75229&z=16&iwloc=A&z=auto
S스킨케어 (S-Skin Care),"10001 Long Point Rd. #I, Houston, TX 77055",713) 463-9105,https://maps.google.com/maps?f=d&source=s_d&saddr=&daddr=10001+Long+Point+Rd.+%23I%2C+Houston%2C+TX+77055&z=16&iwloc=A&z=auto
Top Roofing Co,"625 Yorktown Drive, Garland, TX 75043",972) 278-0759,https://maps.google.com/maps?f=d&source=s_d&saddr=&daddr=625+Yorktown+Drive%2C+Garland%2C+TX+75043&z=16&iwloc=A&z=auto
악세서리 하우스 (수퍼스토어),"6902 Harwin Dr. #E, Houston, TX 77036",713) 266-5721,https://maps.google.com/maps?f=d&source=s_d&saddr=&daddr=6902+Harwin+Dr.+%23E%2C+Houston%2C+TX+77036&z=16&iwloc=A&z=auto
텍사스 주류면허 (유수정),"2534 Royal Ln #209, Dallas, TX 75229",214) 315-5555,https://maps.google.com/maps?f=d&source=s_d&saddr=&daddr=2534+Royal+Ln+%23209%2C+Dallas%2C+TX+75229&z=16&iwloc=A&z=auto
Star Caps,"5710 Fondren Rd. #A, Houston, TX 77036",713) 532-2177,https://maps.google.com/maps?f=d&source=s_d&saddr=&daddr=5710+Fondren+Rd.+%23A%2C+Houston%2C+TX+77036&z=16&iwloc=A&z=auto
99 Pocha (99 포차),"1008 Mac Arthur Dr.#120, Carrollton, TX 75007",469-758-6414,https://maps.google.com/maps?f=d&source=s_d&saddr=&daddr=1008+Mac+Arthur+Dr.%23120%2C+Carrollton%2C+TX+75007&z=16&iwloc=A&z=auto
패션 키드,"7501 Harwin Dr. #101B, Houston, TX 77036",713) 974-8010,https://maps.google.com/maps?f=d&source=s_d&saddr=&daddr=7501+Harwin+Dr.+%23101B%2C+Houston%2C+TX+77036&z=16&iwloc=A&z=auto
다본다 / DASHCAM 차량용 블랙박스 판매 및 설치,"2144 Royal Ln.# 104, Dallas TX 75229",469.372.1448,https://maps.google.com/maps?f=d&source=s_d&saddr=&daddr=2144+Royal+Ln.%23+104%2C++Dallas+TX+75229&z=16&iwloc=A&z=auto
Scott & White Clinic,"3801 Scott & White Drive, Killeen, TX 76543",254) 680-1100,https://maps.google.com/maps?f=d&source=s_d&saddr=&daddr=3801+Scott+%26+White+Drive%2C+Killeen%2C+TX+76543&z=16&iwloc=A&z=auto
sw.org,"3801 Scott & White Drive, Killeen, TX 76543",254) 680-1100,https://maps.google.com/maps?f=d&source=s_d&saddr=&daddr=3801+Scott+%26+White+Drive%2C+Killeen%2C+TX+76543&z=16&iwloc=A&z=auto
업소록,"6465 E. Mockingbird Ln. #368, Dallas, TX 75214",214) 828-0777 / 972) 574-4907 / 713) 965-0474 / 832) 606-1029 / 512) 837-2701 / 512) 832-8494 / 512) 832-9832 / 512.576.1128 / 469) 305-9773 / 75015-5112 / 972) 727-8249 / 817) 485-6666 / 972) 650-1867,https://maps.google.com/maps?f=d&source=s_d&saddr=&daddr=6465+E.+Mockingbird+Ln.+%23368%2C+Dallas%2C+TX+75214&z=16&iwloc=A&z=auto
Crest Tailor,"6465 E. Mockingbird Ln. #368, Dallas, TX 75214",214) 828-0777 / 972) 574-4907 / 713) 965-0474 / 832) 606-1029 / 512) 837-2701 / 512) 832-8494 / 512) 832-9832 / 512.576.1128 / 469) 305-9773 / 75015-5112 / 972) 727-8249 / 817) 485-6666 / 972) 650-1867,https://maps.google.com/maps?f=d&source=s_d&saddr=&daddr=6465+E.+Mockingbird+Ln.+%23368%2C+Dallas%2C+TX+75214&z=16&iwloc=A&z=auto
Crest Tailor,"6465 E. Mockingbird Ln. #368, Dallas, TX 75214",214) 828-0777,https://maps.google.com/maps?f=d&source=s_d&saddr=&daddr=6465+E.+Mockingbird+Ln.+%23368%2C+Dallas%2C+TX+75214&z=16&iwloc=A&z=auto
중국항공 (China Airlines),,972) 574-4907 / 713) 965-0474,https://www.china-airlines.com
휴스턴 사격협회,,832) 606-1029,
라마정비센터,"11100 N. Lamar Boulevard, Austin, TX 78753",512) 837-2701 / 512) 832-8494,https://maps.google.com/maps?f=d&source=s_d&saddr=&daddr=11100+N.+Lamar+Boulevard%2C+Austin%2C+TX+78753&z=16&iwloc=A&z=auto
제시카 헤어살롱,"1700 W. Parmer Ln. #100, Austin, TX 78727",512) 832-9832,https://maps.google.com/maps?f=d&source=s_d&saddr=&daddr=1700+W.+Parmer+Ln.+%23100%2C+Austin%2C+TX+78727&z=16&iwloc=A&z=auto
아크비전 캐피탈 Ark Vision Capital,"6101 W. Courtyard Dr. Building 3. Suite 100, Austin, TX 78730",512.576.1128,https://www.arkvisioncapital.com
[email protected],"6101 W. Courtyard Dr. Building 3. Suite 100, Austin, TX 78730",512.576.1128,https://www.arkvisioncapital.com
[email protected],텍사스 밀알선교단 (Texas Milal Mission),469) 305-9773 / 75015-5112,http://www.txmilal.org
[email protected],"P.O Box 155112, Irving, TX 75015-5112",469) 305-9773 / 75015-5112,http://www.txmilal.org
김광일 치과,"261 W. Exchange Pkwy., Allen, TX 75013",972) 727-8249,https://maps.google.com/maps?f=d&source=s_d&saddr=&daddr=261+W.+Exchange+Pkwy.%2C+Allen%2C+TX+75013&z=16&iwloc=A&z=auto
Iron horse Golf Course,"6200 Skylark Circle, North Richland Hills, TX 76180",817) 485-6666,http://www.ironhorsetx.com/
Hun's Tailor,"4000 N. MacArthur Blvd. #130, Irving, TX 75038",972) 650-1867,https://maps.google.com/maps?f=d&source=s_d&saddr=&daddr=4000+N.+MacArthur+Blvd.+%23130%2C+Irving%2C+TX+75038&z=16&iwloc=A&z=auto
조행선 변호사,"2340 E. Trinity Mills Rd., Suit 300, Carrollton, TX 75006",469) 522-1945 / 214) 432-1587,https://www.TXEPLAWCENTER.com
[email protected],"2340 E. Trinity Mills Rd., Suit 300, Carrollton, TX 75006",469) 522-1945 / 214) 432-1587,https://www.TXEPLAWCENTER.com
다원식당 (Dawon Korean restaurant),"1201 E Main Street #140 Allen, TX 75002",469) 782-9782,https://maps.google.com/maps?f=d&source=s_d&saddr=&daddr=1201+E+Main+Street+%23140+Allen%2C+TX+75002&z=16&iwloc=A&z=auto
일산 한의원,"3550 Parkwood Blvd. Bldg B #103, Frisco, TX 75034",469-388-1600,https://maps.google.com/maps?f=d&source=s_d&saddr=&daddr=3550+Parkwood+Blvd.+Bldg+B+%23103%2C+Frisco%2C+TX+75034&z=16&iwloc=A&z=auto
세탁기 가전제품 수리,"4428 Delaware Lane, Plano, TX 75024",972) 750-2589,https://maps.google.com/maps?f=d&source=s_d&saddr=&daddr=4428+Delaware+Lane%2C+Plano%2C+TX+75024&z=16&iwloc=A&z=auto
Clean 4U,"4300 Horizon N. Pkwy. #1018, Dallas, TX 75287",972) 404-6677,https://maps.google.com/maps?f=d&source=s_d&saddr=&daddr=4300+Horizon+N.+Pkwy.+%231018%2C+Dallas%2C+TX+75287&z=16&iwloc=A&z=auto
Delaney Family Dental,"1705 S. Fort Hood St. #102, Killeen, TX 76542",254) 618-5657,https://maps.google.com/maps?f=d&source=s_d&saddr=&daddr=1705+S.+Fort+Hood+St.+%23102%2C+Killeen%2C+TX+76542&z=16&iwloc=A&z=auto
drdelaneydds.com,"1705 S. Fort Hood St. #102, Killeen, TX 76542",254) 618-5657,https://maps.google.com/maps?f=d&source=s_d&saddr=&daddr=1705+S.+Fort+Hood+St.+%23102%2C+Killeen%2C+TX+76542&z=16&iwloc=A&z=auto
디스커버리 (이윤구) 부동산 (Discovery Real Estate & Development Co.),"11500 N. Stemmons Fwy. #144, Dallas, TX 75229",972) 241-3915 / 469) 774-4421,https://maps.google.com/maps?f=d&source=s_d&saddr=&daddr=11500+N.+Stemmons+Fwy.+%23144%2C+Dallas%2C+TX+75229&z=16&iwloc=A&z=auto
[email protected],"11500 N. Stemmons Fwy. #144, Dallas, TX 75229",972) 241-3915 / 469) 774-4421,https://maps.google.com/maps?f=d&source=s_d&saddr=&daddr=11500+N.+Stemmons+Fwy.+%23144%2C+Dallas%2C+TX+75229&z=16&iwloc=A&z=auto
New Art,"6895 Harwin Dr. #B, Houston, TX 77036",713) 532-8181,https://maps.google.com/maps?f=d&source=s_d&saddr=&daddr=6895+Harwin+Dr.+%23B%2C+Houston%2C+TX+77036&z=16&iwloc=A&z=auto
newartpictures.com,"6895 Harwin Dr. #B, Houston, TX 77036",713) 532-8181,https://maps.google.com/maps?f=d&source=s_d&saddr=&daddr=6895+Harwin+Dr.+%23B%2C+Houston%2C+TX+77036&z=16&iwloc=A&z=auto
소호 윈도우 틴팅,"4845 Gramercy Oak Drive, Dallas, TX 75287",469) 777-0307,https://maps.google.com/maps?f=d&source=s_d&saddr=&daddr=4845+Gramercy+Oak+Drive%2C+Dallas%2C+TX+75287&z=16&iwloc=A&z=auto
프리스코 패밀리 헬스케어 클리닉 (Frisco Family Healthcare Clinic),"4112 Legacy Dr., #326, Frisco, TX 75034",214) 872-1232,https://maps.google.com/maps?f=d&source=s_d&saddr=&daddr=4112+Legacy+Dr.%2C+%23326%2C+Frisco%2C+TX+75034&z=16&iwloc=A&z=auto
friscofamilyhealthcare.com,"4112 Legacy Dr., #326, Frisco, TX 75034",214) 872-1232,https://maps.google.com/maps?f=d&source=s_d&saddr=&daddr=4112+Legacy+Dr.%2C+%23326%2C+Frisco%2C+TX+75034&z=16&iwloc=A&z=auto
업소록,"6309 Preston Rd STE 1400, Plano, TX 75024",469) 443-0719 / 469-416-1450 / 469) 525-1183 / 281) 997-3737 / 817) 657-5863 / 512-800-8588 / 501) 562-2720 / 817) 640-7800 / 713) 939-8271,http://meesunrachelsim.com/
심미선 내과 (Rachel Sim MD PA),"6309 Preston Rd STE 1400, Plano, TX 75024",469) 443-0719 / 469-416-1450 / 469) 525-1183 / 281) 997-3737 / 817) 657-5863 / 512-800-8588 / 501) 562-2720 / 817) 640-7800 / 713) 939-8271,http://meesunrachelsim.com/
심미선 내과 (Rachel Sim MD PA),"6309 Preston Rd STE 1400, Plano, TX 75024",469) 443-0719,http://meesunrachelsim.com/
American Family Roofing,,469-416-1450,
김광순 부동산,,469) 525-1183,
국술원 (펄랜드),"2510 East Broadway, Pearland, TX 77581",281) 997-3737,https://maps.google.com/maps?f=d&source=s_d&saddr=&daddr=2510+East+Broadway%2C+Pearland%2C+TX+77581&z=16&iwloc=A&z=auto
포트워스 회장단 협의회,,817) 657-5863,
하나홈케어,,512-800-8588,https://www.hanacaretexas.com
[email protected],,512-800-8588,https://www.hanacaretexas.com
샘스 오리엔탈 식품점,"3704 S. University Avenue, Little Rock, AR 72204",501) 562-2720,https://maps.google.com/maps?f=d&source=s_d&saddr=&daddr=3704+S.+University+Avenue%2C+Little+Rock%2C+AR+72204&z=16&iwloc=A&z=auto
Riverside Golf Club,"3000 Riverside Parkway, Grand Prairie, TX 75050",817) 640-7800,http://www.riverside-golfclub.com
뉴코 114닷컴,"P.O. Box 82416, Austin, TX 78708",,http://www.newko114.com
신스모토,"11912 Hempstead Hwy., Houston, TX 77092",713) 939-8271,https://maps.google.com/maps?f=d&source=s_d&saddr=&daddr=11912+Hempstead+Hwy.%2C+Houston%2C+TX+77092&z=16&iwloc=A&z=auto
업소록,"718 Brazos Street, Austin, TX 78701",512) 480-0046 / 214) 606-1297 / 972) 705-4339 / 214) 346-6432 / 972) 898-5222 / 713) 722-0773 / 469) 233-1399 / 254-290-0809 / 201) 983-3438 / 214) 785-3243 / 972) 939-0903,https://maps.google.com/maps?f=d&source=s_d&saddr=&daddr=718+Brazos+Street%2C+Austin%2C+TX+78701&z=16&iwloc=A&z=auto
리스테일러,"718 Brazos Street, Austin, TX 78701",512) 480-0046 / 214) 606-1297 / 972) 705-4339 / 214) 346-6432 / 972) 898-5222 / 713) 722-0773 / 469) 233-1399 / 254-290-0809 / 201) 983-3438 / 214) 785-3243 / 972) 939-0903,https://maps.google.com/maps?f=d&source=s_d&saddr=&daddr=718+Brazos+Street%2C+Austin%2C+TX+78701&z=16&iwloc=A&z=auto
리스테일러,"718 Brazos Street, Austin, TX 78701",512) 480-0046,https://maps.google.com/maps?f=d&source=s_d&saddr=&daddr=718+Brazos+Street%2C+Austin%2C+TX+78701&z=16&iwloc=A&z=auto
고향떡집,"1131 Luke Street, Irving, TX 75061",214) 606-1297,https://maps.google.com/maps?f=d&source=s_d&saddr=&daddr=1131+Luke+Street%2C+Irving%2C+TX+75061&z=16&iwloc=A&z=auto
BBVA Compass Bank - Carrollton,"3640 North Josey Lane, Carrollton, TX 75007",972) 705-4339 / 214) 346-6432,https://www.bbvacompass.com
"(Mon-Thur) 9:00am ~ 5:00pm, (Fri) 9:00am ~ 6:00pm, (Sat) 9:00am ~ 1:00pm","3640 North Josey Lane, Carrollton, TX 75007",972) 705-4339 / 214) 346-6432,https://www.bbvacompass.com
새누리 교회,"9560 Long Point Road, Houston, TX 77055",713) 722-0773,http://saenurichurch.org
KMS,,469) 233-1399,
집수리 전문,,254-290-0809,
스타택시,,201) 983-3438,
Bob Walker Insurance,"2000 N. Central Expwy. #110, Plano, TX 75074",214) 785-3243,https://maps.google.com/maps?f=d&source=s_d&saddr=&daddr=2000+N.+Central+Expwy.+%23110%2C+Plano%2C+TX+75074&z=16&iwloc=A&z=auto
Quick N Clean,"1401 W. Hebron Pkwy., Carrollton, TX 75010",972) 939-0903,https://maps.google.com/maps?f=d&source=s_d&saddr=&daddr=1401+W.+Hebron+Pkwy.%2C+Carrollton%2C+TX+75010&z=16&iwloc=A&z=auto
quicknclean.net,"1401 W. Hebron Pkwy., Carrollton, TX 75010",972) 939-0903,https://maps.google.com/maps?f=d&source=s_d&saddr=&daddr=1401+W.+Hebron+Pkwy.%2C+Carrollton%2C+TX+75010&z=16&iwloc=A&z=auto
업소록,"11311 Harry Hines Blvd. #509, Dallas, TX 75229",972-236-5000 / 972) 243-1155 / 214) 596-1776 / 817) 946-3529 / 713) 773-2229 / 713) 461-4556 / 713) 493-7555 / 214) 435-3307 / 817) 751-0613 / 972-242-5811,https://maps.google.com/maps?f=d&source=s_d&saddr=&daddr=11311+Harry+Hines+Blvd.+%23509%2C+Dallas%2C+TX+75229&z=16&iwloc=A&z=auto
진이 스미스 달라스 부동산 (Jenne Dallas Realty LLC),"11311 Harry Hines Blvd. #509, Dallas, TX 75229",972-236-5000 / 972) 243-1155 / 214) 596-1776 / 817) 946-3529 / 713) 773-2229 / 713) 461-4556 / 713) 493-7555 / 214) 435-3307 / 817) 751-0613 / 972-242-5811,https://maps.google.com/maps?f=d&source=s_d&saddr=&daddr=11311+Harry+Hines+Blvd.+%23509%2C+Dallas%2C+TX+75229&z=16&iwloc=A&z=auto
진이 스미스 달라스 부동산 (Jenne Dallas Realty LLC),,972-236-5000,
[email protected],,972-236-5000,
J 아트사인,"11311 Harry Hines Blvd. #509, Dallas, TX 75229",972) 243-1155,https://maps.google.com/maps?f=d&source=s_d&saddr=&daddr=11311+Harry+Hines+Blvd.+%23509%2C+Dallas%2C+TX+75229&z=16&iwloc=A&z=auto
예닮교회,"2300 W. Pioneer Drive, Irving, TX 75061",214) 596-1776,http://www.ydkc.org
Plumber Jim Inc.,"P.O Box 182461, Arlington, TX 76096",817) 946-3529,https://maps.google.com/maps?f=d&source=s_d&saddr=&daddr=P.O+Box+182461%2C+Arlington%2C+TX+76096&z=16&iwloc=A&z=auto
장금순두부,"9896 Bellaire Blvd. #J, Houston, TX 77036",713) 773-2229,https://maps.google.com/maps?f=d&source=s_d&saddr=&daddr=9896+Bellaire+Blvd.+%23J%2C+Houston%2C+TX+77036&z=16&iwloc=A&z=auto
미스틱 화장품 (H마트 내),"1302 Blalock Rd., #103, Houston, TX 77055",713) 461-4556,https://maps.google.com/maps?f=d&source=s_d&saddr=&daddr=1302+Blalock+Rd.%2C+%23103%2C+Houston%2C+TX+77055&z=16&iwloc=A&z=auto
텍사스 통증 클리닉,"1740 West 27th St. #100, Houston, TX 77008",713) 493-7555,https://maps.google.com/maps?f=d&source=s_d&saddr=&daddr=1740+West+27th+St.+%23100%2C+Houston%2C+TX+77008&z=16&iwloc=A&z=auto
이선희 부동산,"10300 N. Central Expy. #220, Dallas, TX 75231",214) 435-3307,https://maps.google.com/maps?f=d&source=s_d&saddr=&daddr=10300+N.+Central+Expy.+%23220%2C+Dallas%2C+TX+75231&z=16&iwloc=A&z=auto
[email protected],"10300 N. Central Expy. #220, Dallas, TX 75231",214) 435-3307,https://maps.google.com/maps?f=d&source=s_d&saddr=&daddr=10300+N.+Central+Expy.+%23220%2C+Dallas%2C+TX+75231&z=16&iwloc=A&z=auto
늘푸른 장로교회,"P.O. Box 541681, Grand Prairie, TX 75054",817) 751-0613,https://maps.google.com/maps?f=d&source=s_d&saddr=&daddr=P.O.+Box+541681%2C+Grand+Prairie%2C+TX+75054&z=16&iwloc=A&z=auto
코너스톤 한인침례교회,"1410 Macarthur Dr Carrollton, TX 75007",972-242-5811,http://www.cokobap.org
업소록,"8355 Gaylord Pkwy. #300, Frisco, TX 75034",214) 682-8882 / 713) 827-0063 / 972) 385-9700 / 254) 200-0022 / 469) -372 -5204 / 713) 783-8021 / 832) 573-7741 / 713) 956-8787 / 214.628.9630 / 469.744.0779 / 214) 728-0911,http://www.hairextensionsvivien.com
Vogue Salon,"8355 Gaylord Pkwy. #300, Frisco, TX 75034",214) 682-8882 / 713) 827-0063 / 972) 385-9700 / 254) 200-0022 / 469) -372 -5204 / 713) 783-8021 / 832) 573-7741 / 713) 956-8787 / 214.628.9630 / 469.744.0779 / 214) 728-0911,http://www.hairextensionsvivien.com
Vogue Salon,"8355 Gaylord Pkwy. #300, Frisco, TX 75034",214) 682-8882,http://www.hairextensionsvivien.com
코라아월드,"9610 Long Point Rd. #340, Houston, TX 77055",713) 827-0063,http://www.weeple.net/houston
가나다 내과,"12201 Merit Dr. #180, Dallas, TX 75251",972) 385-9700,https://maps.google.com/maps?f=d&source=s_d&saddr=&daddr=12201+Merit+Dr.+%23180%2C+Dallas%2C+TX+75251&z=16&iwloc=A&z=auto
CHOPSTICK,"2600 Trimmer Rd. #200, Killeen, TX 76542",254) 200-0022,https://maps.google.com/maps?f=d&source=s_d&saddr=&daddr=2600+Trimmer+Rd.+%23200%2C+Killeen%2C+TX+76542&z=16&iwloc=A&z=auto
도마 설렁탕,"11441 N Stemmons Fwy #137 Dallas,TX 75229",469) -372 -5204,https://maps.google.com/maps?f=d&source=s_d&saddr=&daddr=11441+N+Stemmons+Fwy+%23137+Dallas%2CTX+75229&z=16&iwloc=A&z=auto
문 트레이딩,"6701 Harwin Dr. #220, Houston, TX 77036",713) 783-8021,https://maps.google.com/maps?f=d&source=s_d&saddr=&daddr=6701+Harwin+Dr.+%23220%2C+Houston%2C+TX+77036&z=16&iwloc=A&z=auto
민주평통 휴스턴 협의회,"1240 Blalock Rd. #225, Houston, TX 77055",832) 573-7741,https://maps.google.com/maps?f=d&source=s_d&saddr=&daddr=1240+Blalock+Rd.+%23225%2C+Houston%2C+TX+77055&z=16&iwloc=A&z=auto
조스 오토 & 바디,"7810 Boon Road, Houston, TX 77072",713) 956-8787,https://maps.google.com/maps?f=d&source=s_d&saddr=&daddr=7810+Boon+Road%2C+Houston%2C+TX+77072&z=16&iwloc=A&z=auto
Chanel Lee 융자 (샤넬 리 융자 Mortgage Mac),"3030 LBJ Fwy Ste 880. Dallas, TX 75234",214.628.9630 / 469.744.0779,https://maps.google.com/maps?f=d&source=s_d&saddr=&daddr=3030+LBJ+Fwy+Ste+880.+Dallas%2C+TX+75234&z=16&iwloc=A&z=auto
[email protected],"3030 LBJ Fwy Ste 880. Dallas, TX 75234",214.628.9630 / 469.744.0779,https://maps.google.com/maps?f=d&source=s_d&saddr=&daddr=3030+LBJ+Fwy+Ste+880.+Dallas%2C+TX+75234&z=16&iwloc=A&z=auto
United Merchant Service (POS),"1925 E Belt Line Rd. #479, Carrollton, TX 75006",214) 728-0911,https://maps.google.com/maps?f=d&source=s_d&saddr=&daddr=1925+E+Belt+Line+Rd.+%23479%2C+Carrollton%2C+TX+75006&z=16&iwloc=A&z=auto
업소록,"1016 W. Trinity Mills Rd. #128, Carrollton, TX 75006",214) 587-0908 / 972) 280-9595 / 469) 867-7474 / 972) 814-7753 / 817) 453-8848 / 844) 968-2464 / 512) 947-5599 / 469) 226-4808 / 214) 790-3007 / 214) 383-9094,http://ucommwireless.com
컴퓨터 전문수리,"1016 W. Trinity Mills Rd. #128, Carrollton, TX 75006",214) 587-0908 / 972) 280-9595 / 469) 867-7474 / 972) 814-7753 / 817) 453-8848 / 844) 968-2464 / 512) 947-5599 / 469) 226-4808 / 214) 790-3007 / 214) 383-9094,http://ucommwireless.com
컴퓨터 전문수리,,214) 587-0908,
UCOMM (Unlimited Communications),"1016 W. Trinity Mills Rd. #128, Carrollton, TX 75006",972) 280-9595,http://ucommwireless.com
[email protected],"1016 W. Trinity Mills Rd. #128, Carrollton, TX 75006",972) 280-9595,http://ucommwireless.com
에이스 테니스 학교 (Ace Tennis School),,469) 867-7474,
[email protected],,469) 867-7474,
Henry S. Miller (Lily Chang),,972) 814-7753,
[email protected],,972) 814-7753,
Comfort Inn & Suite,https://www.choicehotels.com/texas/mansfield/comfort-inn-hotels/tx584?source=gyxt,817) 453-8848,https://www.choicehotels.com/texas/mansfield/comfort-inn-hotels/tx584?source=gyxt
최유석 내과 (You Choi M.D.),"3420 K Ave. #305, Plano, TX 75074",844) 968-2464,http://www.youchoimd.com
"(Mon-Fri) 8:00am ~ 5:00pm, (Sat) 9:00am ~ 1:00pm","3420 K Ave. #305, Plano, TX 75074",844) 968-2464,http://www.youchoimd.com
김세규 부동산,,512) 947-5599,https://www.kimsekyu.com
Benchmark Capital,"533 Alpha Rd. #120, Dallas, TX 75240",469) 226-4808,https://maps.google.com/maps?f=d&source=s_d&saddr=&daddr=533+Alpha+Rd.+%23120%2C+Dallas%2C+TX+75240&z=16&iwloc=A&z=auto
CJP Construction,"11494 Luna Rd. #160, Farmers Branch, TX 75234",214) 790-3007,https://maps.google.com/maps?f=d&source=s_d&saddr=&daddr=11494+Luna+Rd.+%23160%2C+Farmers+Branch%2C+TX+75234&z=16&iwloc=A&z=auto
생각하는 수학교실,,214) 383-9094,
업소록,"3703 Barker Cypress Road, Houston, TX 77084",214) 971-2300 / 281) 579-0002 / 713) 932-9977 / 972) 243-0043 / 512) 469-7888 / 214) 956-7811 / 214) 520-9991 / 214) 361-4200 / 214) 878-9140 / 972) 241-7818,https://maps.google.com/maps?f=d&source=s_d&saddr=&daddr=3703+Barker+Cypress+Road%2C+Houston%2C+TX+77084&z=16&iwloc=A&z=auto
송은주 메디케어 보험,"3703 Barker Cypress Road, Houston, TX 77084",214) 971-2300 / 281) 579-0002 / 713) 932-9977 / 972) 243-0043 / 512) 469-7888 / 214) 956-7811 / 214) 520-9991 / 214) 361-4200 / 214) 878-9140 / 972) 241-7818,https://maps.google.com/maps?f=d&source=s_d&saddr=&daddr=3703+Barker+Cypress+Road%2C+Houston%2C+TX+77084&z=16&iwloc=A&z=auto
송은주 메디케어 보험,,214) 971-2300,
[email protected],,214) 971-2300,
수퍼 골프 연습장,"3703 Barker Cypress Road, Houston, TX 77084",281) 579-0002,https://maps.google.com/maps?f=d&source=s_d&saddr=&daddr=3703+Barker+Cypress+Road%2C+Houston%2C+TX+77084&z=16&iwloc=A&z=auto
대한통운 (H마트),"1302 Blalock Road, Houston, TX 77055",713) 932-9977,https://maps.google.com/maps?f=d&source=s_d&saddr=&daddr=1302+Blalock+Road%2C+Houston%2C+TX+77055&z=16&iwloc=A&z=auto
연탄길 (Yun Tan Gil),"11445 Emerald St. #120, Dallas, TX 75229",972) 243-0043,https://maps.google.com/maps?f=d&source=s_d&saddr=&daddr=11445+Emerald+St.+%23120%2C+Dallas%2C+TX+75229&z=16&iwloc=A&z=auto
Q 자동차정비,"3121 Manor Road, Austin, TX 78723",512) 469-7888,https://maps.google.com/maps?f=d&source=s_d&saddr=&daddr=3121+Manor+Road%2C+Austin%2C+TX+78723&z=16&iwloc=A&z=auto
[email protected],TEXAS PRO SIGNS,214) 956-7811,http://www.texasprosigns.com
[email protected],"2312 Fabens Rd, Dallas, TX 75229",214) 956-7811,http://www.texasprosigns.com
스시 교토,"6429 Hillcrest Avenue, Dallas, TX 75205",214) 520-9991,https://maps.google.com/maps?f=d&source=s_d&saddr=&daddr=6429+Hillcrest+Avenue%2C+Dallas%2C+TX+75205&z=16&iwloc=A&z=auto
프로 TV 전자,"343 Medallion Center, Dallas, TX 75214",214) 361-4200,https://maps.google.com/maps?f=d&source=s_d&saddr=&daddr=343+Medallion+Center%2C+Dallas%2C+TX+75214&z=16&iwloc=A&z=auto
레인보우 물 청소기,,214) 878-9140,
Ma Excel Import,"2601 Perth Street, Dallas, TX 75220",972) 241-7818,https://maps.google.com/maps?f=d&source=s_d&saddr=&daddr=2601+Perth+Street%2C+Dallas%2C+TX+75220&z=16&iwloc=A&z=auto
업소록,"12645 Memorial Dr. #C, Houston, TX 77024",832) 202-8802 / 469) 878-8265 / 972) 241-6781 / 214-962-4273 / 214) 680-9292 / 972) 243-5400 / 817-528-4254 / 512) 443-2448 / 713) 647-7480 / 972-517-7377,https://maps.google.com/maps?f=d&source=s_d&saddr=&daddr=12645+Memorial+Dr.+%23C%2C+Houston%2C+TX+77024&z=16&iwloc=A&z=auto
Thursday Island,"12645 Memorial Dr. #C, Houston, TX 77024",832) 202-8802 / 469) 878-8265 / 972) 241-6781 / 214-962-4273 / 214) 680-9292 / 972) 243-5400 / 817-528-4254 / 512) 443-2448 / 713) 647-7480 / 972-517-7377,https://maps.google.com/maps?f=d&source=s_d&saddr=&daddr=12645+Memorial+Dr.+%23C%2C+Houston%2C+TX+77024&z=16&iwloc=A&z=auto
Thursday Island,"12645 Memorial Dr. #C, Houston, TX 77024",832) 202-8802,https://maps.google.com/maps?f=d&source=s_d&saddr=&daddr=12645+Memorial+Dr.+%23C%2C+Houston%2C+TX+77024&z=16&iwloc=A&z=auto
에덴한복,"4505 Ancilla Drive, Garland, TX 75042",469) 878-8265,https://maps.google.com/maps?f=d&source=s_d&saddr=&daddr=4505+Ancilla+Drive%2C+Garland%2C+TX+75042&z=16&iwloc=A&z=auto
랜드마크 부동산,"1016 W. Trinity Mills Rd. #116, Carrollton, Tx 75006",972) 241-6781,https://www.LandmarkDFW.com
Park Place Motorcars Mercedes-Benz Dallas (파크 플레이스 메르세데스 벤츠),"6113 Lemmon Ave. Dallas, TX 75209",214-962-4273,https://www.parkplace.com
"(Mon-Fri) 8:30am ~ 8pm, (Sat) 9am ~ 6pm","6113 Lemmon Ave. Dallas, TX 75209",214-962-4273,https://www.parkplace.com
한새사람교회,"3405 Custer Rd. #200, Plano, TX 75023",214) 680-9292,https://maps.google.com/maps?f=d&source=s_d&saddr=&daddr=3405+Custer+Rd.+%23200%2C+Plano%2C+TX+75023&z=16&iwloc=A&z=auto
Crown Wholesale,"11311 Harry Hines Boulevard #101, Dallas, TX 75229",972) 243-5400,https://maps.google.com/maps?f=d&source=s_d&saddr=&daddr=11311+Harry+Hines+Boulevard+%23101%2C+Dallas%2C+TX+75229&z=16&iwloc=A&z=auto
[email protected],"11311 Harry Hines Boulevard #101, Dallas, TX 75229",972) 243-5400,https://maps.google.com/maps?f=d&source=s_d&saddr=&daddr=11311+Harry+Hines+Boulevard+%23101%2C+Dallas%2C+TX+75229&z=16&iwloc=A&z=auto
도우맨 (김상광),,817-528-4254,
어스틴 한인침례교회,"3110 Parker Lane, Austin, TX 78741",512) 443-2448,http://www.kbca.info
만남,"8628 Long Point Road, Houston, TX 77055",713) 647-7480,https://maps.google.com/maps?f=d&source=s_d&saddr=&daddr=8628+Long+Point+Road%2C+Houston%2C+TX+77055&z=16&iwloc=A&z=auto
KOOKSOO(국수) - 플레이노점,,972-517-7377,https://maps.google.com/maps?f=d&source=s_d&saddr=&daddr=100+Legacy+Dr.+%23103%2C+Plano&z=16&iwloc=A&z=auto
업소록,"1809 Hollister Road, Houston, TX 77080",281) 300-3444 / 972) 904-8808 / 469) 774-1899 / 681.521.7542 / 972) 243-2639 / 214) 366-3413 / 972) 242-6060 / 214-236-9045 / 972-899-1208 / 469.655.5811 / 512) 300-0972,https://maps.google.com/maps?f=d&source=s_d&saddr=&daddr=1809+Hollister+Road%2C+Houston%2C+TX+77080&z=16&iwloc=A&z=auto
코리안 커뮤니티 센터 (KCC),"1809 Hollister Road, Houston, TX 77080",281) 300-3444 / 972) 904-8808 / 469) 774-1899 / 681.521.7542 / 972) 243-2639 / 214) 366-3413 / 972) 242-6060 / 214-236-9045 / 972-899-1208 / 469.655.5811 / 512) 300-0972,https://maps.google.com/maps?f=d&source=s_d&saddr=&daddr=1809+Hollister+Road%2C+Houston%2C+TX+77080&z=16&iwloc=A&z=auto
코리안 커뮤니티 센터 (KCC),"1809 Hollister Road, Houston, TX 77080",281) 300-3444,https://maps.google.com/maps?f=d&source=s_d&saddr=&daddr=1809+Hollister+Road%2C+Houston%2C+TX+77080&z=16&iwloc=A&z=auto
프랭크포드 플라자 (Frankford Plaza Inc.),"1060 W. Frankford Road, Carrollton, TX 75007",972) 904-8808,https://maps.google.com/maps?f=d&source=s_d&saddr=&daddr=1060+W.+Frankford+Road%2C+Carrollton%2C+TX+75007&z=16&iwloc=A&z=auto
Custom Embroidery,"11410 Harry Hines Blvd.#5, Dallas, TX 75229",469) 774-1899,https://maps.google.com/maps?f=d&source=s_d&saddr=&daddr=11410+Harry+Hines+Blvd.%235%2C+Dallas%2C+TX+75229&z=16&iwloc=A&z=auto
Majesty Golf USA (마제스티 골프),,681.521.7542,
[email protected],,681.521.7542,
한 & 박 회계법인,"2625 Old Denton Rd #508, Carrollton, TX 75227",972) 243-2639 / 214) 366-3413,https://maps.google.com/maps?f=d&source=s_d&saddr=&daddr=2625+Old+Denton+Rd+%23508%2C+Carrollton%2C+TX+75227&z=16&iwloc=A&z=auto
Coffee House,"2625 OldDenton Rd #606, Carrollton, TX 75007",972) 242-6060,https://maps.google.com/maps?f=d&source=s_d&saddr=&daddr=2625+OldDenton+Rd+%23606%2C+Carrollton%2C+TX+75007&z=16&iwloc=A&z=auto
서부 전기,"1601 Marsh Ln #204, Carrollton, TX 75006",214-236-9045,https://maps.google.com/maps?f=d&source=s_d&saddr=&daddr=1601+Marsh+Ln+%23204%2C+Carrollton%2C+TX+75006&z=16&iwloc=A&z=auto
코펠 스타 덴탈,"651 N Denton Tap Rd. #170, Coppell, TX 75019",972-899-1208,https://maps.google.com/maps?f=d&source=s_d&saddr=&daddr=651+N+Denton+Tap+Rd.+%23170%2C+Coppell%2C+TX+75019&z=16&iwloc=A&z=auto
[email protected],"651 N Denton Tap Rd. #170, Coppell, TX 75019",972-899-1208,https://maps.google.com/maps?f=d&source=s_d&saddr=&daddr=651+N+Denton+Tap+Rd.+%23170%2C+Coppell%2C+TX+75019&z=16&iwloc=A&z=auto
Neostone Realty Group,"14555 Dallas Pkwy Suite 100-245, Dallas , TX 75254",469.655.5811,https://maps.google.com/maps?f=d&source=s_d&saddr=&daddr=14555+Dallas+Pkwy+Suite+100-245%2C+Dallas+%2C+TX+75254&z=16&iwloc=A&z=auto
CNN 헤어팀샬롱,"7020 Easy Wind Dr. #110, Austin, TX 78752",512) 300-0972,https://maps.google.com/maps?f=d&source=s_d&saddr=&daddr=7020+Easy+Wind+Dr.+%23110%2C+Austin%2C+TX+78752&z=16&iwloc=A&z=auto
업소록,"5813 Preston Rd. Plano, TX 75093",512) 347-7575 / 713-987-4855 / 687-972-3481 / 713) 781-1616 / 713) 647-8300 / 909) 625-4577 / 214) 727-8211 / 972) 310-2775 / 972) 406-8000 / 972) 466-3600 / 972) 781-2818 / 903.265.3948 / 903.364.4525,https://www.berkeley2academy.com
버클리 아카데미 (Berkeley Academy) Plano Branch,"5813 Preston Rd. Plano, TX 75093",512) 347-7575 / 713-987-4855 / 687-972-3481 / 713) 781-1616 / 713) 647-8300 / 909) 625-4577 / 214) 727-8211 / 972) 310-2775 / 972) 406-8000 / 972) 466-3600 / 972) 781-2818 / 903.265.3948 / 903.364.4525,https://www.berkeley2academy.com
버클리 아카데미 (Berkeley Academy) Plano Branch,"5813 Preston Rd. Plano, TX 75093",512) 347-7575,https://www.berkeley2academy.com
[email protected],"5813 Preston Rd. Plano, TX 75093",512) 347-7575,https://www.berkeley2academy.com
정두메 변호사,,713-987-4855 / 687-972-3481,https://www.klugfirm.com
[email protected],,713-987-4855 / 687-972-3481,https://www.klugfirm.com
유니온 세일즈,"7645 Harwin Drive, Houston, TX 77036",713) 781-1616,https://maps.google.com/maps?f=d&source=s_d&saddr=&daddr=7645+Harwin+Drive%2C+Houston%2C+TX+77036&z=16&iwloc=A&z=auto
IMS 카스테레오 & 알람,"2122 Gessner Road, Houston, TX 77080",713) 647-8300,https://maps.google.com/maps?f=d&source=s_d&saddr=&daddr=2122+Gessner+Road%2C+Houston%2C+TX+77080&z=16&iwloc=A&z=auto
홀트 식물원,,909) 625-4577,
L&D 에어컨/히팅,"P.O Box 182361, Arlington, TX 76096",214) 727-8211,https://maps.google.com/maps?f=d&source=s_d&saddr=&daddr=P.O+Box+182361%2C+Arlington%2C+TX+76096&z=16&iwloc=A&z=auto
US Central Plaza,"11441 N. Stemmons Freeway #145, Dallas, TX 75229",972) 310-2775 / 972) 406-8000,https://maps.google.com/maps?f=d&source=s_d&saddr=&daddr=11441+N.+Stemmons+Freeway+%23145%2C+Dallas%2C+TX+75229&z=16&iwloc=A&z=auto
BOBOS 중고명품,"2625 Old Denton Rd. #338, Carrollton, TX 75007",972) 466-3600,https://maps.google.com/maps?f=d&source=s_d&saddr=&daddr=2625+Old+Denton+Rd.+%23338%2C+Carrollton%2C+TX+75007&z=16&iwloc=A&z=auto
Japan Steaks & Sushi,"4021 Preston Road #618, Plano, TX 75093",972) 781-2818,https://maps.google.com/maps?f=d&source=s_d&saddr=&daddr=4021+Preston+Road+%23618%2C+Plano%2C+TX+75093&z=16&iwloc=A&z=auto
NTGA 소화기 내과 (조셉 김),"5236 W. University Dr., Suite 2900, McKinney, TX 75071 (Baylor Scott & White McKinney Professional Building 1)",903.265.3948 / 903.364.4525,https://www.northtexasgastro.com
업소록,"2216 Royal Ln. #102, Dallas, TX 75229",469-248-3295 / 972) 469-3100 / 915) 821-8311 / 580) 536-2700 / 214) 228-7444 / 405) 476-8590 / 972) 375-8332 / 972) 968-5220 / 940.300.8982 / 713) 683-1040,https://maps.google.com/maps?f=d&source=s_d&saddr=&daddr=2216+Royal+Ln.+%23102%2C+Dallas%2C+TX+75229&z=16&iwloc=A&z=auto
HES 건축,"2216 Royal Ln. #102, Dallas, TX 75229",469-248-3295 / 972) 469-3100 / 915) 821-8311 / 580) 536-2700 / 214) 228-7444 / 405) 476-8590 / 972) 375-8332 / 972) 968-5220 / 940.300.8982 / 713) 683-1040,https://maps.google.com/maps?f=d&source=s_d&saddr=&daddr=2216+Royal+Ln.+%23102%2C+Dallas%2C+TX+75229&z=16&iwloc=A&z=auto
HES 건축,"2216 Royal Ln. #102, Dallas, TX 75229",469-248-3295,https://maps.google.com/maps?f=d&source=s_d&saddr=&daddr=2216+Royal+Ln.+%23102%2C+Dallas%2C+TX+75229&z=16&iwloc=A&z=auto
프리스코 한인교회,"9404 Lebanon Road, Frisco, TX 75035",972) 469-3100,https://www.friscokoreanchurch.org
아가페 선교교회,"5434 Salem Drive, El Paso, TX 79924",915) 821-8311,https://maps.google.com/maps?f=d&source=s_d&saddr=&daddr=5434+Salem+Drive%2C+El+Paso%2C+TX+79924&z=16&iwloc=A&z=auto
장운학/장은경 부동산,"1101 NW 67th Street, Lawton, OK 73505",580) 536-2700,http://www.market-one.com
S.M. 파워페인트,,214) 228-7444,
[email protected],,214) 228-7444,
Sonya Kim Realtor,"2413 Truitt, Moore, OK 73160",405) 476-8590,https://maps.google.com/maps?f=d&source=s_d&saddr=&daddr=2413+Truitt%2C+Moore%2C+OK+73160&z=16&iwloc=A&z=auto
[email protected],"2413 Truitt, Moore, OK 73160",405) 476-8590,https://maps.google.com/maps?f=d&source=s_d&saddr=&daddr=2413+Truitt%2C+Moore%2C+OK+73160&z=16&iwloc=A&z=auto
"서울 전기 (Seoul Electric, INC.)","725 Cowyboys Parkway, Irving, TX 75063",972) 375-8332,https://maps.google.com/maps?f=d&source=s_d&saddr=&daddr=725+Cowyboys+Parkway%2C+Irving%2C+TX+75063&z=16&iwloc=A&z=auto
Newman Smith High School,"2335 N. Josey Lane, Carrollton, TX 75006",972) 968-5220,https://cfbisd.edu/schools/high-schools/smith-high-school/
[email protected],"2335 N. Josey Lane, Carrollton, TX 75006",972) 968-5220,https://cfbisd.edu/schools/high-schools/smith-high-school/
안병문 부동산 (비지니스 매매),"1000 E. Belt Line Rd. Carrollton, TX 75006",940.300.8982,https://maps.google.com/maps?f=d&source=s_d&saddr=&daddr=1000+E.+Belt+Line+Rd.+Carrollton%2C+TX+75006&z=16&iwloc=A&z=auto
[email protected],"1000 E. Belt Line Rd. Carrollton, TX 75006",940.300.8982,https://maps.google.com/maps?f=d&source=s_d&saddr=&daddr=1000+E.+Belt+Line+Rd.+Carrollton%2C+TX+75006&z=16&iwloc=A&z=auto
ABC 바디 & 페인트,"2008 D&E Wirt Road, Houston, TX 77055",713) 683-1040,https://maps.google.com/maps?f=d&source=s_d&saddr=&daddr=2008+D%26E+Wirt+Road%2C+Houston%2C+TX+77055&z=16&iwloc=A&z=auto
업소록,"1609 W Hebron Pkwy #116 Carrollton, TX 75010",469-268-5159 / 214) 448-8364 / 214) 714-0067 / 214) 422-6090 / 972) 241-9998 / 512-243-8013 / 469) 831-1563 / 713) 461-6845 / 512) 799-1056 / 210.646.7005 / 254) 554-7770,https://www.violinbowhouse.com
Violin House (바이올린 하우스),"1609 W Hebron Pkwy #116 Carrollton, TX 75010",469-268-5159 / 214) 448-8364 / 214) 714-0067 / 214) 422-6090 / 972) 241-9998 / 512-243-8013 / 469) 831-1563 / 713) 461-6845 / 512) 799-1056 / 210.646.7005 / 254) 554-7770,https://www.violinbowhouse.com
Violin House (바이올린 하우스),"1609 W Hebron Pkwy #116 Carrollton, TX 75010",469-268-5159,https://www.violinbowhouse.com
Mi Art Studio,"2050 W. Spring Creek Pkwy #203, Plano, TX 75023",214) 448-8364 / 214) 714-0067,https://www.facebook.com/miartstudio
(Mon-Sat) 3:30pm ~ 7:00pm,"2050 W. Spring Creek Pkwy #203, Plano, TX 75023",214) 448-8364 / 214) 714-0067,https://www.facebook.com/miartstudio
DFW 한인 테니스 클럽,,214) 422-6090,
Montana West Inc.,"11536 Harry Hines Blvd. #105, Dallas, TX 75229",972) 241-9998,http://www.montanawestusa.com
EZ Solution,"17315 Zola Lane, Round Rock, TX 78664",512-243-8013,https://maps.google.com/maps?f=d&source=s_d&saddr=&daddr=17315+Zola+Lane%2C+Round+Rock%2C+TX+78664&z=16&iwloc=A&z=auto
중앙 전기공사,"2625 Old Denton #450, Carrollton, TX 75007",469) 831-1563,https://maps.google.com/maps?f=d&source=s_d&saddr=&daddr=2625+Old+Denton+%23450%2C+Carrollton%2C+TX+75007&z=16&iwloc=A&z=auto
디스카운티 어워즈,"8713-B Katy Freeway, Houston, TX 77024",713) 461-6845,https://maps.google.com/maps?f=d&source=s_d&saddr=&daddr=8713-B+Katy+Freeway%2C+Houston%2C+TX+77024&z=16&iwloc=A&z=auto
Lee Swayne 부동산 (이상림),"900 Quest Pkwy., Cedar Park, TX 78613",512) 799-1056,https://maps.google.com/maps?f=d&source=s_d&saddr=&daddr=900+Quest+Pkwy.%2C+Cedar+Park%2C+TX+78613&z=16&iwloc=A&z=auto
한국식품,"6210 Fairdale Dr. San Antonio, TX 78218",210.646.7005,https://maps.google.com/maps?f=d&source=s_d&saddr=&daddr=6210+Fairdale+Dr.+San+Antonio%2C+TX+78218&z=16&iwloc=A&z=auto
영원사,"236 Tally Ho Road, Killeen, TX 76542",254) 554-7770,https://maps.google.com/maps?f=d&source=s_d&saddr=&daddr=236+Tally+Ho+Road%2C+Killeen%2C+TX+76542&z=16&iwloc=A&z=auto
업소록,"1205 Round Rock Ave. #136, Austin, TX 78681",512) 238-6015 / 512) 653-3382 / 214) 395-5711 / 405) 249-2469 / 512) 775-3283 / 214) 333-9000 / 832) 606-7043 / 888-607-0665 / 972) 484-3995 / 214-484-6495 / 972) 243-9300,http://www.tjmartialarts.com
Tiger Jung's Martial Arts,"1205 Round Rock Ave. #136, Austin, TX 78681",512) 238-6015 / 512) 653-3382 / 214) 395-5711 / 405) 249-2469 / 512) 775-3283 / 214) 333-9000 / 832) 606-7043 / 888-607-0665 / 972) 484-3995 / 214-484-6495 / 972) 243-9300,http://www.tjmartialarts.com
Tiger Jung's Martial Arts,"1205 Round Rock Ave. #136, Austin, TX 78681",512) 238-6015 / 512) 653-3382,http://www.tjmartialarts.com
[email protected],"1205 Round Rock Ave. #136, Austin, TX 78681",512) 238-6015 / 512) 653-3382,http://www.tjmartialarts.com
송낙규 종합보험,"13455 Noel Rd. 20fr.Dallas, TX 75240",214) 395-5711,https://maps.google.com/maps?f=d&source=s_d&saddr=&daddr=13455+Noel+Rd.+20fr.Dallas%2C+TX+75240&z=16&iwloc=A&z=auto
오클라호마 크리스천 여성합창단,,405) 249-2469,
United Martial Arts Education Center,"14735 Bratton Lane, Austin, TX 78728",512) 775-3283,https://www.umaec.com
[email protected],"14735 Bratton Lane, Austin, TX 78728",512) 775-3283,https://www.umaec.com
Fiesta Plaza,"704 Walton Walker Boulevard, Dallas, TX 75211",214) 333-9000,https://maps.google.com/maps?f=d&source=s_d&saddr=&daddr=704+Walton+Walker+Boulevard%2C+Dallas%2C+TX+75211&z=16&iwloc=A&z=auto
휴스턴 용선협회,,832) 606-7043,
Spectrum,,888-607-0665,
"spectrum, radiohsk, 스펙트럼, 공식딜러, 인터넷, 와이파이, 한인딜러, internet",,888-607-0665,
Metro Guard,,972) 484-3995,http://www.gotbugs.com
"(Mon-Fri) 7:00am ~ 9:00pm, (Sat) 7:00am ~ 4:00pm",,972) 484-3995,http://www.gotbugs.com
한미종합보험 (Hanmi Insurance Service),"2735 Villa Creek Dr., Suite A275, Farmers Branch, TX 75234",214-484-6495,https://maps.google.com/maps?f=d&source=s_d&saddr=&daddr=2735+Villa+Creek+Dr.%2C+Suite+A275%2C+Farmers+Branch%2C+TX+75234&z=16&iwloc=A&z=auto
달라스 무역관,"3030 LBJ Fwy. #1200, Dallas, TX 75234",972) 243-9300,https://www.kotrana.net
업소록,"10001 Long Point Rd. #A, Houston, TX 77055",832) 755-2785 / 832) 620-3754 / 469) 268-4825 / 713) 952-6435 / 972.395.3632 / 469) 277-6596 / 888) 503-6691 / 214) 854-0737 / 972) 241-8250 / 512) 454-7950 / 713) 467-4266 / 214) 389-7699,https://maps.google.com/maps?f=d&source=s_d&saddr=&daddr=10001+Long+Point+Rd.+%23A%2C+Houston%2C+TX+77055&z=16&iwloc=A&z=auto
야망 룸싸롱,"10001 Long Point Rd. #A, Houston, TX 77055",832) 755-2785 / 832) 620-3754 / 469) 268-4825 / 713) 952-6435 / 972.395.3632 / 469) 277-6596 / 888) 503-6691 / 214) 854-0737 / 972) 241-8250 / 512) 454-7950 / 713) 467-4266 / 214) 389-7699,https://maps.google.com/maps?f=d&source=s_d&saddr=&daddr=10001+Long+Point+Rd.+%23A%2C+Houston%2C+TX+77055&z=16&iwloc=A&z=auto
야망 룸싸롱,"10001 Long Point Rd. #A, Houston, TX 77055",832) 755-2785 / 832) 620-3754,https://maps.google.com/maps?f=d&source=s_d&saddr=&daddr=10001+Long+Point+Rd.+%23A%2C+Houston%2C+TX+77055&z=16&iwloc=A&z=auto
세정 후드 클리닝 (Vent Hood Clening US),,469) 268-4825,https://www.venthoodcleaningus.com
[email protected],,469) 268-4825,https://www.venthoodcleaningus.com
리빈스 크래프트,"8000 Harwin Dr. #300, Houston, TX 77036",713) 952-6435,https://maps.google.com/maps?f=d&source=s_d&saddr=&daddr=8000+Harwin+Dr.+%23300%2C+Houston%2C+TX+77036&z=16&iwloc=A&z=auto
Blond Hair (블론드 헤어),"1060 W Frankford Rd. #203, Carrollton, TX 75007",972.395.3632,https://maps.google.com/maps?f=d&source=s_d&saddr=&daddr=1060+W+Frankford+Rd.+%23203%2C+Carrollton%2C+TX+75007&z=16&iwloc=A&z=auto
온누리 여행사,"600 S. MacArthur Blvd. #2721, Coppell, TX 75019",469) 277-6596 / 888) 503-6691,https://www.usonnuri.com
[email protected],"600 S. MacArthur Blvd. #2721, Coppell, TX 75019",469) 277-6596 / 888) 503-6691,https://www.usonnuri.com
달라스 한인 체육회,"11500 N. Stemmons Fwy Suite #163, Dallas, TX 75229",214) 854-0737,http://ksadallas.com/
[email protected],"11500 N. Stemmons Fwy Suite #163, Dallas, TX 75229",214) 854-0737,http://ksadallas.com/
아시안 상공회,"7610 N. Stemmons Freeway #690, Dallas, TX 75247",972) 241-8250,https://maps.google.com/maps?f=d&source=s_d&saddr=&daddr=7610+N.+Stemmons+Freeway+%23690%2C+Dallas%2C+TX++75247&z=16&iwloc=A&z=auto
Sun Alterations,"5501 N. Lamar Blvd. #C-117, Austin, TX 78751",512) 454-7950,https://maps.google.com/maps?f=d&source=s_d&saddr=&daddr=5501+N.+Lamar+Blvd.+%23C-117%2C+Austin%2C+TX+78751&z=16&iwloc=A&z=auto
코리안저널,"9355 Long Point Rd. #J, Houston, TX 77055",713) 467-4266,https://maps.google.com/maps?f=d&source=s_d&saddr=&daddr=9355+Long+Point+Rd.+%23J%2C+Houston%2C+TX+77055&z=16&iwloc=A&z=auto
Ms. Kim Wholesale,"11029 Harry Hines Blvd. #C-108, Dallas, TX 75229",214) 389-7699,https://maps.google.com/maps?f=d&source=s_d&saddr=&daddr=11029+Harry+Hines+Blvd.+%23C-108%2C+Dallas%2C+TX+75229&z=16&iwloc=A&z=auto
업소록,"12900 Valley Branch Ln. #406, Dallas, TX 75234",972) 480-4061 / 214) 235-1400 / 501) 773-5823 / 972) 462-8281 / 214.952.3703 / 972)951-1277 / 972) 820-0993 / 972) 881-0300 / 214) 789-8437 / 469) 269-2636,https://maps.google.com/maps?f=d&source=s_d&saddr=&daddr=12900+Valley+Branch+Ln.+%23406%2C+Dallas%2C+TX+75234&z=16&iwloc=A&z=auto
리챠드 최 부동산 (닉나),"12900 Valley Branch Ln. #406, Dallas, TX 75234",972) 480-4061 / 214) 235-1400 / 501) 773-5823 / 972) 462-8281 / 214.952.3703 / 972)951-1277 / 972) 820-0993 / 972) 881-0300 / 214) 789-8437 / 469) 269-2636,https://maps.google.com/maps?f=d&source=s_d&saddr=&daddr=12900+Valley+Branch+Ln.+%23406%2C+Dallas%2C+TX+75234&z=16&iwloc=A&z=auto
리챠드 최 부동산 (닉나),,972) 480-4061,
[email protected],,972) 480-4061,
주얼 부동산,"12900 Valley Branch Ln. #406, Dallas, TX 75234",214) 235-1400,https://maps.google.com/maps?f=d&source=s_d&saddr=&daddr=12900+Valley+Branch+Ln.+%23406%2C+Dallas%2C+TX+75234&z=16&iwloc=A&z=auto
알칸사 한인회,,501) 773-5823,
Riverchase Golf Club,"700 Riverchase Drive, Coppell, TX 75019",972) 462-8281,http://www.riverchasegc.com
매스터 코랄 합창단 (Dallas Master Choral),,214.952.3703,https://www.facebook.com/masterchoral/?ref=page_internal
뉴욕라이프 (남연숙/Yvette Nam),"4040 Hwy TX-121 #180, Carrollton, TX 75010",972)951-1277,https://maps.google.com/maps?f=d&source=s_d&saddr=&daddr=4040+Hwy+TX-121+%23180%2C+Carrollton%2C+TX+75010&z=16&iwloc=A&z=auto
[email protected],"4040 Hwy TX-121 #180, Carrollton, TX 75010",972)951-1277,https://maps.google.com/maps?f=d&source=s_d&saddr=&daddr=4040+Hwy+TX-121+%23180%2C+Carrollton%2C+TX+75010&z=16&iwloc=A&z=auto
실로암 클리닉 (Siloam Chiropractic & Acupuncture),"3043 Old Denton Rd. #106, Carrollton, TX 75007",972) 820-0993,https://maps.google.com/maps?f=d&source=s_d&saddr=&daddr=3043+Old+Denton+Rd.+%23106%2C+Carrollton%2C+TX+75007&z=16&iwloc=A&z=auto
낙원 (H-Mart 내),"3320 K. Ave. #218-M108, Plano, TX 75074",972) 881-0300,https://maps.google.com/maps?f=d&source=s_d&saddr=&daddr=3320+K.+Ave.+%23218-M108%2C+Plano%2C+TX+75074&z=16&iwloc=A&z=auto
Total 도넛박사,,214) 789-8437,
투맨뮤직 (Two men School of Music),"1837 W. Frankford Rd #111, Carrollton, TX 75007",469) 269-2636,http://www.twomenmusic.com
[email protected],"1837 W. Frankford Rd #111, Carrollton, TX 75007",469) 269-2636,http://www.twomenmusic.com
업소록,"2560 Royal Lane #210, Dallas, TX 75229",214) 352-4989 / 580) 536-8908 / 281) 337-3500 / 214) 223-3952 / 832) 251-8881 / 281) 258-2600 / 214) 349-2411 / 214) 349-2600 / 214) 893-5632 / 713) 468-5018 / 972) 998-1978,https://maps.google.com/maps?f=d&source=s_d&saddr=&daddr=2560+Royal+Lane+%23210%2C+Dallas%2C+TX+75229&z=16&iwloc=A&z=auto
로얄 프라자,"2560 Royal Lane #210, Dallas, TX 75229",214) 352-4989 / 580) 536-8908 / 281) 337-3500 / 214) 223-3952 / 832) 251-8881 / 281) 258-2600 / 214) 349-2411 / 214) 349-2600 / 214) 893-5632 / 713) 468-5018 / 972) 998-1978,https://maps.google.com/maps?f=d&source=s_d&saddr=&daddr=2560+Royal+Lane+%23210%2C+Dallas%2C+TX+75229&z=16&iwloc=A&z=auto
로얄 프라자,"2560 Royal Lane #210, Dallas, TX 75229",214) 352-4989,https://maps.google.com/maps?f=d&source=s_d&saddr=&daddr=2560+Royal+Lane+%23210%2C+Dallas%2C+TX+75229&z=16&iwloc=A&z=auto
로턴 나사렛성결교회,"1902 NW 79 Street, Lawton, OK 73505",580) 536-8908,https://maps.google.com/maps?f=d&source=s_d&saddr=&daddr=1902+NW+79+Street%2C+Lawton%2C+OK+73505&z=16&iwloc=A&z=auto
김지현 치과 (Care Dental Clinic),"1350 FM 517 Rd. W, Dickinson, TX 77539",281) 337-3500,https://maps.google.com/maps?f=d&source=s_d&saddr=&daddr=1350+FM+517+Rd.+W%2C+Dickinson%2C+TX+77539&z=16&iwloc=A&z=auto
[email protected],"1350 FM 517 Rd. W, Dickinson, TX 77539",281) 337-3500,https://maps.google.com/maps?f=d&source=s_d&saddr=&daddr=1350+FM+517+Rd.+W%2C+Dickinson%2C+TX+77539&z=16&iwloc=A&z=auto
달라스 스터디엔비 유학원,"11379 Lockshire Drive, Frisco, TX 75035",214) 223-3952,http://blog.naver.com/studyenvy
[email protected],"11379 Lockshire Drive, Frisco, TX 75035",214) 223-3952,http://blog.naver.com/studyenvy
Bank of Hope - Houston,"9801 Westheimer Rd. #801, Houston, TX 77042",832) 251-8881,https://maps.google.com/maps?f=d&source=s_d&saddr=&daddr=9801+Westheimer+Rd.+%23801%2C+Houston%2C+TX+77042&z=16&iwloc=A&z=auto
SK 엔지니어링 & 건설,"1430 Enclave Parkway #150, Houston, TX 77077",281) 258-2600,https://maps.google.com/maps?f=d&source=s_d&saddr=&daddr=1430+Enclave+Parkway+%23150%2C+Houston%2C+TX+77077&z=16&iwloc=A&z=auto
BO BO China,"10630 Church Road, Dallas, TX 75238",214) 349-2411 / 214) 349-2600,http://bobochinadallas.com
(Tue-Sun) 11:00am ~ 10:00pm,"10630 Church Road, Dallas, TX 75238",214) 349-2411 / 214) 349-2600,http://bobochinadallas.com
동아 건축,"2516 Woodhaven Drive, Flower Mound, TX 75028",214) 893-5632,https://maps.google.com/maps?f=d&source=s_d&saddr=&daddr=2516+Woodhaven+Drive%2C+Flower+Mound%2C+TX+75028&z=16&iwloc=A&z=auto
J.A 트로피,"9819 Long Point Rd. #B, Houston, TX 77055",713) 468-5018,https://maps.google.com/maps?f=d&source=s_d&saddr=&daddr=9819+Long+Point+Rd.+%23B%2C+Houston%2C+TX+77055&z=16&iwloc=A&z=auto
Kim's 피아노,"7920 N. MacArthur Blvd. #1065, Irving, TX 75063",972) 998-1978,https://maps.google.com/maps?f=d&source=s_d&saddr=&daddr=7920+N.+MacArthur+Blvd.+%231065%2C+Irving%2C+TX+75063&z=16&iwloc=A&z=auto
업소록,"9887 Long Point Road, Houston, TX 77055",713) 467-6965 / 214-659-2403 / 972) 395-0786 / 281) 873-7800 / 972) 488-2560 / 469.360.1599 / 469) 542-0645 / 972) 278-5775 / 214-205-3389 / 469-995-4414,https://maps.google.com/maps?f=d&source=s_d&saddr=&daddr=9887+Long+Point+Road%2C+Houston%2C+TX+77055&z=16&iwloc=A&z=auto
만나분식,"9887 Long Point Road, Houston, TX 77055",713) 467-6965 / 214-659-2403 / 972) 395-0786 / 281) 873-7800 / 972) 488-2560 / 469.360.1599 / 469) 542-0645 / 972) 278-5775 / 214-205-3389 / 469-995-4414,https://maps.google.com/maps?f=d&source=s_d&saddr=&daddr=9887+Long+Point+Road%2C+Houston%2C+TX+77055&z=16&iwloc=A&z=auto
만나분식,"9887 Long Point Road, Houston, TX 77055",713) 467-6965,https://maps.google.com/maps?f=d&source=s_d&saddr=&daddr=9887+Long+Point+Road%2C+Houston%2C+TX+77055&z=16&iwloc=A&z=auto
JK Energy,,214-659-2403,
[email protected],,214-659-2403,
초당마을 플레이노 레가시,109 Legacy Dr. Plano TX 75023,,https://maps.google.com/maps?f=d&source=s_d&saddr=&daddr=109+Legacy+Dr.+Plano+TX+75023&z=16&iwloc=A&z=auto
Coyote Ridge Golf Club (코요테 골프 클럽),"1640 W. Hebron Pkwy, Carrollton, TX 75010",972) 395-0786,https://maps.google.com/maps?f=d&source=s_d&saddr=&daddr=1640+W.+Hebron+Pkwy%2C+Carrollton%2C+TX+75010&z=16&iwloc=A&z=auto
coyoteridgegolfclub.com,"1640 W. Hebron Pkwy, Carrollton, TX 75010",972) 395-0786,https://maps.google.com/maps?f=d&source=s_d&saddr=&daddr=1640+W.+Hebron+Pkwy%2C+Carrollton%2C+TX+75010&z=16&iwloc=A&z=auto
세아철강,"14550 Torrey Chase #345, Houston, TX 77014",281) 873-7800,https://maps.google.com/maps?f=d&source=s_d&saddr=&daddr=14550+Torrey+Chase+%23345%2C+Houston%2C+TX+77014&z=16&iwloc=A&z=auto
해피데이 (Happy Day),"2560 Royal Ln #101, Dallas, TX 75229",972) 488-2560,https://maps.google.com/maps?f=d&source=s_d&saddr=&daddr=2560+Royal+Ln+%23101%2C+Dallas%2C+TX+75229&z=16&iwloc=A&z=auto
PCR 달라스,,469.360.1599,https://www.pcrdallas.com
위니캠 (winycam dallas),"2341 Royal Ln, Dallas, TX 75229",469) 542-0645,https://maps.google.com/maps?f=d&source=s_d&saddr=&daddr=2341+Royal+Ln%2C+Dallas%2C+TX+75229&z=16&iwloc=A&z=auto
Joey Tailors,"1009 North West Highway, Garland, TX 75041",972) 278-5775,https://maps.google.com/maps?f=d&source=s_d&saddr=&daddr=1009+North+West+Highway%2C+Garland%2C+TX+75041&z=16&iwloc=A&z=auto
컨셉 디자인 홈 (Concept Design Home),,214-205-3389 / 469-995-4414,
[email protected],,214-205-3389 / 469-995-4414,
업소록,"4412 Rittiman Road, San Antonio, TX 78218",281) 255-2550 / 972) 241-1203 / 210) 882-0411 / 833) 731-5012 / 214) 444-5944 / 972-810-0884 / 512) 300-2777 / 832) 275-6695 / 214) 557-6677 / 682) 557-6149 / 8326614800,https://www.kuksoolwon.com
세계국술협회,"4412 Rittiman Road, San Antonio, TX 78218",281) 255-2550 / 972) 241-1203 / 210) 882-0411 / 833) 731-5012 / 214) 444-5944 / 972-810-0884 / 512) 300-2777 / 832) 275-6695 / 214) 557-6677 / 682) 557-6149 / 8326614800,https://www.kuksoolwon.com
세계국술협회,,281) 255-2550,https://www.kuksoolwon.com
Home Exterminating Service,,972) 241-1203,
homeexterminating.com,,972) 241-1203,
경희한의원,"4412 Rittiman Road, San Antonio, TX 78218",210) 882-0411,https://maps.google.com/maps?f=d&source=s_d&saddr=&daddr=4412+Rittiman+Road%2C+San+Antonio%2C+TX+78218&z=16&iwloc=A&z=auto
퍼시픽 랜딩 그룹 (Pacific Lending Group),"2810 E. Trinity Mills Rd. #179 Carrollton, TX 75006",833) 731-5012 / 214) 444-5944,https://www.pacificlending.net
[email protected],"2810 E. Trinity Mills Rd. #179 Carrollton, TX 75006",833) 731-5012 / 214) 444-5944,https://www.pacificlending.net
핑크 박스 (PINK BOX),"2625 Old Denton Rd #439, Carrollton, TX 75007",972-810-0884,https://maps.google.com/maps?f=d&source=s_d&saddr=&daddr=2625+Old+Denton+Rd+%23439%2C++Carrollton%2C+TX+75007&z=16&iwloc=A&z=auto
패션네이트 스피릿 (Passionate Spirits),"6808 N Lamar Blvd., Austin, TX 78752",512) 300-2777,https://maps.google.com/maps?f=d&source=s_d&saddr=&daddr=6808+N+Lamar+Blvd.%2C+Austin%2C+TX+78752&z=16&iwloc=A&z=auto
포시즌 건축 (4 Seasons Construction),"1608 Serra Dr. Little Elm, TX 75068",832) 275-6695,https://maps.google.com/maps?f=d&source=s_d&saddr=&daddr=1608+Serra+Dr.+Little+Elm%2C+TX+75068&z=16&iwloc=A&z=auto
[email protected],"1608 Serra Dr. Little Elm, TX 75068",832) 275-6695,https://maps.google.com/maps?f=d&source=s_d&saddr=&daddr=1608+Serra+Dr.+Little+Elm%2C+TX+75068&z=16&iwloc=A&z=auto
A+ Carpet Cleaning,"3110 Meadowood Drive, Garland, TX 75040",214) 557-6677,https://maps.google.com/maps?f=d&source=s_d&saddr=&daddr=3110+Meadowood+Drive%2C+Garland%2C+TX+75040&z=16&iwloc=A&z=auto
덴튼 한인침례교회,"2810 N. Locust Street, Denton, TX 76209",682) 557-6149,https://www.dentonkbc.org
[email protected],"2810 N. Locust Street, Denton, TX 76209",682) 557-6149,https://www.dentonkbc.org
코엘커뮤니티 뮤직아카데미,"5757 Ranchester., #1200, Houston, TX 77036",8326614800,https://maps.google.com/maps?f=d&source=s_d&saddr=&daddr=5757+Ranchester.%2C+%231200%2C+Houston%2C+TX+77036&z=16&iwloc=A&z=auto
업소록,"1601 Dallas Pkwy. Frisco, TX 75034",972) 774-8311 / 817) 410-7500 / 866) 243-5604 / 972) 268-6338 / 713) 339-4472 / 713) 937-7885 / 214) 517-4574 / 214) 699-1573 / 949-307-8528 / 817) 460-1199 / 713) 722-7111,https://maps.google.com/maps?f=d&source=s_d&saddr=&daddr=1601+Dallas+Pkwy.+Frisco%2C+TX+75034&z=16&iwloc=A&z=auto
혼다 HONDA (David McDavid Honda of Frisco),"1601 Dallas Pkwy. Frisco, TX 75034",972) 774-8311 / 817) 410-7500 / 866) 243-5604 / 972) 268-6338 / 713) 339-4472 / 713) 937-7885 / 214) 517-4574 / 214) 699-1573 / 949-307-8528 / 817) 460-1199 / 713) 722-7111,https://maps.google.com/maps?f=d&source=s_d&saddr=&daddr=1601+Dallas+Pkwy.+Frisco%2C+TX+75034&z=16&iwloc=A&z=auto
혼다 HONDA (David McDavid Honda of Frisco),"1601 Dallas Pkwy. Frisco, TX 75034",972) 774-8311,https://maps.google.com/maps?f=d&source=s_d&saddr=&daddr=1601+Dallas+Pkwy.+Frisco%2C+TX+75034&z=16&iwloc=A&z=auto
지프 JEEP DODGE (Jeep Dodge),"2601 William D Tate Ave, Grapevine, TX 76051",817) 410-7500 / 866) 243-5604,https://www.grapevinedcj.com
"(Mon-Fri) 7:00am ~ 7:00pm, (Sat) 7:00am ~ 5:00pm","2601 William D Tate Ave, Grapevine, TX 76051",817) 410-7500 / 866) 243-5604,https://www.grapevinedcj.com
루민종합병원 Lumin Care (Flower Mound),"2628 Long Prairie Rd #107, Flower Mound, TX 75022",972) 268-6338,https://maps.google.com/maps?f=d&source=s_d&saddr=&daddr=2628+Long+Prairie+Rd+%23107%2C+Flower+Mound%2C+TX+75022&z=16&iwloc=A&z=auto
lumincare.luminhealth.com/,"2628 Long Prairie Rd #107, Flower Mound, TX 75022",972) 268-6338,https://maps.google.com/maps?f=d&source=s_d&saddr=&daddr=2628+Long+Prairie+Rd+%23107%2C+Flower+Mound%2C+TX+75022&z=16&iwloc=A&z=auto
스테이지 도어 뷰티살롱,"9430 Richmond Ave. #B, Houston, TX 77063",713) 339-4472,https://maps.google.com/maps?f=d&source=s_d&saddr=&daddr=9430+Richmond+Ave.+%23B%2C+Houston%2C+TX+77063&z=16&iwloc=A&z=auto
국술원 (스프링),"26403 Oakridge Drive, Spring, TX 77380",713) 937-7885,https://maps.google.com/maps?f=d&source=s_d&saddr=&daddr=26403+Oakridge+Drive%2C+Spring%2C+TX+77380&z=16&iwloc=A&z=auto
미션 달라스,"3520 Mason Drive, Plano, TX 75025",214) 517-4574,https://ko-kr.facebook.com/pg/missiondallas4u/about/
[email protected],"3520 Mason Drive, Plano, TX 75025",214) 517-4574,https://ko-kr.facebook.com/pg/missiondallas4u/about/
Central Plaza,"11441 N. Stemmons Freeway, Dallas, TX 75229",214) 699-1573,https://maps.google.com/maps?f=d&source=s_d&saddr=&daddr=11441+N.+Stemmons+Freeway%2C+Dallas%2C+TX+75229&z=16&iwloc=A&z=auto
JY(제이와이) AC,,949-307-8528,
[email protected],,949-307-8528,
알링턴 한미제일침례교회,"721 Woodrow St., Arlington, TX 76012",817) 460-1199,http://www.kafbc.org
질러 가라오케,"10179 West View Drive, Houston, TX 77043",713) 722-7111,https://maps.google.com/maps?f=d&source=s_d&saddr=&daddr=10179+West+View+Drive%2C+Houston%2C+TX+77043&z=16&iwloc=A&z=auto
업소록,"1706 Bingle Road, Houston, TX 77055",713) 465-2682 / 713) 266-6006 / 972) 484-1564 / 469) 522-1516 / 817) 521-1626 / 972) 633-1321 / 512) 248-2442 / 214) 902-2230 / 972) 490-4545 / 713) 922-0086 / 281) 495-1581 / 972) 241-9209 / 241) 566-8977,http://www.stakim.org
휴스턴 한인 천주 교회,"1706 Bingle Road, Houston, TX 77055",713) 465-2682 / 713) 266-6006 / 972) 484-1564 / 469) 522-1516 / 817) 521-1626 / 972) 633-1321 / 512) 248-2442 / 214) 902-2230 / 972) 490-4545 / 713) 922-0086 / 281) 495-1581 / 972) 241-9209 / 241) 566-8977,http://www.stakim.org
휴스턴 한인 천주 교회,"1706 Bingle Road, Houston, TX 77055",713) 465-2682,http://www.stakim.org
[email protected],"1706 Bingle Road, Houston, TX 77055",713) 465-2682,http://www.stakim.org
로얄상점장비,"7501 Harwin Dr. #102-C, Houston, TX 77036",713) 266-6006,https://maps.google.com/maps?f=d&source=s_d&saddr=&daddr=7501+Harwin+Dr.+%23102-C%2C+Houston%2C+TX+77036&z=16&iwloc=A&z=auto
Sam Mi Wholesale,"11363 Denton Dr. #301, Dallas, TX 75229",972) 484-1564 / 469) 522-1516,https://maps.google.com/maps?f=d&source=s_d&saddr=&daddr=11363+Denton+Dr.+%23301%2C+Dallas%2C+TX+75229&z=16&iwloc=A&z=auto
sammitrading.com,"11363 Denton Dr. #301, Dallas, TX 75229",972) 484-1564 / 469) 522-1516,https://maps.google.com/maps?f=d&source=s_d&saddr=&daddr=11363+Denton+Dr.+%23301%2C+Dallas%2C+TX+75229&z=16&iwloc=A&z=auto
Apple Financial Aid,"2625 N. Josey Ln. #116, Carrollton, TX 75007",817) 521-1626,https://maps.google.com/maps?f=d&source=s_d&saddr=&daddr=2625+N.+Josey+Ln.+%23116%2C+Carrollton%2C+TX+75007&z=16&iwloc=A&z=auto
이지수 헤어 원,"3420 K Ave. #212, Plano, TX 75074",972) 633-1321,https://maps.google.com/maps?f=d&source=s_d&saddr=&daddr=3420+K+Ave.+%23212%2C+Plano%2C+TX+75074&z=16&iwloc=A&z=auto
Avery Ranch Golf Club,"10500 Avery Club, Austin, TX 78717",512) 248-2442,http://www.averyranchgolf.com
인피니티 INFINITI (Sewell Infiniti),"7110 Lemmon Avenue, Dallas, TX 75209",214) 902-2230 / 972) 490-4545,http://www.sewellinfiniti-dallas.com
"(Mon-Fri) 8:00am ~ 8:00pm, (Sat) 8:00am ~ 6:00pm","7110 Lemmon Avenue, Dallas, TX 75209",214) 902-2230 / 972) 490-4545,http://www.sewellinfiniti-dallas.com
Hope Tree Home Loans,"3901 Bellaire Street, Houston, TX 77025",713) 922-0086,https://maps.google.com/maps?f=d&source=s_d&saddr=&daddr=3901+Bellaire+Street%2C+Houston%2C+TX+77025&z=16&iwloc=A&z=auto
엔젤스 보석시계,"14315 Bellaire Blvd., Houston, TX 77083",281) 495-1581,https://maps.google.com/maps?f=d&source=s_d&saddr=&daddr=14315+Bellaire+Blvd.%2C+Houston%2C+TX+77083&z=16&iwloc=A&z=auto
아시아나 플라자 (Asiana Plaza),"2240 Royal Lane #211, Dallas, TX 75229",972) 241-9209 / 241) 566-8977,https://maps.google.com/maps?f=d&source=s_d&saddr=&daddr=2240+Royal+Lane+%23211%2C+Dallas%2C+TX+75229&z=16&iwloc=A&z=auto
업소록,"9501 Long Point Rd. #G, Houston, TX 77055",713) 468-2800 / 281) 821-3333 / 972) 270-7805 / 972-241-1742 / 214-429-1776 / 888-941-3311 / 469-388-3456 / 972-695-6666 / 972.757.4380 / 817.443.8771 / 214) 417-9269 / 972) 242-7818,https://maps.google.com/maps?f=d&source=s_d&saddr=&daddr=9501+Long+Point+Rd.+%23G%2C+Houston%2C+TX+77055&z=16&iwloc=A&z=auto
고려원,"9501 Long Point Rd. #G, Houston, TX 77055",713) 468-2800 / 281) 821-3333 / 972) 270-7805 / 972-241-1742 / 214-429-1776 / 888-941-3311 / 469-388-3456 / 972-695-6666 / 972.757.4380 / 817.443.8771 / 214) 417-9269 / 972) 242-7818,https://maps.google.com/maps?f=d&source=s_d&saddr=&daddr=9501+Long+Point+Rd.+%23G%2C+Houston%2C+TX+77055&z=16&iwloc=A&z=auto
고려원,"9501 Long Point Rd. #G, Houston, TX 77055",713) 468-2800,https://maps.google.com/maps?f=d&source=s_d&saddr=&daddr=9501+Long+Point+Rd.+%23G%2C+Houston%2C+TX+77055&z=16&iwloc=A&z=auto
김세준 임플란트,"132 FM 1960 E. #C, Houston, TX 77073",281) 821-3333,https://maps.google.com/maps?f=d&source=s_d&saddr=&daddr=132+FM+1960+E.+%23C%2C+Houston%2C+TX+77073&z=16&iwloc=A&z=auto
Iron Chefs,"3811 Pavillion Court, Mesquite, TX 75150",972) 270-7805,https://maps.google.com/maps?f=d&source=s_d&saddr=&daddr=3811+Pavillion+Court%2C+Mesquite%2C+TX+75150&z=16&iwloc=A&z=auto
박승철 헤어 스투디오,"2625 Old Denton Rd #440 Carrollton, TX 75007",972-241-1742 / 214-429-1776,https://maps.google.com/maps?f=d&source=s_d&saddr=&daddr=2625+Old+Denton+Rd+%23440+Carrollton%2C+TX+75007&z=16&iwloc=A&z=auto
우메켄(UMEKEN),,888-941-3311,https://www.umeken.com
[email protected],,888-941-3311,https://www.umeken.com
리사손 부동산,"1220 W. Trinity Mills Rd. Ste 252, Carrollton, TX 75006",469-388-3456,https://maps.google.com/maps?f=d&source=s_d&saddr=&daddr=1220+W.+Trinity+Mills+Rd.+Ste+252%2C+Carrollton%2C+TX+75006&z=16&iwloc=A&z=auto
명랑 핫도그,"2625 Old Denton Rd. Carrollton, TX 75007",972-695-6666,https://maps.google.com/maps?f=d&source=s_d&saddr=&daddr=2625+Old+Denton+Rd.+Carrollton%2C+TX+75007&z=16&iwloc=A&z=auto
달라스 한국 어머니회,"2460 Old Denton Rd. #200, Carrollton, TX 75007",972.757.4380 / 817.443.8771,https://maps.google.com/maps?f=d&source=s_d&saddr=&daddr=2460+Old+Denton+Rd.+%23200%2C+Carrollton%2C+TX+75007&z=16&iwloc=A&z=auto
이웃사랑교회,"2525 Royal Ln. #330, Dallas, TX 75229",214) 417-9269,https://maps.google.com/maps?f=d&source=s_d&saddr=&daddr=2525+Royal+Ln.+%23330%2C+Dallas%2C+TX+75229&z=16&iwloc=A&z=auto
글로리 여행사,"2134 Sunstone Drive, Carrollton, TX 75006",972) 242-7818,https://www.blog.naver.com/4glorytravel
업소록,"9504 Long Point Rd. #A, Houston, TX 77055",832) 767-6818 / 972) 488-8888 / 214)730-9240 / 972) 735-9024 / 817) 732-6797 / 972.697.1651 / 469) 671-5584 / 214) 991-6214 / 214) 636-4694 / 281) 758-3878 / 501) 372-1110,https://maps.google.com/maps?f=d&source=s_d&saddr=&daddr=9504+Long+Point+Rd.+%23A%2C+Houston%2C+TX+77055&z=16&iwloc=A&z=auto
소나무가든,"9504 Long Point Rd. #A, Houston, TX 77055",832) 767-6818 / 972) 488-8888 / 214)730-9240 / 972) 735-9024 / 817) 732-6797 / 972.697.1651 / 469) 671-5584 / 214) 991-6214 / 214) 636-4694 / 281) 758-3878 / 501) 372-1110,https://maps.google.com/maps?f=d&source=s_d&saddr=&daddr=9504+Long+Point+Rd.+%23A%2C+Houston%2C+TX+77055&z=16&iwloc=A&z=auto
소나무가든,"9504 Long Point Rd. #A, Houston, TX 77055",832) 767-6818,https://maps.google.com/maps?f=d&source=s_d&saddr=&daddr=9504+Long+Point+Rd.+%23A%2C+Houston%2C+TX+77055&z=16&iwloc=A&z=auto
Free Check Cashing,"2527 Royal Ln. #100, Dallas, TX 75229",972) 488-8888,https://maps.google.com/maps?f=d&source=s_d&saddr=&daddr=2527+Royal+Ln.+%23100%2C+Dallas%2C+TX+75229&z=16&iwloc=A&z=auto
조건희 부동산,,214)730-9240,
[email protected],,214)730-9240,
벧엘 장로교회,"17990 Midway Road, Dallas, TX 75287",972) 735-9024,https://maps.google.com/maps?f=d&source=s_d&saddr=&daddr=17990+Midway+Road%2C+Dallas%2C+TX+75287&z=16&iwloc=A&z=auto
릴렉스 더 백 (Relax The Back),"5916 Curzon Ave, Fort Worth, TX 76107",817) 732-6797,https://www.relaxtheback.com
(Mon-Sat) 10:00am ~ 6:00pm,"5916 Curzon Ave, Fort Worth, TX 76107",817) 732-6797,https://www.relaxtheback.com
퍼시픽 식품도매 / 식당 서플라이 Pacific Plus,"13241 Valley Branch Ln. #200, Farmers Branch, TX 75234",972.697.1651,https://maps.google.com/maps?f=d&source=s_d&saddr=&daddr=13241+Valley+Branch+Ln.+%23200%2C+Farmers+Branch%2C+TX+75234&z=16&iwloc=A&z=auto
론스타 토요타 (Lone Star Toyota of Lewisville),"1547 S Stemmons Fwy, Lewisville, TX 75067",469) 671-5584 / 214) 991-6214,http://www.lonestartoyotalewisville.com/
[email protected],"1547 S Stemmons Fwy, Lewisville, TX 75067",469) 671-5584 / 214) 991-6214,http://www.lonestartoyotalewisville.com/
세계 국제결혼여성회 (한미 여성),,214) 636-4694,
코비헤나,"24100 N.W. Frwy. #100, Cypress, TX 77429",281) 758-3878,https://maps.google.com/maps?f=d&source=s_d&saddr=&daddr=24100+N.W.+Frwy.+%23100%2C+Cypress%2C+TX+77429&z=16&iwloc=A&z=auto
카나 푸드 스토어 (Cana Food Store),"1524 Pike Avenue, North Little Rock, AR 72201",501) 372-1110,https://maps.google.com/maps?f=d&source=s_d&saddr=&daddr=1524+Pike+Avenue%2C+North+Little+Rock%2C+AR+72201&z=16&iwloc=A&z=auto
업소록,"11834 Harry Hines Blvd. #109 Dallas, TX 75234",469-567-3810 / 972) 862-8200 / 896-7846 / 972.438.4636 / 214-403-0601 / 972) 241-5786 / 972) 243-4919 / 469.248.2356 / 469.919.2425 / 972.939.8989 / 214.998.1706 / 469-818-7710 / 713) 780-9253,https://www.uniteddentalgroup.com
United Dental Group (유디치과 병원_1불 행복 스켈링),"11834 Harry Hines Blvd. #109 Dallas, TX 75234",469-567-3810 / 972) 862-8200 / 896-7846 / 972.438.4636 / 214-403-0601 / 972) 241-5786 / 972) 243-4919 / 469.248.2356 / 469.919.2425 / 972.939.8989 / 214.998.1706 / 469-818-7710 / 713) 780-9253,https://www.uniteddentalgroup.com
United Dental Group (유디치과 병원_1불 행복 스켈링),"11834 Harry Hines Blvd. #109 Dallas, TX 75234",469-567-3810,https://www.uniteddentalgroup.com
[email protected],"11834 Harry Hines Blvd. #109 Dallas, TX 75234",469-567-3810,https://www.uniteddentalgroup.com
샬롱뷰틱 (Salon Boutique),,972) 862-8200,https://maps.google.com/maps?f=d&source=s_d&saddr=&daddr=6400+Plano+Pkwy.+%23135%2C+Plano%2C+TX75093&z=16&iwloc=A&z=auto
프리스전 정형외과 (Precision Orthopedics & Sports Medicine),,896-7846 / 972.438.4636,https://www.precisionorthosports.com
"얼빙, 사우스레이크, 포트워스",,896-7846 / 972.438.4636,https://www.precisionorthosports.com
동아 전기,,214-403-0601,
Starz Body Jewelry,"11528 Harry Hines Blvd. #A104, Dallas, TX 75229",972) 241-5786 / 972) 243-4919,http://www.25cbj.com
[email protected],"11528 Harry Hines Blvd. #A104, Dallas, TX 75229",972) 241-5786 / 972) 243-4919,http://www.25cbj.com
킹짬뽕,"2216 Royal Ln. #119, Dallas, TX 75229",469.248.2356,https://maps.google.com/maps?f=d&source=s_d&saddr=&daddr=2216+Royal+Ln.+%23119%2C+Dallas%2C+TX+75229&z=16&iwloc=A&z=auto
스시 스타 (Sushi Star),"2405 S. Stemmons Fwy, Lewisville, TX 75067 (시온마켓 푸드코트)",469.919.2425,https://maps.google.com/maps?f=d&source=s_d&saddr=&daddr=2405+S.+Stemmons+Fwy%2C+Lewisville%2C+TX+75067+%28%EC%8B%9C%EC%98%A8%EB%A7%88%EC%BC%93+%ED%91%B8%EB%93%9C%EC%BD%94%ED%8A%B8%29&z=16&iwloc=A&z=auto
벤리종합보험,"1060 W Frankford Rd., #106, Carrollton, TX 75007",972.939.8989 / 214.998.1706,https://maps.google.com/maps?f=d&source=s_d&saddr=&daddr=1060+W+Frankford+Rd.%2C+%23106%2C+Carrollton%2C+TX+75007&z=16&iwloc=A&z=auto
[email protected],"1060 W Frankford Rd., #106, Carrollton, TX 75007",972.939.8989 / 214.998.1706,https://maps.google.com/maps?f=d&source=s_d&saddr=&daddr=1060+W+Frankford+Rd.%2C+%23106%2C+Carrollton%2C+TX+75007&z=16&iwloc=A&z=auto
The Klass Lounge Bar,"2560 Royal Ln Dallas, TX 75229",469-818-7710,https://maps.google.com/maps?f=d&source=s_d&saddr=&daddr=2560+Royal+Ln+Dallas%2C+TX+75229&z=16&iwloc=A&z=auto
유 에스 스포츠,"6701 Harwin Dr. #101, Houston, TX 77036",713) 780-9253,https://maps.google.com/maps?f=d&source=s_d&saddr=&daddr=6701+Harwin+Dr.+%23101%2C+Houston%2C+TX+77036&z=16&iwloc=A&z=auto
업소록,"2625 Old Denton Rd #242, Carrollton, TX 75007",469) 235-2282 / 832) 876-8111 / 713) 985-6714 / 214)-516-0000 / 972) 247-0955 / 469.888.4028 / 817) 902-2486 / 469.748.0960 / 713) 529-5656 / 512) 453-7868,https://maps.google.com/maps?f=d&source=s_d&saddr=&daddr=2625+Old+Denton+Rd+%23242%2C+Carrollton%2C+TX+75007&z=16&iwloc=A&z=auto
삼성컴텍,"2625 Old Denton Rd #242, Carrollton, TX 75007",469) 235-2282 / 832) 876-8111 / 713) 985-6714 / 214)-516-0000 / 972) 247-0955 / 469.888.4028 / 817) 902-2486 / 469.748.0960 / 713) 529-5656 / 512) 453-7868,https://maps.google.com/maps?f=d&source=s_d&saddr=&daddr=2625+Old+Denton+Rd+%23242%2C+Carrollton%2C+TX+75007&z=16&iwloc=A&z=auto
삼성컴텍,"2625 Old Denton Rd #242, Carrollton, TX 75007",469) 235-2282,https://maps.google.com/maps?f=d&source=s_d&saddr=&daddr=2625+Old+Denton+Rd+%23242%2C+Carrollton%2C+TX+75007&z=16&iwloc=A&z=auto
휴스턴 특전사 전우회,,832) 876-8111,
악세사리 플라자,"8000 Harwin Dr. #410, Houston, TX 77036",713) 985-6714,https://maps.google.com/maps?f=d&source=s_d&saddr=&daddr=8000+Harwin+Dr.+%23410%2C+Houston%2C+TX+77036&z=16&iwloc=A&z=auto
accessoryplaza.com,"8000 Harwin Dr. #410, Houston, TX 77036",713) 985-6714,https://maps.google.com/maps?f=d&source=s_d&saddr=&daddr=8000+Harwin+Dr.+%23410%2C+Houston%2C+TX+77036&z=16&iwloc=A&z=auto
한국 전자,"2216 Royal Ln., Dallas, TX 75229",214)-516-0000,https://maps.google.com/maps?f=d&source=s_d&saddr=&daddr=2216+Royal+Ln.%2C+Dallas%2C+TX+75229&z=16&iwloc=A&z=auto
SM Imprinting,"2529 Royal Ln. #200, Dallas, TX 75229",972) 247-0955,https://maps.google.com/maps?f=d&source=s_d&saddr=&daddr=2529+Royal+Ln.+%23200%2C+Dallas%2C+TX+75229&z=16&iwloc=A&z=auto
CT Law Group (서이탁 변호사),,469.888.4028,https://www.ctlawusa.com
[email protected],,469.888.4028,https://www.ctlawusa.com
Risen Church,"2810 N. Locust Street, Denton, TX 76201",817) 902-2486,https://www.risendenton.com
AFM 머천트 서비스,,469.748.0960,https://www.afmpay.com
양희경 치과,"2528 Sunset Blvd, Houston, TX 77005",713) 529-5656,https://maps.google.com/maps?f=d&source=s_d&saddr=&daddr=2528+Sunset+Blvd%2C+Houston%2C+TX+77005&z=16&iwloc=A&z=auto
비너스 (구 한양노래방),"5501 N. Lamar Boulevard, Austin, TX 78751",512) 453-7868,https://maps.google.com/maps?f=d&source=s_d&saddr=&daddr=5501+N.+Lamar+Boulevard%2C+Austin%2C+TX+78751&z=16&iwloc=A&z=auto
업소록,"2560 Royal Ln. #114, Dallas, TX 75229",972) 620-2875 / 617) 314-3279 / 817) 793-3183 / 682-323-8386 / 469) 396-6149 / 214) 254-6113 / 972) 245-4768 / 214) 680-0133 / 832) 366-7070 / 972) 458-7888,https://www.cha2875.com
차호성 치과,"2560 Royal Ln. #114, Dallas, TX 75229",972) 620-2875 / 617) 314-3279 / 817) 793-3183 / 682-323-8386 / 469) 396-6149 / 214) 254-6113 / 972) 245-4768 / 214) 680-0133 / 832) 366-7070 / 972) 458-7888,https://www.cha2875.com
차호성 치과,"2560 Royal Ln. #114, Dallas, TX 75229",972) 620-2875,https://www.cha2875.com
"(Mon, Wed) 9:00am ~ 3:00pm, (Tue, Thur, Fri) 9:00am ~ 6:00pm, (Sat) 9:00am ~ 1:00pm","2560 Royal Ln. #114, Dallas, TX 75229",972) 620-2875,https://www.cha2875.com
달라스 서광 침례교회,"3700 Valley View Lane, Farmers Branch, TX 75244",617) 314-3279,https://maps.google.com/maps?f=d&source=s_d&saddr=&daddr=3700+Valley+View+Lane%2C+Farmers+Branch%2C+TX+75244&z=16&iwloc=A&z=auto
세워지는교회,"4396 Main Street, The Colony, TX 75056",817) 793-3183,https://maps.google.com/maps?f=d&source=s_d&saddr=&daddr=4396+Main+Street%2C+The+Colony%2C+TX+75056&z=16&iwloc=A&z=auto
blog.daum.net/skbcus,"4396 Main Street, The Colony, TX 75056",817) 793-3183,https://maps.google.com/maps?f=d&source=s_d&saddr=&daddr=4396+Main+Street%2C+The+Colony%2C+TX+75056&z=16&iwloc=A&z=auto
오미 알링턴 점 (Omi Korean Grill & Bar),"226 Lincoln Square Arlignton, TX 76011",682-323-8386,https://maps.google.com/maps?f=d&source=s_d&saddr=&daddr=226+Lincoln+Square+Arlignton%2C+TX+76011&z=16&iwloc=A&z=auto
omikoreanbbq.com,"226 Lincoln Square Arlignton, TX 76011",682-323-8386,https://maps.google.com/maps?f=d&source=s_d&saddr=&daddr=226+Lincoln+Square+Arlignton%2C+TX+76011&z=16&iwloc=A&z=auto
텍사스 타이어,"9717 Webb Chapel Rd., Dallas, TX 75220",469) 396-6149,https://maps.google.com/maps?f=d&source=s_d&saddr=&daddr=9717+Webb+Chapel+Rd.%2C+Dallas%2C+TX+75220&z=16&iwloc=A&z=auto
Mega Card Solution,"2525 Royal Ln #314, Dallas, TX 75229",214) 254-6113,https://maps.google.com/maps?f=d&source=s_d&saddr=&daddr=2525+Royal+Ln+%23314%2C+Dallas%2C+TX+75229&z=16&iwloc=A&z=auto
H-Gift Shop,"2625 Old Denton Road #208, Carrollton, TX 75007",972) 245-4768,https://maps.google.com/maps?f=d&source=s_d&saddr=&daddr=2625+Old+Denton+Road+%23208%2C+Carrollton%2C+TX+75007&z=16&iwloc=A&z=auto
정귀섭 부동산,"2828 Trinity Mill Rd. #121, Carrollton, TX 75006",214) 680-0133,https://maps.google.com/maps?f=d&source=s_d&saddr=&daddr=2828+Trinity+Mill+Rd.+%23121%2C+Carrollton%2C+TX+75006&z=16&iwloc=A&z=auto
HYMR Group,"1240 Blalock Rd. #253, Houston, TX 77055",832) 366-7070,https://maps.google.com/maps?f=d&source=s_d&saddr=&daddr=1240+Blalock+Rd.+%23253%2C+Houston%2C+TX+77055&z=16&iwloc=A&z=auto
Jaxx Steakhouse,"14925 Midway Rd. #101, Addison, TX 75001",972) 458-7888,https://www.jaxxsteakhouse.com
업소록,"2515 Fabens Rd, Dallas, TX 75229",214) 557-9141 / 972) 484-3500 / 469) 407-4411 / 972)695-6666 / 254) 200-1170 / 972) 889-6688 / 512) 339-0234 / 469) 441-7007 / 213) 703-0769 / 832) 439-6744,http://www.everconstruction.com
공항 택시,"2515 Fabens Rd, Dallas, TX 75229",214) 557-9141 / 972) 484-3500 / 469) 407-4411 / 972)695-6666 / 254) 200-1170 / 972) 889-6688 / 512) 339-0234 / 469) 441-7007 / 213) 703-0769 / 832) 439-6744,http://www.everconstruction.com
공항 택시,,214) 557-9141,
Ever 종합 설계 및 건설(주),"2515 Fabens Rd, Dallas, TX 75229",972) 484-3500,http://www.everconstruction.com
[email protected],"2515 Fabens Rd, Dallas, TX 75229",972) 484-3500,http://www.everconstruction.com
갈보리 선교 교회,"4401 N. State Hwy #161, Irving, TX 75038",469) 407-4411,https://maps.google.com/maps?f=d&source=s_d&saddr=&daddr=4401+N.+State+Hwy+%23161%2C+Irving%2C+TX+75038&z=16&iwloc=A&z=auto
Oh K-Dog & Egg Toast (캐를톤 지점),"2625 Old denton Rd #314, Carrollton, TX 75007",972)695-6666,https://maps.google.com/maps?f=d&source=s_d&saddr=&daddr=2625+Old+denton+Rd+%23314%2C+Carrollton%2C+TX+75007&z=16&iwloc=A&z=auto
SK 건축,"4015 Veterans Memorial Blvd., Killeen, TX 76543",254) 200-1170,http://www.skrcc.com
[email protected],"4015 Veterans Memorial Blvd., Killeen, TX 76543",254) 200-1170,http://www.skrcc.com
East West Bank (리차드슨점),"275 W. Campbell Rd. #111, Richardson, TX 75080",972) 889-6688,http://www.eastwestbank.com
코리안 그릴,"10901 N. Lamar Blvd. #B204, Austin, TX 78753",512) 339-0234,https://maps.google.com/maps?f=d&source=s_d&saddr=&daddr=10901+N.+Lamar+Blvd.+%23B204%2C+Austin%2C+TX+78753&z=16&iwloc=A&z=auto
달라스 한인기독회관,"2633 Royal Ln. #103, Dallas, TX 75229",469) 441-7007,https://maps.google.com/maps?f=d&source=s_d&saddr=&daddr=2633+Royal+Ln.+%23103%2C+Dallas%2C+TX+75229&z=16&iwloc=A&z=auto
CMF 선교원 달라스 지부,"2032 Royal Ln. #1103, Dallas, TX 75229",213) 703-0769,https://maps.google.com/maps?f=d&source=s_d&saddr=&daddr=2032+Royal+Ln.+%231103%2C+Dallas%2C+TX+75229&z=16&iwloc=A&z=auto
윤스 헤어,"17758 Katy Freeway #2A, Houston, TX 77094",832) 439-6744,https://maps.google.com/maps?f=d&source=s_d&saddr=&daddr=17758+Katy+Freeway+%232A%2C+Houston%2C+TX+77094&z=16&iwloc=A&z=auto
업소록,"4649 S. Colony Blvd, The Colony, TX 75056",469) 235-8041 / 405) 414-1066 / 131516640360476 / 972-974-4570 / 945.400.9667 / 832) 767-6818 / 972.816.5614 / 972.236.5000 / 713) 682-2999 / 817) 846-8800 / 972) 255-4164 / 469) 471-1011,https://www.heavenstory.org
북부 중앙 연합 감리교회,"4649 S. Colony Blvd, The Colony, TX 75056",469) 235-8041 / 405) 414-1066 / 131516640360476 / 972-974-4570 / 945.400.9667 / 832) 767-6818 / 972.816.5614 / 972.236.5000 / 713) 682-2999 / 817) 846-8800 / 972) 255-4164 / 469) 471-1011,https://www.heavenstory.org
북부 중앙 연합 감리교회,"4649 S. Colony Blvd, The Colony, TX 75056",469) 235-8041,https://www.heavenstory.org
오클라호마 한인학교,https://www.facebook.com/Oklahoma-Korean-School-131516640360476/?fref=nf,405) 414-1066 / 131516640360476,https://www.facebook.com/Oklahoma-Korean-School-131516640360476/?fref=nf
Global Painting,"9380 Snowberry Dr., Frisco, TX 75034",972-974-4570,https://maps.google.com/maps?f=d&source=s_d&saddr=&daddr=9380+Snowberry+Dr.%2C+Frisco%2C+TX+75034&z=16&iwloc=A&z=auto
순복음 반석위에 교회,"555 Manco Rd. Lewisville, TX 75067",945.400.9667,https://maps.google.com/maps?f=d&source=s_d&saddr=&daddr=555+Manco+Rd.+Lewisville%2C+TX+75067&z=16&iwloc=A&z=auto
포차나무,"9504 Long Point Rd. #4, Houston, TX 77055",832) 767-6818,https://maps.google.com/maps?f=d&source=s_d&saddr=&daddr=9504+Long+Point+Rd.+%234%2C+Houston%2C+TX+77055&z=16&iwloc=A&z=auto
북텍사스 한국 여성회,"11500 N. Stemmons Fwy., Dallas, TX 75229",972.816.5614 / 972.236.5000,https://maps.google.com/maps?f=d&source=s_d&saddr=&daddr=11500+N.+Stemmons+Fwy.%2C+Dallas%2C+TX+75229&z=16&iwloc=A&z=auto
권철희 합동법률사무소,"9610 Long Point Rd. #310, Houston, TX 77055",713) 682-2999,https://maps.google.com/maps?f=d&source=s_d&saddr=&daddr=9610+Long+Point+Rd.+%23310%2C+Houston%2C+TX+77055&z=16&iwloc=A&z=auto
달라스 해병대 전우회,"2534 Royal Ln. #101, Dallas, TX 75229",817) 846-8800,https://maps.google.com/maps?f=d&source=s_d&saddr=&daddr=2534+Royal+Ln.+%23101%2C+Dallas%2C+TX+75229&z=16&iwloc=A&z=auto
Kids & Grownups Dental,"2651 Texas Drive, Irving, TX 75062",972) 255-4164,https://www.facebook.com/KidsandGrownupsDental/
"(Mon) 10:00am ~ 6:00pm, (Tue-Wed) 7:00am ~ 4:00pm, (Thur) 7:00am ~ 4:00pm, (Fri) 7:30am ~ 12:30pm","2651 Texas Drive, Irving, TX 75062",972) 255-4164,https://www.facebook.com/KidsandGrownupsDental/
누리엘휄로쉽교회,"2550 Kelly Blvd., Carrollton, TX 75011",469) 471-1011,https://www.nurielfellowship.com
업소록,"15910 US Hwy 377, Fort Worth, TX 76126",682.553.2481 / 281) 558-8338 / 214) 287-0904 / 512-416-8321 / 512) 259-3333 / 469) 235-8614 / 214) 426-0067 / 972) 416-0416 / 972) 323-7998 / 210) 822-8846,https://www.tbkbc.org
벤브룩 한인 침례교회,"15910 US Hwy 377, Fort Worth, TX 76126",682.553.2481 / 281) 558-8338 / 214) 287-0904 / 512-416-8321 / 512) 259-3333 / 469) 235-8614 / 214) 426-0067 / 972) 416-0416 / 972) 323-7998 / 210) 822-8846,https://www.tbkbc.org
벤브룩 한인 침례교회,"15910 US Hwy 377, Fort Worth, TX 76126",682.553.2481,https://www.tbkbc.org
옴니 웨스트사이드 호텔,"13210 Katy Frwy, Houston, TX 77079",281) 558-8338,https://www.omnihotel.com
아이 몬테소리 유치원,"1121 Kimwest Pkwy #150, Las Colinas, TX 75063",214) 287-0904,https://maps.google.com/maps?f=d&source=s_d&saddr=&daddr=1121+Kimwest+Pkwy+%23150%2C+Las+Colinas%2C+TX+75063&z=16&iwloc=A&z=auto
"전기, 스팀 보일러 다리미",,512-416-8321,
몬테소리,"3017 Polar Lane, Cedar Park, TX 78613",512) 259-3333,https://maps.google.com/maps?f=d&source=s_d&saddr=&daddr=3017+Polar+Lane%2C+Cedar+Park%2C+TX+78613&z=16&iwloc=A&z=auto
미나속눈썹연장,"5100 Whisper Dr., Fort Worth, TX 76123",469) 235-8614,http://www.glowaxnlashes.com
Super Save Beer & Wine,"3629 Holmes St., Dallas, TX 75215",214) 426-0067,https://maps.google.com/maps?f=d&source=s_d&saddr=&daddr=3629+Holmes+St.%2C+Dallas%2C+TX+75215&z=16&iwloc=A&z=auto
Prudenial (브라이언 김),"2695 Villa Creek Dr. #215, Dallas, TX 75234",972) 416-0416,https://www.prudential.com/us/hong.kim
[email protected],"2695 Villa Creek Dr. #215, Dallas, TX 75234",972) 416-0416,https://www.prudential.com/us/hong.kim
Boiling Wok,"2528 Old Denton Road, Carrollton, TX 75006",972) 323-7998,https://www.boilingwok.com
(Mon-Sun) 11:00am ~ 10:00pm,"2528 Old Denton Road, Carrollton, TX 75006",972) 323-7998,https://www.boilingwok.com
명가원,"4400 Rittiman Road, San Antonio, TX 78218",210) 822-8846,https://maps.google.com/maps?f=d&source=s_d&saddr=&daddr=4400+Rittiman+Road%2C+San+Antonio%2C+TX+78218&z=16&iwloc=A&z=auto
업소록,"10888 Shady Trail, Dallas, TX 75220",972.241.3900 / 713) 594-3373 / 214) 745-1080 / 972) 881-1765 / 214) 924-3962 / 972-400-3787 / 972) 646-0072 / 713) 827-0063 / 512) 761-4222 / 512) 970-2688 / 254) 681-6063,https://maps.google.com/maps?f=d&source=s_d&saddr=&daddr=2254+Royal+Ln.+Dallas%2C+75229&z=16&iwloc=A&z=auto
JOA Korean BBQ (조아 코리안 BBQ),"10888 Shady Trail, Dallas, TX 75220",972.241.3900 / 713) 594-3373 / 214) 745-1080 / 972) 881-1765 / 214) 924-3962 / 972-400-3787 / 972) 646-0072 / 713) 827-0063 / 512) 761-4222 / 512) 970-2688 / 254) 681-6063,https://maps.google.com/maps?f=d&source=s_d&saddr=&daddr=2254+Royal+Ln.+Dallas%2C+75229&z=16&iwloc=A&z=auto
JOA Korean BBQ (조아 코리안 BBQ),,972.241.3900,https://maps.google.com/maps?f=d&source=s_d&saddr=&daddr=2254+Royal+Ln.+Dallas%2C+75229&z=16&iwloc=A&z=auto
남부 신학 대학,,713) 594-3373,
패트릭 & 정혜진 변호사,"10888 Shady Trail, Dallas, TX 75220",214) 745-1080,https://www.wrightfirm.com
[email protected],"10888 Shady Trail, Dallas, TX 75220",214) 745-1080,https://www.wrightfirm.com
Kelin Violin Shop,"3321 Premier Dr. #B, Plano, TX 75023",972) 881-1765 / 214) 924-3962,https://www.kelinviolins.com
[email protected],"3321 Premier Dr. #B, Plano, TX 75023",972) 881-1765 / 214) 924-3962,https://www.kelinviolins.com
M&A Crown Group,3010 LBJ Freeway #660 Dallas TX 75234,972-400-3787,https://maps.google.com/maps?f=d&source=s_d&saddr=&daddr=3010+LBJ+Freeway+%23660+Dallas+TX+75234&z=16&iwloc=A&z=auto
[email protected],3010 LBJ Freeway #660 Dallas TX 75234,972-400-3787,https://maps.google.com/maps?f=d&source=s_d&saddr=&daddr=3010+LBJ+Freeway+%23660+Dallas+TX+75234&z=16&iwloc=A&z=auto
Toe Toe Shoes 신발 / 시온마켓,"2405 S. Stemmons Fwy., Lewisville, TX 75067",,https://maps.google.com/maps?f=d&source=s_d&saddr=&daddr=2405+S.+Stemmons+Fwy.%2C+Lewisville%2C+TX+75067&z=16&iwloc=A&z=auto
Best Energy Solution,,972) 646-0072,
코리아월드,"9610 Long Point Rd. #340, Houston, TX 77055",713) 827-0063,https://www.weeple.net/houston
다나 김 부동산,"6901 N.Lamar Blvd, #134, Austin TX 78752",512) 761-4222 / 512) 970-2688,https://maps.google.com/maps?f=d&source=s_d&saddr=&daddr=6901+N.Lamar+Blvd%2C+%23134%2C+Austin+TX+78752&z=16&iwloc=A&z=auto
donnakiminsurance.com,"6901 N.Lamar Blvd, #134, Austin TX 78752",512) 761-4222 / 512) 970-2688,https://maps.google.com/maps?f=d&source=s_d&saddr=&daddr=6901+N.Lamar+Blvd%2C+%23134%2C+Austin+TX+78752&z=16&iwloc=A&z=auto
텍사스 주 태권도 연합,,254) 681-6063,
업소록,"2456 Harry Wurzbach Road, San Antonio, TX 78209",210) 826-1790 / 469) 744-3106 / 713) 783-7878 / 512) 740-7653 / 281) 658-6920 / 937) 369-1136 / 214-672-3339 / 972) 620-7068 / 972) 620-7069 / 713) 403-4480,https://maps.google.com/maps?f=d&source=s_d&saddr=&daddr=2456+Harry+Wurzbach+Road%2C+San+Antonio%2C+TX+78209&z=16&iwloc=A&z=auto
서울가든 (샌안토니오),"2456 Harry Wurzbach Road, San Antonio, TX 78209",210) 826-1790 / 469) 744-3106 / 713) 783-7878 / 512) 740-7653 / 281) 658-6920 / 937) 369-1136 / 214-672-3339 / 972) 620-7068 / 972) 620-7069 / 713) 403-4480,https://maps.google.com/maps?f=d&source=s_d&saddr=&daddr=2456+Harry+Wurzbach+Road%2C+San+Antonio%2C+TX+78209&z=16&iwloc=A&z=auto
서울가든 (샌안토니오),"2456 Harry Wurzbach Road, San Antonio, TX 78209",210) 826-1790,https://maps.google.com/maps?f=d&source=s_d&saddr=&daddr=2456+Harry+Wurzbach+Road%2C+San+Antonio%2C+TX+78209&z=16&iwloc=A&z=auto
프로덕트 클리닝 (Product Cleaning),"2639 Walnut Hill Lane, Ste. 200, Dallas, TX. 75229",469) 744-3106,http://www.venthoodcleaningtexas.com
[email protected],"2639 Walnut Hill Lane, Ste. 200, Dallas, TX. 75229",469) 744-3106,http://www.venthoodcleaningtexas.com
프로모셔날사인,"6959 Harwin Dr. #102, Houston, TX 77036",713) 783-7878,https://maps.google.com/maps?f=d&source=s_d&saddr=&daddr=6959+Harwin+Dr.+%23102%2C+Houston%2C+TX+77036&z=16&iwloc=A&z=auto
제니 리 데이스파 (J. Lee Day Spa),"11150 Research Blvd. #203, Austin, TX 78759",512) 740-7653,https://maps.google.com/maps?f=d&source=s_d&saddr=&daddr=11150+Research+Blvd.+%23203%2C+Austin%2C+TX+78759&z=16&iwloc=A&z=auto
휴스턴 한인 농악단,"18226 Eden Trails Lane, Houston, TX 77094",281) 658-6920,https://maps.google.com/maps?f=d&source=s_d&saddr=&daddr=18226+Eden+Trails+Lane%2C+Houston%2C+TX+77094&z=16&iwloc=A&z=auto
국술원 (어스틴2),"3500 N. Capital of Texas Hwy. #2332, Austin, TX 78746",937) 369-1136,https://maps.google.com/maps?f=d&source=s_d&saddr=&daddr=3500+N.+Capital+of+Texas+Hwy.+%232332%2C+Austin%2C+TX+78746&z=16&iwloc=A&z=auto
YBK Roofing&Construction,"2401 S. Stemmons Fwy #1256, Lewisville, TX 75067",214-672-3339,https://maps.google.com/maps?f=d&source=s_d&saddr=&daddr=2401+S.+Stemmons+Fwy+%231256%2C+Lewisville%2C+TX+75067&z=16&iwloc=A&z=auto
International Mart,"2529 Royal Lane #201, Dallas, TX 75229",972) 620-7068 / 972) 620-7069,https://maps.google.com/maps?f=d&source=s_d&saddr=&daddr=2529+Royal+Lane+%23201%2C+Dallas%2C+TX+75229&z=16&iwloc=A&z=auto
달사람닷컴,,,https://www.dalsaram.com
KORAS,"One Riverway #460, Houston, TX 77056",713) 403-4480,https://maps.google.com/maps?f=d&source=s_d&saddr=&daddr=One+Riverway+%23460%2C+Houston%2C+TX+77056&z=16&iwloc=A&z=auto
업소록,"1301 E. Lookout Drive, Richardson, TX 75082",972) 761-7000 / 512) 296-3449 / 214) 621-2257 / 972) 620-0909 / 972) 398-6284 / 281) 395-4700 / 214.317.8122 / 800) 411-1818 / 214) 562-9085 / 972) 243-3485 / 214) 716-4800,https://www.samsung.com
삼성전자 미국통신법인 (Samsung Telecommunications of America),"1301 E. Lookout Drive, Richardson, TX 75082",972) 761-7000 / 512) 296-3449 / 214) 621-2257 / 972) 620-0909 / 972) 398-6284 / 281) 395-4700 / 214.317.8122 / 800) 411-1818 / 214) 562-9085 / 972) 243-3485 / 214) 716-4800,https://www.samsung.com
삼성전자 미국통신법인 (Samsung Telecommunications of America),"1301 E. Lookout Drive, Richardson, TX 75082",972) 761-7000,https://www.samsung.com
유목수,,512) 296-3449,
첼로 개인레슨,,214) 621-2257,
Eye Level (ENopi 학원) 플레이노,"3131 Custer Road, Suite #101, Plano, TX 75075",972) 620-0909 / 972) 398-6284,http://www.eyelevelplanocentral.com
[email protected],"3131 Custer Road, Suite #101, Plano, TX 75075",972) 620-0909 / 972) 398-6284,http://www.eyelevelplanocentral.com
신코 동물병원,"24210 Westher Pkwy. #300, Houston, TX 77494",281) 395-4700,https://www.cincoanimalhospital.com
달라스 뉴라이프 장로교회,"11722 Cromwell Dr. Dallas, TX 75229",214.317.8122,https://www.DALnewlife.org
노스웨스트 항공 (Northwest Airlines),,800) 411-1818,
케니김 부동산,"601 N. 1st Street, Garland, TX 75040",214) 562-9085,http://www.mrsdfw.com
Lucky BeautySupply Wholesale,"11252 Harry Hines Blvd. #202, Dallas, TX 75229",972) 243-3485,https://maps.google.com/maps?f=d&source=s_d&saddr=&daddr=11252+Harry+Hines+Blvd.+%23202%2C+Dallas%2C+TX+75229&z=16&iwloc=A&z=auto
Wallis State Bank (Dallas),"11135 Harry Hines Blvd., Dallas, TX 75229",214) 716-4800,http://www.wallisbank.com/
(Mon-Fri) 9:00am ~ 5:00pm,"11135 Harry Hines Blvd., Dallas, TX 75229",214) 716-4800,http://www.wallisbank.com/
김경선 척추한방병원,"2720 Royal Ln #190, Dallas, TX 75229",972) 406-8844 / 469) 471-2852 / 512) 918-8012 / 214) 360-4300 / 972) 388-3365 / 972) 243-1449 / 214) 287-2721 / 817) 966-1308 / 405) 799-6375 / 972) 385-0168,http://www.chiroacukim.com
김경선 척추한방병원,"2720 Royal Ln #190, Dallas, TX 75229",972) 406-8844,http://www.chiroacukim.com
[email protected],"2720 Royal Ln #190, Dallas, TX 75229",972) 406-8844,http://www.chiroacukim.com
레인보우 미술학원 (Dallas Arts Studio),"11441 Stemmons Fwy #161, Dallas, TX 75229",469) 471-2852,https://www.das12.com
[email protected],"11441 Stemmons Fwy #161, Dallas, TX 75229",469) 471-2852,https://www.das12.com
오사카 만선,"13492 Research Blvd. #160, Austin, TX 78750",512) 918-8012,https://maps.google.com/maps?f=d&source=s_d&saddr=&daddr=13492+Research+Blvd.+%23160%2C+Austin%2C+TX+78750&z=16&iwloc=A&z=auto
Chase Bank - Preston,"8111 Preston Road, Dallas, TX 75225",214) 360-4300,http://www.chase.com
"All American Flooring, Inc (Frisco)","7744 Texas 121 #101, Frisco, TX 75024",972) 388-3365,http://allamericanflooring.net/
"(Mon-Fri) 10:00am ~ 7:00pm, (Sat) 10:00am ~ 6:00pm, (Sun) 12:00pm ~ 4:00pm","7744 Texas 121 #101, Frisco, TX 75024",972) 388-3365,http://allamericanflooring.net/
서남침례교회,"3050 Fyke Road, Farmers Branch, TX 75234",972) 243-1449,http://www.holyhouse.org/swbcdallas/
[email protected],"3050 Fyke Road, Farmers Branch, TX 75234",972) 243-1449,http://www.holyhouse.org/swbcdallas/
이뽀 이뽀 (Get it Beauty Eppo Eppo Skin Care),"11445 Emerald St #120 D Dallas, TX 75229",214) 287-2721,https://www.facebook.com/eppoeppo/?ref=page_internal
알링턴 사랑에빚진교회,"7300 S Cooper Street, Arlington TX 76001",817) 966-1308,http://www.flowergardenchurch.com
상록회,,405) 799-6375,
미스터 스시,"4860 Belt Line Road, Dallas, TX 75254",972) 385-0168,http://ww.mrsushidallas.com
업소록,"1611 Gessner Drive, Houston, TX 77080",713) 395-4575 / 713) 973-8788 / 469) 803-2284 / 972) 242-2888 / 469) 279-3746 / 214) 284-9595 / 972) 897-6018 / 512) 477-8433 / 469) 774-3444 / 713) 517-6939 / 713) 869-9973,http://www.hanmi.com
한미은행 스프링브랜치 (Hanmi Bank),"1611 Gessner Drive, Houston, TX 77080",713) 395-4575 / 713) 973-8788 / 469) 803-2284 / 972) 242-2888 / 469) 279-3746 / 214) 284-9595 / 972) 897-6018 / 512) 477-8433 / 469) 774-3444 / 713) 517-6939 / 713) 869-9973,http://www.hanmi.com
한미은행 스프링브랜치 (Hanmi Bank),"1611 Gessner Drive, Houston, TX 77080",713) 395-4575 / 713) 973-8788,http://www.hanmi.com
"(Mon-Fri) 9:00am ~ 5:00pm, (Sat) 9:00am ~ 12:00pm","1611 Gessner Drive, Houston, TX 77080",713) 395-4575 / 713) 973-8788,http://www.hanmi.com
AA Massage,"2528 Old Denton Rd. #200, Carrollton, TX 75006",469) 803-2284 / 972) 242-2888,https://www.aamassagedfw.com
[email protected],"2528 Old Denton Rd. #200, Carrollton, TX 75006",469) 803-2284 / 972) 242-2888,https://www.aamassagedfw.com
제자들선교회,"2626 A Custer Pkwy., Richardson, TX 75080",469) 279-3746,https://www.dfc.or.kr
Ora Milling Center,"50 Business Parkway #E, Richardson, TX 75081",214) 284-9595,http://www.oramilling.com
달라스 충청도민회,,972) 897-6018,
Buger Tex II- Planet,"2912 Guadalupe Street, Austin, TX 78705",512) 477-8433,https://maps.google.com/maps?f=d&source=s_d&saddr=&daddr=2912+Guadalupe+Street%2C+Austin%2C+TX+78705&z=16&iwloc=A&z=auto
Walnut Hill West Co.,"2639 Walnut Hill Lane #200, Dallas, TX 75229",469) 774-3444,https://maps.google.com/maps?f=d&source=s_d&saddr=&daddr=2639+Walnut+Hill+Lane+%23200%2C+Dallas%2C+TX+75229&z=16&iwloc=A&z=auto
닉스오토,"1010 Long Point Road, Houston, TX 77043",713) 517-6939,https://maps.google.com/maps?f=d&source=s_d&saddr=&daddr=1010+Long+Point+Road%2C+Houston%2C+TX+77043&z=16&iwloc=A&z=auto
안송 치과,"2797 N. Shepherd, Houston, TX 77008",713) 869-9973,https://maps.google.com/maps?f=d&source=s_d&saddr=&daddr=2797+N.+Shepherd%2C+Houston%2C+TX+77008&z=16&iwloc=A&z=auto
"랜딩온솔루션 (Lending One Solutions, INC)",,,https://maps.google.com/maps?f=d&source=s_d&saddr=&daddr=8609+WESTWOOD+CENTER+DR.+%23200.+VIENNA%2C+VA+22182+%28%EB%B3%B8%EC%82%AC%3A+TYSON%27S+CORNER%29&z=16&iwloc=A&z=auto
업소록,"2405 S Stemmons Fwy #212, Lewisville, Tx 75067",972 704 5639 / 972) 659-9999 / 512) 386-7077 / 254) 690-3334 / 972.589.1828 / 972) 533-4377 / 972) 567-7405 / 469.676.7693 / 469.744.0091 / 972) 243-4011 / 214.771.2221 / 469.637.0060,https://maps.google.com/maps?f=d&source=s_d&saddr=&daddr=2405+S+Stemmons+Fwy+%23212%2C+Lewisville%2C+Tx+75067&z=16&iwloc=A&z=auto
Salon De Arte(살롱 드 아르떼) / 시온마켓,"2405 S Stemmons Fwy #212, Lewisville, Tx 75067",972 704 5639 / 972) 659-9999 / 512) 386-7077 / 254) 690-3334 / 972.589.1828 / 972) 533-4377 / 972) 567-7405 / 469.676.7693 / 469.744.0091 / 972) 243-4011 / 214.771.2221 / 469.637.0060,https://maps.google.com/maps?f=d&source=s_d&saddr=&daddr=2405+S+Stemmons+Fwy+%23212%2C+Lewisville%2C+Tx+75067&z=16&iwloc=A&z=auto
Salon De Arte(살롱 드 아르떼) / 시온마켓,"2405 S Stemmons Fwy #212, Lewisville, Tx 75067",972 704 5639,https://maps.google.com/maps?f=d&source=s_d&saddr=&daddr=2405+S+Stemmons+Fwy+%23212%2C+Lewisville%2C+Tx+75067&z=16&iwloc=A&z=auto
[email protected],"2405 S Stemmons Fwy #212, Lewisville, Tx 75067",972 704 5639,https://maps.google.com/maps?f=d&source=s_d&saddr=&daddr=2405+S+Stemmons+Fwy+%23212%2C+Lewisville%2C+Tx+75067&z=16&iwloc=A&z=auto
폭스바겐 VOLKSWAGEN (Metro Volkswagen),"2035 W. Airport Freeway, Irving, TX 75062",972) 659-9999,https://www.metrovw.com
(Mon-Sat) 9:00am ~ 8:00pm,"2035 W. Airport Freeway, Irving, TX 75062",972) 659-9999,https://www.metrovw.com
Riverside Golf Course,"1020 Grove Boulevard, Austin, TX 78741",512) 386-7077,http://www.riverside-gc.com
US 태권도 칼리지,"4008 E. Stan Schlueter Loop 110, Killeen, TX 76542",254) 690-3334,https://maps.google.com/maps?f=d&source=s_d&saddr=&daddr=4008+E.+Stan+Schlueter+Loop+110%2C+Killeen%2C+TX+76542&z=16&iwloc=A&z=auto
북텍사스 지회 이화여자대학교 동문회,,972.589.1828,https://www.ewhana.org
044U 공사포유,,972) 533-4377 / 972) 567-7405,http://www.044u.com
[email protected],,972) 533-4377 / 972) 567-7405,http://www.044u.com
달라스 한국 노인회,"9715 Brockbank Drive, Dallas, TX 75220",469.676.7693 / 469.744.0091,https://maps.google.com/maps?f=d&source=s_d&saddr=&daddr=9715+Brockbank+Drive%2C+Dallas%2C+TX+75220&z=16&iwloc=A&z=auto
Maid Up Cleaning,"2828 Forest Ln #1115, Dallas, TX 75234",972) 243-4011,https://maps.google.com/maps?f=d&source=s_d&saddr=&daddr=2828+Forest+Ln+%231115%2C+Dallas%2C+TX+75234&z=16&iwloc=A&z=auto
참 레이져 스킨 센터,"1028 Mac Arthur Dr. #106, Carrollton, TX 75007",214.771.2221,https://www.charmlaserskin.com
월-토 10:00AM-6:00PM(일요일 휴무),"1028 Mac Arthur Dr. #106, Carrollton, TX 75007",214.771.2221,https://www.charmlaserskin.com
Paris Baguette 파리바게트 / 시온마켓,"2405 S. Stemmons Fwy., Lewisville, TX 75067",469.637.0060,https://maps.google.com/maps?f=d&source=s_d&saddr=&daddr=2405+S.+Stemmons+Fwy.%2C+Lewisville%2C+TX+75067&z=16&iwloc=A&z=auto
업소록,1907 Rhome St. Dallas TX 75229,469-778-8891 / 214) 947-8181 / 214) 725-9724 / 817) 757-9350 / 214) 352-8885 / 972) 247-4514 / 501) 982-2000 / 972) 754-7670 / 281) 829-5652 / 972) 246-8949,https://maps.google.com/maps?f=d&source=s_d&saddr=&daddr=1907+Rhome+St.+Dallas+TX+75229&z=16&iwloc=A&z=auto
엘라이드 자동차 종합정비 (Allied Auto Service),1907 Rhome St. Dallas TX 75229,469-778-8891 / 214) 947-8181 / 214) 725-9724 / 817) 757-9350 / 214) 352-8885 / 972) 247-4514 / 501) 982-2000 / 972) 754-7670 / 281) 829-5652 / 972) 246-8949,https://maps.google.com/maps?f=d&source=s_d&saddr=&daddr=1907+Rhome+St.+Dallas+TX+75229&z=16&iwloc=A&z=auto
감리교 메디컬 센터 (Methodist Dallas Medical Center),"1441 N. Beckley Avenue, Dallas, TX 75023",214) 947-8181,http://www.methodisthealthsystem.org/dallas
Open 24 hours,"1441 N. Beckley Avenue, Dallas, TX 75023",214) 947-8181,http://www.methodisthealthsystem.org/dallas
신스 자동차,"1440 S. State Hwy. #6, Lewisville, TX 75067",214) 725-9724,https://maps.google.com/maps?f=d&source=s_d&saddr=&daddr=1440+S.+State+Hwy.+%236%2C+Lewisville%2C+TX+75067&z=16&iwloc=A&z=auto
김성재 부동산,"2625 Old Denton Rd #404-A2, Carrollton, TX 75007",817) 757-9350,https://maps.google.com/maps?f=d&source=s_d&saddr=&daddr=2625+Old+Denton+Rd+%23404-A2%2C+Carrollton%2C+TX+75007&z=16&iwloc=A&z=auto
[email protected],"2625 Old Denton Rd #404-A2, Carrollton, TX 75007",817) 757-9350,https://maps.google.com/maps?f=d&source=s_d&saddr=&daddr=2625+Old+Denton+Rd+%23404-A2%2C+Carrollton%2C+TX+75007&z=16&iwloc=A&z=auto
TWFG 종합보험,"405 E. State Hwy. 121 Byp #A-115, Lewisville, TX 75067",214) 352-8885,https://maps.google.com/maps?f=d&source=s_d&saddr=&daddr=405+E.+State+Hwy.+121+Byp+%23A-115%2C+Lewisville%2C+TX+75067&z=16&iwloc=A&z=auto
Best Choice USA,"11410 Harry Hines Blvd. #1, Dallas, TX 75229",972) 247-4514,http://www.E-bestchoice.com
TS 뷰티 서플라이,"626 W. Main Street, Jacksonville, AR 72076",501) 982-2000,https://maps.google.com/maps?f=d&source=s_d&saddr=&daddr=626+W.+Main+Street%2C+Jacksonville%2C+AR+72076&z=16&iwloc=A&z=auto
월드 건축,"3232 Dothan Lane, Dallas, TX 75229",972) 754-7670,https://maps.google.com/maps?f=d&source=s_d&saddr=&daddr=3232+Dothan+Lane%2C+Dallas%2C+TX+75229&z=16&iwloc=A&z=auto
소닉 오토,"21925 Franz Rd. #503, Katy, TX 77449",281) 829-5652,https://maps.google.com/maps?f=d&source=s_d&saddr=&daddr=21925+Franz+Rd.+%23503%2C+Katy%2C+TX+77449&z=16&iwloc=A&z=auto
US 에너지,,972) 246-8949,
첸 법률사무소,"15814 Clea Point Drive, Houston, TX 77429",832) 373-7999 / 469) 464-9010 / 214) 228-4749 / 214) 526-5555 / 972) 242-9402 / 713) 961-0186 / 214) 887-3937 / 972) 393-1004 / 254) 616-2225 / 972) 243-0733 / 713) 789-3900,https://maps.google.com/maps?f=d&source=s_d&saddr=&daddr=15814+Clea+Point+Drive%2C+Houston%2C+TX+77429&z=16&iwloc=A&z=auto
첸 법률사무소,"15814 Clea Point Drive, Houston, TX 77429",832) 373-7999,https://maps.google.com/maps?f=d&source=s_d&saddr=&daddr=15814+Clea+Point+Drive%2C+Houston%2C+TX+77429&z=16&iwloc=A&z=auto
한국소방설비,,469) 464-9010 / 214) 228-4749,http://www.hankookfire.com
[email protected],,469) 464-9010 / 214) 228-4749,http://www.hankookfire.com
스바루 SUBARU (Subaru of Plano),"4480 W. Plano Pkwy, Plano, TX 75093",214) 526-5555,https://maps.google.com/maps?f=d&source=s_d&saddr=&daddr=4480+W.+Plano+Pkwy%2C+Plano%2C+TX+75093&z=16&iwloc=A&z=auto
코스메틱월드 (Cosmetic World),"2625 Old Denton Rd #212, Carrollton, TX 75007",972) 242-9402,https://maps.google.com/maps?f=d&source=s_d&saddr=&daddr=2625+Old+Denton+Rd+%23212%2C+Carrollton%2C+TX+75007&z=16&iwloc=A&z=auto
ecosmeticworld.com,"2625 Old Denton Rd #212, Carrollton, TX 75007",972) 242-9402,https://maps.google.com/maps?f=d&source=s_d&saddr=&daddr=2625+Old+Denton+Rd+%23212%2C+Carrollton%2C+TX+75007&z=16&iwloc=A&z=auto
주 휴스턴 대한민국 총영사관,"1990 Post Oak Blvd #1250, Houston, TX 77056",713) 961-0186,http://usa-houston.mofa.go.kr/korean/am/usa-houston/main/index.jsp
[email protected],"1990 Post Oak Blvd #1250, Houston, TX 77056",713) 961-0186,http://usa-houston.mofa.go.kr/korean/am/usa-houston/main/index.jsp
"정무창 안과, O.D, 안경점 (Gateway Eye Center)","5334 Ross Ave. #100, Dallas, TX 75206",214) 887-3937,https://maps.google.com/maps?f=d&source=s_d&saddr=&daddr=5334+Ross+Ave.+%23100%2C+Dallas%2C+TX+75206&z=16&iwloc=A&z=auto
세미한 카이로프랙틱 (Semihan Chiropractic Clinic),"1507 E. Sandy Lake #140, Coppell, TX 75019",972) 393-1004,https://www.semihanchiropractor.com/
"(Mon,Tue,Thu,Fri) 8:00am ~ 6:00pm, (Wed) 8:00am ~ 12:00pm, (Sat) 8:00am ~ 12:00pm, (Sun) Closed, (Lunch) 12:00pm ~ 2:00pm","1507 E. Sandy Lake #140, Coppell, TX 75019",972) 393-1004,https://www.semihanchiropractor.com/
윤현철 크리닉,"710 W. Rancier Rd. #210, Killeen, TX 76541",254) 616-2225,https://maps.google.com/maps?f=d&source=s_d&saddr=&daddr=710+W.+Rancier+Rd.+%23210%2C+Killeen%2C+TX+76541&z=16&iwloc=A&z=auto
신촌마켓,"11422 Harry Hines Blvd. #210, Dallas, TX 75229",972) 243-0733,https://maps.google.com/maps?f=d&source=s_d&saddr=&daddr=11422+Harry+Hines+Blvd.+%23210%2C+Dallas%2C+TX+75229&z=16&iwloc=A&z=auto
베스트 트레이딩,"7570 harwin Drive, Houston, TX 77036",713) 789-3900,https://maps.google.com/maps?f=d&source=s_d&saddr=&daddr=7570+harwin+Drive%2C+Houston%2C+TX+77036&z=16&iwloc=A&z=auto
업소록,"1806 W. Stan Schlueter Loop, Killeen, TX 76549",254) 319-7263 / 713) 461-6550 / 817) 410-3377 / 214) 205-4697 / 214) 584-7076 / 972) 437-0200 / 972) 241-9996 / 972) 570-2417 / 972) 231-3888 / 972-480-4061 / 469-573-0117 / 972) 488-2588,https://maps.google.com/maps?f=d&source=s_d&saddr=&daddr=1806+W.+Stan+Schlueter+Loop%2C+Killeen%2C+TX+76549&z=16&iwloc=A&z=auto
김미향 Remax Family,"1806 W. Stan Schlueter Loop, Killeen, TX 76549",254) 319-7263 / 713) 461-6550 / 817) 410-3377 / 214) 205-4697 / 214) 584-7076 / 972) 437-0200 / 972) 241-9996 / 972) 570-2417 / 972) 231-3888 / 972-480-4061 / 469-573-0117 / 972) 488-2588,https://maps.google.com/maps?f=d&source=s_d&saddr=&daddr=1806+W.+Stan+Schlueter+Loop%2C+Killeen%2C+TX+76549&z=16&iwloc=A&z=auto
김미향 Remax Family,"1806 W. Stan Schlueter Loop, Killeen, TX 76549",254) 319-7263,https://maps.google.com/maps?f=d&source=s_d&saddr=&daddr=1806+W.+Stan+Schlueter+Loop%2C+Killeen%2C+TX+76549&z=16&iwloc=A&z=auto
장 태권도,"1933 Gessner Road, Houston, TX 77080",713) 461-6550,https://maps.google.com/maps?f=d&source=s_d&saddr=&daddr=1933+Gessner+Road%2C+Houston%2C+TX+77080&z=16&iwloc=A&z=auto
Grapevine Golf Club,"3800 Fairway Dr., Grapevine, TX 76051",817) 410-3377,http://www.grapevinegc.com
Tara Energy,"2428 Via Bonita, Carrollton, TX 75006",214) 205-4697 / 214) 584-7076,https://maps.google.com/maps?f=d&source=s_d&saddr=&daddr=2428+Via+Bonita%2C+Carrollton%2C+TX+75006&z=16&iwloc=A&z=auto
크리스티 리 치과,"1729 Analog Drive, Richardson, TX 75081",972) 437-0200,https://maps.google.com/maps?f=d&source=s_d&saddr=&daddr=1729+Analog+Drive%2C+Richardson%2C+TX+75081&z=16&iwloc=A&z=auto
한국 홈케어 (Korean Home Health Care),"1908 Royal Lane #100, Dallas, TX 75229",972) 241-9996 / 972) 570-2417,https://www.koreanhhc.com
장금이,"400 N. Greenville Ave. #11B, Richardson, TX 75081",972) 231-3888,https://maps.google.com/maps?f=d&source=s_d&saddr=&daddr=400+N.+Greenville+Ave.+%2311B%2C+Richardson%2C+TX+75081&z=16&iwloc=A&z=auto
리처드 최 부동산,,972-480-4061,
Dallas Custom Roofing,,469-573-0117,http://www.DallasCustomRoofing.com
한스보석 (Han's Gold),"2588 Royal Ln., Dallas, TX 75229",972) 488-2588,https://maps.google.com/maps?f=d&source=s_d&saddr=&daddr=2588+Royal+Ln.%2C+Dallas%2C+TX+75229&z=16&iwloc=A&z=auto
Plano Asia Fest 2017,"1000 E. Veterans Memorial Blvd., Killeen, TX 76541",972) 379-9351 / 254) 535-1842 / 972) 484-9999 / 972) 243-1753 / 832) 473-7427 / 972) 487-1224 / 214) 771-2221 / 972) 245-1133 / 972) 831-9600 / 214) 429-6140,http://ohnnuri.net
Plano Asia Fest 2017,,972) 379-9351,
asianamericanheritage.org,,972) 379-9351,
온누리 교회,"1000 E. Veterans Memorial Blvd., Killeen, TX 76541",254) 535-1842,http://ohnnuri.net
Cliff's Check Cashing,"2886 Forest Lane, Dallas, TX 75234",972) 484-9999,https://maps.google.com/maps?f=d&source=s_d&saddr=&daddr=2886+Forest+Lane%2C+Dallas%2C+TX+75234&z=16&iwloc=A&z=auto
cliffscheckcashing.com,"2886 Forest Lane, Dallas, TX 75234",972) 484-9999,https://maps.google.com/maps?f=d&source=s_d&saddr=&daddr=2886+Forest+Lane%2C+Dallas%2C+TX+75234&z=16&iwloc=A&z=auto
서울이발관 (Seoul Barber Shop),"2566 Royal Lane, Dallas, TX 75229",972) 243-1753,https://maps.google.com/maps?f=d&source=s_d&saddr=&daddr=2566+Royal+Lane%2C+Dallas%2C+TX+75229&z=16&iwloc=A&z=auto
한국 건축,"10010 Long Point Road, Houston, TX 77055",832) 473-7427,https://maps.google.com/maps?f=d&source=s_d&saddr=&daddr=10010+Long+Point+Road%2C+Houston%2C+TX+77055&z=16&iwloc=A&z=auto
서울 한의원,"10560 Walnut St #900-A, Dallas, TX 75243",972) 487-1224,https://maps.google.com/maps?f=d&source=s_d&saddr=&daddr=10560+Walnut+St+%23900-A%2C+Dallas%2C+TX+75243&z=16&iwloc=A&z=auto
참 레이져 스킨 센터 (Charm Laser Skin Center),"1028 Mac Arthur Dr. Suite 106, Carrollton, TX 75007",214) 771-2221,https://www.charmlaserskin.com
[email protected],"1028 Mac Arthur Dr. Suite 106, Carrollton, TX 75007",214) 771-2221,https://www.charmlaserskin.com
아줌마 (H마트 상가 내),"2625 Old Denton Rd. #600, Carrollton, TX 75007",972) 245-1133,https://maps.google.com/maps?f=d&source=s_d&saddr=&daddr=2625+Old+Denton+Rd.+%23600%2C+Carrollton%2C+TX+75007&z=16&iwloc=A&z=auto
구상모 치과 (MacArthur Park Dentistry),"7447 N. MacArthur Blvd. #185, Irving, TX 75063",972) 831-9600,http://www.macarthurparkdentistry.com
[email protected],"7447 N. MacArthur Blvd. #185, Irving, TX 75063",972) 831-9600,http://www.macarthurparkdentistry.com
최수영 테니스 교실,"3781 N. O'Connor Road, Irving, TX 75062",214) 429-6140,https://maps.google.com/maps?f=d&source=s_d&saddr=&daddr=3781+N.+O%27Connor+Road%2C+Irving%2C+TX+75062&z=16&iwloc=A&z=auto
업소록,"9600 Bellaire Blvd. #101, Houston, TX 77036",713) 776-3876 / 832) 973-6322 / 713) 869-9558 / 214) 420-9070 / 469.855.3407 / 817) 312-0273 / 214) 597-2305 / 214) 722-7559 / 214) 495-0864 / 214-603-5154 / 713) 789-0025 / 972.200.7225 / 214.278.4359 / 214.681.9688,https://maps.google.com/maps?f=d&source=s_d&saddr=&daddr=9600+Bellaire+Blvd.+%23101%2C+Houston%2C+TX+77036&z=16&iwloc=A&z=auto
이스트웨스트 은행 (하윈),"9600 Bellaire Blvd. #101, Houston, TX 77036",713) 776-3876 / 832) 973-6322 / 713) 869-9558 / 214) 420-9070 / 469.855.3407 / 817) 312-0273 / 214) 597-2305 / 214) 722-7559 / 214) 495-0864 / 214-603-5154 / 713) 789-0025 / 972.200.7225 / 214.278.4359 / 214.681.9688,https://maps.google.com/maps?f=d&source=s_d&saddr=&daddr=9600+Bellaire+Blvd.+%23101%2C+Houston%2C+TX+77036&z=16&iwloc=A&z=auto
이스트웨스트 은행 (하윈),"9600 Bellaire Blvd. #101, Houston, TX 77036",713) 776-3876 / 832) 973-6322,https://maps.google.com/maps?f=d&source=s_d&saddr=&daddr=9600+Bellaire+Blvd.+%23101%2C+Houston%2C+TX+77036&z=16&iwloc=A&z=auto
eastwestbank.com,"9600 Bellaire Blvd. #101, Houston, TX 77036",713) 776-3876 / 832) 973-6322,https://maps.google.com/maps?f=d&source=s_d&saddr=&daddr=9600+Bellaire+Blvd.+%23101%2C+Houston%2C+TX+77036&z=16&iwloc=A&z=auto
은혜 치과,"716 W. 25th, Houston, TX 77008",713) 869-9558,https://maps.google.com/maps?f=d&source=s_d&saddr=&daddr=716+W.+25th%2C+Houston%2C+TX+77008&z=16&iwloc=A&z=auto
킹 스파 & 사우나 (King Spa),"2154 Royal Lane, Dallas, TX 75229",214) 420-9070,http://www.kingspa.com
[email protected],"2154 Royal Lane, Dallas, TX 75229",214) 420-9070,http://www.kingspa.com
YB7 디자인&미디어,,469.855.3407,https://www.yb7designmedia.com
[email protected],,469.855.3407,https://www.yb7designmedia.com
Sunny 부동산,,817) 312-0273,
Protection Specialist Tactical,"1111 W. Mockingbird Ln. #1055, Dallas, TX 75247",214) 597-2305 / 214) 722-7559,http://www.protectionspecialistonline.com
[email protected],"1111 W. Mockingbird Ln. #1055, Dallas, TX 75247",214) 597-2305 / 214) 722-7559,http://www.protectionspecialistonline.com
Alpha Omega Insurance Agency,"3131 Custer Rd. #275, Plano, TX 75075",214) 495-0864,http://www.alphaomegainsurance.com
[email protected],"3131 Custer Rd. #275, Plano, TX 75075",214) 495-0864,http://www.alphaomegainsurance.com
A Family Roofing,,214-603-5154,
홍익대학교,,713) 789-0025,
코너스톤 호스피스 케어,"17777 Preston Rd. #210B. Dallas, tx 75252",972.200.7225 / 214.278.4359 / 214.681.9688,https://maps.google.com/maps?f=d&source=s_d&saddr=&daddr=17777+Preston+Rd.+%23210B.+Dallas%2C+tx+75252&z=16&iwloc=A&z=auto
업소록,"1120 MacArthur Dr. #402, Carrollton, TX 75007",214) 499-0266 / 210) 317-1960 / 972) 746-5539 / 469) 951-9588 / 972) 489-3880 / 972) 792-9888 / 972) 900-7728 / 580) 357-9311 / 214) 718-6204 / 713) 640-1654 / 713) 692-0600 / 832) 576-2672,https://maps.google.com/maps?f=d&source=s_d&saddr=&daddr=1120+MacArthur+Dr.+%23402%2C+Carrollton%2C+TX+75007&z=16&iwloc=A&z=auto
PK 페인트 (Parks Painting Interior & Exterior),"1120 MacArthur Dr. #402, Carrollton, TX 75007",214) 499-0266 / 210) 317-1960 / 972) 746-5539 / 469) 951-9588 / 972) 489-3880 / 972) 792-9888 / 972) 900-7728 / 580) 357-9311 / 214) 718-6204 / 713) 640-1654 / 713) 692-0600 / 832) 576-2672,https://maps.google.com/maps?f=d&source=s_d&saddr=&daddr=1120+MacArthur+Dr.+%23402%2C+Carrollton%2C+TX+75007&z=16&iwloc=A&z=auto
PK 페인트 (Parks Painting Interior & Exterior),"1120 MacArthur Dr. #402, Carrollton, TX 75007",214) 499-0266,https://maps.google.com/maps?f=d&source=s_d&saddr=&daddr=1120+MacArthur+Dr.+%23402%2C+Carrollton%2C+TX+75007&z=16&iwloc=A&z=auto
민주평통 샌안토니오 협의회,"5914 Wildwind Drive, San Antonio, TX 78239",210) 317-1960,https://maps.google.com/maps?f=d&source=s_d&saddr=&daddr=5914+Wildwind+Drive%2C+San+Antonio%2C+TX+78239&z=16&iwloc=A&z=auto
홍영심 (Keller Williams),"4783 Preston Rd. #100, Frisco, TX 75034",972) 746-5539 / 469) 951-9588,https://maps.google.com/maps?f=d&source=s_d&saddr=&daddr=4783+Preston+Rd.+%23100%2C+Frisco%2C+TX+75034&z=16&iwloc=A&z=auto
christiecannon.com,"4783 Preston Rd. #100, Frisco, TX 75034",972) 746-5539 / 469) 951-9588,https://maps.google.com/maps?f=d&source=s_d&saddr=&daddr=4783+Preston+Rd.+%23100%2C+Frisco%2C+TX+75034&z=16&iwloc=A&z=auto
퍼시픽센트리 부동산 (Alfred Goh),"222 Municipal Dr. #138, Richardson, TX 75080",972) 489-3880 / 972) 792-9888,http://www.pcrtx.com
[email protected],"222 Municipal Dr. #138, Richardson, TX 75080",972) 489-3880 / 972) 792-9888,http://www.pcrtx.com
미쉘 조 부동산 (Blue Slate Realty),,972) 900-7728,https://www.blueslaterealty.com
[email protected],,972) 900-7728,https://www.blueslaterealty.com
Bong Barber Shop,"1106 NW Andrews Avenue, Lawton, OK 73507",580) 357-9311,https://maps.google.com/maps?f=d&source=s_d&saddr=&daddr=1106+NW+Andrews+Avenue%2C+Lawton%2C+OK+73507&z=16&iwloc=A&z=auto
JSK Glass & BR,"2916 Storey Lane, Dallas, TX 75220",214) 718-6204,https://www.jskglassbreaker.com
[email protected],"2916 Storey Lane, Dallas, TX 75220",214) 718-6204,https://www.jskglassbreaker.com
산호정,"7656 Bellfort, Houston, TX 77061",713) 640-1654,https://maps.google.com/maps?f=d&source=s_d&saddr=&daddr=7656+Bellfort%2C+Houston%2C+TX+77061&z=16&iwloc=A&z=auto
이진현 산부인과,"509 Tidwell #318, Houston, TX 77091",713) 692-0600,https://maps.google.com/maps?f=d&source=s_d&saddr=&daddr=509+Tidwell+%23318%2C+Houston%2C+TX+77091&z=16&iwloc=A&z=auto
Judd Foundation,"11777 Katy Freeway, Suite 190 Houston, Texas 77079",832) 576-2672,http://www.jddafoundation.com
[email protected],"11777 Katy Freeway, Suite 190 Houston, Texas 77079",832) 576-2672,http://www.jddafoundation.com
업소록,"2540 Glenda Ln #116, Dallas, TX 75229",469) 363-0100 / 469) 831-8770 / 501) 308-4127 / 501) 400-7597 / 916) 500-1680 / 214) 750-6903 / 972) 960-1111 / 972) 900-7711 / 214) 316-6058 / 702-389-8888 / 214-506-3815 / 972-645-7654 / 972) 241-5811,https://maps.google.com/maps?f=d&source=s_d&saddr=&daddr=2540+Glenda+Ln+%23116%2C+Dallas%2C+TX+75229&z=16&iwloc=A&z=auto
제일 전기,"2540 Glenda Ln #116, Dallas, TX 75229",469) 363-0100 / 469) 831-8770 / 501) 308-4127 / 501) 400-7597 / 916) 500-1680 / 214) 750-6903 / 972) 960-1111 / 972) 900-7711 / 214) 316-6058 / 702-389-8888 / 214-506-3815 / 972-645-7654 / 972) 241-5811,https://maps.google.com/maps?f=d&source=s_d&saddr=&daddr=2540+Glenda+Ln+%23116%2C+Dallas%2C+TX+75229&z=16&iwloc=A&z=auto
제일 전기,"2540 Glenda Ln #116, Dallas, TX 75229",469) 363-0100 / 469) 831-8770,https://maps.google.com/maps?f=d&source=s_d&saddr=&daddr=2540+Glenda+Ln+%23116%2C+Dallas%2C+TX+75229&z=16&iwloc=A&z=auto
소망 한인연합감리교회,"915 North Street, Little Rock, AR 72201",501) 308-4127 / 501) 400-7597,https://www.hope-kumc.org
[email protected],"915 North Street, Little Rock, AR 72201",501) 308-4127 / 501) 400-7597,https://www.hope-kumc.org
형제침례교회,"3950 Eisenhauer Road, San Antonio, TX 78218",916) 500-1680,https://maps.google.com/maps?f=d&source=s_d&saddr=&daddr=3950+Eisenhauer+Road%2C+San+Antonio%2C+TX+78218&z=16&iwloc=A&z=auto
임규봉 태권도,"7136 Greenville Ave, Dallas, TX 75231",214) 750-6903,https://www.yimstaekwondo.com
[email protected],"7136 Greenville Ave, Dallas, TX 75231",214) 750-6903,https://www.yimstaekwondo.com
Magicool 에어콘냉동,,972) 900-7711,
Parke Law Firm,"3010 LBJ Freeway, suite 1200 Dallas TX 75234",702-389-8888 / 214-506-3815,https://maps.google.com/maps?f=d&source=s_d&saddr=&daddr=3010+LBJ+Freeway%2C+suite+1200+Dallas+TX+75234&z=16&iwloc=A&z=auto
Modern Podiatry Foot & Ankle Clinic (모던 족부 전문 병원),"255 W Lebanon Rd. Ste 106, Frisco, TX 75036",972-645-7654,https://www.modpodiatry.com
[email protected],"255 W Lebanon Rd. Ste 106, Frisco, TX 75036",972-645-7654,https://www.modpodiatry.com
에이스 Trading,"11422 Harry Hines Blvd. #101, Dallas, TX 75229",972) 241-5811,http://www.acetradingus.com
[email protected],"11422 Harry Hines Blvd. #101, Dallas, TX 75229",972) 241-5811,http://www.acetradingus.com
업소록,"1628 W. Hebron PKWY. Suite 108, Carrollton, TX 75010",469.988.9699 / 281) 255-4321 / 214) 703-0999 / 469) 951-1271 / 972) 241-1882 / 214) 364-8893 / 972) 570-0234 / 972) 315-1584 / 972) 395-7729 / 972) 395-3766 / 832) 571-9266,https://maps.google.com/maps?f=d&source=s_d&saddr=&daddr=1628+W.+Hebron+PKWY.+Suite+108%2C+Carrollton%2C+TX+75010&z=16&iwloc=A&z=auto
캐롤턴 치과 Carrollton Dentistry,"1628 W. Hebron PKWY. Suite 108, Carrollton, TX 75010",469.988.9699 / 281) 255-4321 / 214) 703-0999 / 469) 951-1271 / 972) 241-1882 / 214) 364-8893 / 972) 570-0234 / 972) 315-1584 / 972) 395-7729 / 972) 395-3766 / 832) 571-9266,https://maps.google.com/maps?f=d&source=s_d&saddr=&daddr=1628+W.+Hebron+PKWY.+Suite+108%2C+Carrollton%2C+TX+75010&z=16&iwloc=A&z=auto
캐롤턴 치과 Carrollton Dentistry,"1628 W. Hebron PKWY. Suite 108, Carrollton, TX 75010",469.988.9699,https://maps.google.com/maps?f=d&source=s_d&saddr=&daddr=1628+W.+Hebron+PKWY.+Suite+108%2C+Carrollton%2C+TX+75010&z=16&iwloc=A&z=auto
국술원 (맥놀리아),"37937 F.M. 1774 Road, Magnolia, TX 77355",281) 255-4321,https://maps.google.com/maps?f=d&source=s_d&saddr=&daddr=37937+F.M.+1774+Road%2C+Magnolia%2C+TX+77355&z=16&iwloc=A&z=auto
Up To Par Golf,,214) 703-0999,
Cleaners Machinery Service,"4275 Legacy Drive #100, Frisco, TX 75034",469) 951-1271,https://maps.google.com/maps?f=d&source=s_d&saddr=&daddr=4275+Legacy+Drive+%23100%2C+Frisco%2C+TX+75034&z=16&iwloc=A&z=auto
중고사랑,"2527 Royal Ln. #130, Dallas, TX 75229",972) 241-1882 / 214) 364-8893,https://maps.google.com/maps?f=d&source=s_d&saddr=&daddr=2527+Royal+Ln.+%23130%2C+Dallas%2C+TX+75229&z=16&iwloc=A&z=auto
강성호 동물병원 (O'Connor Animal Hospital),"3014 N. O'connor Road, Irving, TX 75062",972) 570-0234,http://oconnoranimalhospital.com
[email protected],"3014 N. O'connor Road, Irving, TX 75062",972) 570-0234,http://oconnoranimalhospital.com
장수천 한의원,,972) 315-1584,
수정교회,"3925 N. Josey Lane, Carrollton, TX 75007",972) 395-7729,https://maps.google.com/maps?f=d&source=s_d&saddr=&daddr=3925+N.+Josey+Lane%2C+Carrollton%2C+TX+75007&z=16&iwloc=A&z=auto
드레곤 보바 (Dragon Boba),"1060 W Frankford Rd #200, Carrollton, TX 75007",972) 395-3766,https://maps.google.com/maps?f=d&source=s_d&saddr=&daddr=1060+W+Frankford+Rd+%23200%2C+Carrollton%2C+TX+75007&z=16&iwloc=A&z=auto
Ki's 경락테라피 (Ki's Massage),"9610 Long Point Rd. #305, Houston, TX 77055",832) 571-9266,https://maps.google.com/maps?f=d&source=s_d&saddr=&daddr=9610+Long+Point+Rd.+%23305%2C+Houston%2C+TX+77055&z=16&iwloc=A&z=auto
업소록,"2625 Old Denton Rd. #411, Carrollton, TX 75007",214) 436-3599 / 214) 476-6652 / 713) 641-0047 / 972-399-0159 / 281) 894-5200 / 214) 918-7000 / 713) 812-8888 / 248) 974-4212 / 972) 939-1212 / 469) 441-1212 / 469) 406-4845 / 888) 717-7112,http://www.agla.com
AIG 보험 (이은미),"2625 Old Denton Rd. #411, Carrollton, TX 75007",214) 436-3599 / 214) 476-6652 / 713) 641-0047 / 972-399-0159 / 281) 894-5200 / 214) 918-7000 / 713) 812-8888 / 248) 974-4212 / 972) 939-1212 / 469) 441-1212 / 469) 406-4845 / 888) 717-7112,http://www.agla.com
AIG 보험 (이은미),"2625 Old Denton Rd. #411, Carrollton, TX 75007",214) 436-3599,http://www.agla.com
K-1 플러밍,"3322 Colins Bloulevard, Garland, TX 75044",214) 476-6652,https://maps.google.com/maps?f=d&source=s_d&saddr=&daddr=3322+Colins+Bloulevard%2C+Garland%2C+TX+75044&z=16&iwloc=A&z=auto
비룡 체육관 (류용규),"6511 Telephone Road, Houston, TX 77061",713) 641-0047,https://maps.google.com/maps?f=d&source=s_d&saddr=&daddr=6511+Telephone+Road%2C+Houston%2C+TX+77061&z=16&iwloc=A&z=auto
OTA Healthmate Massage Chair outlet (건강 마사지 체어),"3558 W Airport Fwy, Irving, TX 75062",972-399-0159,https://maps.google.com/maps?f=d&source=s_d&saddr=&daddr=3558+W+Airport+Fwy%2C+Irving%2C+TX+75062&z=16&iwloc=A&z=auto
[email protected],"3558 W Airport Fwy, Irving, TX 75062",972-399-0159,https://maps.google.com/maps?f=d&source=s_d&saddr=&daddr=3558+W+Airport+Fwy%2C+Irving%2C+TX+75062&z=16&iwloc=A&z=auto
HUB 현대 - 파파 잔 (Hub Hyundai 290 - Papa John),"19300 Northwest Fwy, Houston, TX 77065",281) 894-5200,http://www.hubhyundaiofhouston.com
(Mon-Sat) 7:00am ~ 9;00pm,"19300 Northwest Fwy, Houston, TX 77065",281) 894-5200,http://www.hubhyundaiofhouston.com
로얄 당구장,"2525 Royal Ln. #315, Dallas, TX 75229",214) 918-7000,https://maps.google.com/maps?f=d&source=s_d&saddr=&daddr=2525+Royal+Ln.+%23315%2C+Dallas%2C+TX+75229&z=16&iwloc=A&z=auto
히바치그릴부페,"5601 West 34th Street, Houston, TX 77092",713) 812-8888,https://maps.google.com/maps?f=d&source=s_d&saddr=&daddr=5601+West+34th+Street%2C+Houston%2C+TX+77092&z=16&iwloc=A&z=auto
이명덕 재정 서비스,,248) 974-4212,
테스트 브레인 (Test Brain),"1609 W. Hebron Pkwy #100, Carrollton, TX 75010",972) 939-1212 / 469) 441-1212,http://www.testbrainprep.com
기아 KIA (Huffines Kia of McKinney),"1201 North Central Expy, Mckinney, TX 75070",469) 406-4845 / 888) 717-7112,http://www.huffineskiamckinney.com
(Mon-Sat) 8:00am ~ 9:00pm,"1201 North Central Expy, Mckinney, TX 75070",469) 406-4845 / 888) 717-7112,http://www.huffineskiamckinney.com
업소록,"1311 Lukest Street, Irving, TX 75061",972) 790-4800 / 972) 242-7800 / 214) 730-1710 / 713) 596-2588 / 214) 701-8431 / 972) 242-2777 / 214) 297-4200 / 214)407-8118 / 214) 400-8885 / 501) 982-9102,https://maps.google.com/maps?f=d&source=s_d&saddr=&daddr=1311+Lukest+Street%2C+Irving%2C+TX+75061&z=16&iwloc=A&z=auto
고향 (Korean Food Co.),"1311 Lukest Street, Irving, TX 75061",972) 790-4800 / 972) 242-7800 / 214) 730-1710 / 713) 596-2588 / 214) 701-8431 / 972) 242-2777 / 214) 297-4200 / 214)407-8118 / 214) 400-8885 / 501) 982-9102,https://maps.google.com/maps?f=d&source=s_d&saddr=&daddr=1311+Lukest+Street%2C+Irving%2C+TX+75061&z=16&iwloc=A&z=auto
고향 (Korean Food Co.),"1311 Lukest Street, Irving, TX 75061",972) 790-4800,https://maps.google.com/maps?f=d&source=s_d&saddr=&daddr=1311+Lukest+Street%2C+Irving%2C+TX+75061&z=16&iwloc=A&z=auto
에버스마일 치과 (Eversmile Dental),"2625 Old Denton Rd., suite 578, Carrollton, TX 75007",972) 242-7800,http://www.eversmile-dental.com
[email protected],"2625 Old Denton Rd., suite 578, Carrollton, TX 75007",972) 242-7800,http://www.eversmile-dental.com
반영구화장 (황주현),,214) 730-1710,
아메리칸 제일은행 (Sugar Land),"4915 Hwy 6, Missouri City, TX 77459",713) 596-2588,https://afnb.com
"(Mon-Thu) 9:00am ~ 5:00pm, (Fri) 9:00am ~ 5:30pm, (Sat) 9:00am ~ 1:00pm","4915 Hwy 6, Missouri City, TX 77459",713) 596-2588,https://afnb.com
이은주 SAT,,214) 701-8431,
버블 지팡이 (Bubble Jipangi),"2640 Old Denton Rd. #148 Carrollton, TX 75007",972) 242-2777,https://www.bubblejipangi.com
"(Mon) Close (Tue-Thur) 11:00am ~ 10:00pm, (Fri-Sat) 11:00am ~ 11:00pm, (Sun) 12:00pm ~ 10:00pm","2640 Old Denton Rd. #148 Carrollton, TX 75007",972) 242-2777,https://www.bubblejipangi.com
SAM MOON (Frisco),"2449 Preston Road, Frisco, TX 75034",214) 297-4200,https://sammoongroup.com
"(Mon-Thu) 9:30am ~ 7:00pm, (Fri-Sat) 9:30am ~ 8:00pm, (Sun) 12:00pm ~ 6:00pm","2449 Preston Road, Frisco, TX 75034",214) 297-4200,https://sammoongroup.com
Ramen Wahta,"8745 Gary Burns Dr. #165, Frisco, TX 75034",214)407-8118,https://maps.google.com/maps?f=d&source=s_d&saddr=&daddr=8745+Gary+Burns+Dr.+%23165%2C+Frisco%2C+TX+75034&z=16&iwloc=A&z=auto
CL 학원,"2625 Old Denton Rd #556, Carrollton, TX 75007",214) 400-8885,https://maps.google.com/maps?f=d&source=s_d&saddr=&daddr=2625+Old+Denton+Rd+%23556%2C+Carrollton%2C+TX+75007&z=16&iwloc=A&z=auto
동양마켓,"408 W. Main Street, Jacksonville, AR 72076",501) 982-9102,https://maps.google.com/maps?f=d&source=s_d&saddr=&daddr=408+W.+Main+Street%2C+Jacksonville%2C+AR+72076&z=16&iwloc=A&z=auto
업소록,"1008 Mac Arthu rDr. #110, Carrollton, TX 75007",469 678 2200 / 972) 245-3565 / 713) 464-4295 / 972)955-7475 / 469) 688-3013 / 972) 693-6111 / 512) 608-1170 / 512) 490-6642 / 972) 620-7507 / 469) 951-8001,https://maps.google.com/maps?f=d&source=s_d&saddr=&daddr=1008+Mac+Arthu+rDr.+%23110%2C+Carrollton%2C+TX+75007&z=16&iwloc=A&z=auto
만나 샤브(Manna Shabu) 1호점(캐롤튼),"1008 Mac Arthu rDr. #110, Carrollton, TX 75007",469 678 2200 / 972) 245-3565 / 713) 464-4295 / 972)955-7475 / 469) 688-3013 / 972) 693-6111 / 512) 608-1170 / 512) 490-6642 / 972) 620-7507 / 469) 951-8001,https://maps.google.com/maps?f=d&source=s_d&saddr=&daddr=1008+Mac+Arthu+rDr.+%23110%2C+Carrollton%2C+TX+75007&z=16&iwloc=A&z=auto
만나 샤브(Manna Shabu) 1호점(캐롤튼),"1008 Mac Arthu rDr. #110, Carrollton, TX 75007",469 678 2200,https://maps.google.com/maps?f=d&source=s_d&saddr=&daddr=1008+Mac+Arthu+rDr.+%23110%2C+Carrollton%2C+TX+75007&z=16&iwloc=A&z=auto
오미 캐롤튼 점 (Omi Korean Grill & Bar),"2625 Old Denton Rd. #326, Carrollton, TX 75007",972) 245-3565,https://maps.google.com/maps?f=d&source=s_d&saddr=&daddr=2625+Old+Denton+Rd.+%23326%2C+Carrollton%2C+TX+75007&z=16&iwloc=A&z=auto
omikoreanbbq.com,"2625 Old Denton Rd. #326, Carrollton, TX 75007",972) 245-3565,https://maps.google.com/maps?f=d&source=s_d&saddr=&daddr=2625+Old+Denton+Rd.+%23326%2C+Carrollton%2C+TX+75007&z=16&iwloc=A&z=auto
현대 백화점,"1304-A Blalock Road, Houston, TX 77055",713) 464-4295,https://maps.google.com/maps?f=d&source=s_d&saddr=&daddr=1304-A+Blalock+Road%2C+Houston%2C+TX+77055&z=16&iwloc=A&z=auto
CUCKOO & CARESYS 쿠쿠 케어시스,,972)955-7475,
해피꽃집,"2560 Royal Ln. #110, Dallas, TX 75229",469) 688-3013,https://maps.google.com/maps?f=d&source=s_d&saddr=&daddr=2560+Royal+Ln.+%23110%2C+Dallas%2C+TX+75229&z=16&iwloc=A&z=auto
한미 법정통역,,972) 693-6111,
윈디 헤어 살롱,"6929 Airport Blvd. #150, Austin, TX 78752",512) 608-1170,https://maps.google.com/maps?f=d&source=s_d&saddr=&daddr=6929+Airport+Blvd.+%23150%2C+Austin%2C+TX+78752&z=16&iwloc=A&z=auto
Tidy Enterprise Inc.,"501 W Powell Ln # 307, Austin, TX 78753",512) 490-6642,https://maps.google.com/maps?f=d&source=s_d&saddr=&daddr=501+W+Powell+Ln+%23+307%2C+Austin%2C+TX+78753&z=16&iwloc=A&z=auto
우진 한의원 (Jek Acupuncture Center),"11402 Harry Hines Blvd. #300 Dallas, TX 75229",972) 620-7507,https://maps.google.com/maps?f=d&source=s_d&saddr=&daddr=11402+Harry+Hines+Blvd.+%23300+Dallas%2C+TX+75229&z=16&iwloc=A&z=auto
길(TW) 부동산 (Carrollton),"2625 Old Denton Rd. #500-D, Carrollton, TX 75007",469) 951-8001,https://maps.google.com/maps?f=d&source=s_d&saddr=&daddr=2625+Old+Denton+Rd.+%23500-D%2C+Carrollton%2C+TX+75007&z=16&iwloc=A&z=auto
업소록,"9320 Westview Dr #18, Houston, TX 77055",713) 498-5317 / 972) 247-2888 / 281) 493-3330 / 972) 250-3474 / 972) 618-2000 / 405) 681-6464 / 713) 266-4989 / 972-677-7477 / 512) 373-8080 / 713) 266-0900,https://maps.google.com/maps?f=d&source=s_d&saddr=&daddr=9320+Westview+Dr+%2318%2C+Houston%2C+TX+77055&z=16&iwloc=A&z=auto
미아 스킨 케어,"9320 Westview Dr #18, Houston, TX 77055",713) 498-5317 / 972) 247-2888 / 281) 493-3330 / 972) 250-3474 / 972) 618-2000 / 405) 681-6464 / 713) 266-4989 / 972-677-7477 / 512) 373-8080 / 713) 266-0900,https://maps.google.com/maps?f=d&source=s_d&saddr=&daddr=9320+Westview+Dr+%2318%2C+Houston%2C+TX+77055&z=16&iwloc=A&z=auto
미아 스킨 케어,"9320 Westview Dr #18, Houston, TX 77055",713) 498-5317,https://maps.google.com/maps?f=d&source=s_d&saddr=&daddr=9320+Westview+Dr+%2318%2C+Houston%2C+TX+77055&z=16&iwloc=A&z=auto
ABC Stock,"11261 Harry Hines Blvd. #120, Dallas, TX 75229",972) 247-2888,https://maps.google.com/maps?f=d&source=s_d&saddr=&daddr=11261+Harry+Hines+Blvd.+%23120%2C+Dallas%2C+TX+75229&z=16&iwloc=A&z=auto
스시니코,"1140 Eldridge Pkwy. #190, Houston, TX 77077",281) 493-3330,https://maps.google.com/maps?f=d&source=s_d&saddr=&daddr=1140+Eldridge+Pkwy.+%23190%2C+Houston%2C+TX+77077&z=16&iwloc=A&z=auto
블루 피시,"18149 N Dallas Pkwy. #100, Dallas, TX 75287",972) 250-3474,https://www.thebluefishsushi.com
Cathay Bank,"4100 Legacy Dr. #403, Plano, TX 75024",972) 618-2000,https://www.cathaybank.com/
한인 천주교 성당,,405) 681-6464,
하윈 인터내셔널,"7501 Harwin Dr. #106E, Houston, TX 77036",713) 266-4989,https://maps.google.com/maps?f=d&source=s_d&saddr=&daddr=7501+Harwin+Dr.+%23106E%2C+Houston%2C+TX+77036&z=16&iwloc=A&z=auto
전영주 변호사,"11500 N Stemmons Fwy #140, Dallas TX 75229",972-677-7477,https://www.johnjunlaw.com
[email protected],"11500 N Stemmons Fwy #140, Dallas TX 75229",972-677-7477,https://www.johnjunlaw.com
어스틴 뚜레쥬르,"6808 N. Lamar Blvd. #115-B, Austin, TX 78752",512) 373-8080,https://maps.google.com/maps?f=d&source=s_d&saddr=&daddr=6808+N.+Lamar+Blvd.+%23115-B%2C+Austin%2C+TX+78752&z=16&iwloc=A&z=auto
정진성 회계사,"6200 Savoy #900, Houston, TX 77036",713) 266-0900,https://maps.google.com/maps?f=d&source=s_d&saddr=&daddr=6200+Savoy+%23900%2C+Houston%2C+TX+77036&z=16&iwloc=A&z=auto
업소록,"3520 Preston Rd. #110, Frisco, TX 75034",972) 377-2777 / 972) 505-2255 / 972) 505-2210 / 972) 241-6617 / 214) 661-0828 / 214) 693-2573 / 214) 632-5313 / 469) 438-6445 / 214) 799-9030 / 512) 833-8188 / 972) 243-5656 / 972) 620-2900 / 972) 345-8289,https://maps.google.com/maps?f=d&source=s_d&saddr=&daddr=3520+Preston+Rd.+%23110%2C+Frisco%2C+TX+75034&z=16&iwloc=A&z=auto
KEES TAILOR,"3520 Preston Rd. #110, Frisco, TX 75034",972) 377-2777 / 972) 505-2255 / 972) 505-2210 / 972) 241-6617 / 214) 661-0828 / 214) 693-2573 / 214) 632-5313 / 469) 438-6445 / 214) 799-9030 / 512) 833-8188 / 972) 243-5656 / 972) 620-2900 / 972) 345-8289,https://maps.google.com/maps?f=d&source=s_d&saddr=&daddr=3520+Preston+Rd.+%23110%2C+Frisco%2C+TX+75034&z=16&iwloc=A&z=auto
KEES TAILOR,"3520 Preston Rd. #110, Frisco, TX 75034",972) 377-2777,https://maps.google.com/maps?f=d&source=s_d&saddr=&daddr=3520+Preston+Rd.+%23110%2C+Frisco%2C+TX+75034&z=16&iwloc=A&z=auto
김필조 구강외과,"4865 Hedgcoxe Rd. #300, Plano, TX 75024",972) 505-2255 / 972) 505-2210,http://www.prestoncreekoralsurgery.com
[email protected],"4865 Hedgcoxe Rd. #300, Plano, TX 75024",972) 505-2255 / 972) 505-2210,http://www.prestoncreekoralsurgery.com
H.H. Trading Center,"2588 Royal Ln. #A, Dallas, TX 75229",972) 241-6617,https://maps.google.com/maps?f=d&source=s_d&saddr=&daddr=2588+Royal+Ln.+%23A%2C+Dallas%2C+TX+75229&z=16&iwloc=A&z=auto
Good Seed 굿씨드 건축,"2560 Royal Ln #121, Dallas, TX 75229",214) 661-0828 / 214) 693-2573,https://maps.google.com/maps?f=d&source=s_d&saddr=&daddr=2560+Royal+Ln+%23121%2C+Dallas%2C+TX+75229&z=16&iwloc=A&z=auto
달라스 기독한국학교 (Dallas Christian Korean School),"631 Stillmeadow Drive, Richardson, TX 75081",214) 632-5313 / 469) 438-6445,https://maps.google.com/maps?f=d&source=s_d&saddr=&daddr=631+Stillmeadow+Drive%2C+Richardson%2C+TX+75081&z=16&iwloc=A&z=auto
[email protected],"631 Stillmeadow Drive, Richardson, TX 75081",214) 632-5313 / 469) 438-6445,https://maps.google.com/maps?f=d&source=s_d&saddr=&daddr=631+Stillmeadow+Drive%2C+Richardson%2C+TX+75081&z=16&iwloc=A&z=auto
연스 에어컨 (Youn's HVAC & R),"7812 Alderwood Place, Plano, TX 75025",214) 799-9030,https://maps.google.com/maps?f=d&source=s_d&saddr=&daddr=7812+Alderwood+Place%2C+Plano%2C+TX+75025&z=16&iwloc=A&z=auto
미카도 스시바,"9033 Research Blvd., Austin, TX 78758",512) 833-8188,https://maps.google.com/maps?f=d&source=s_d&saddr=&daddr=9033+Research+Blvd.%2C+Austin%2C+TX+78758&z=16&iwloc=A&z=auto
mikadoaustin.com,"9033 Research Blvd., Austin, TX 78758",512) 833-8188,https://maps.google.com/maps?f=d&source=s_d&saddr=&daddr=9033+Research+Blvd.%2C+Austin%2C+TX+78758&z=16&iwloc=A&z=auto
Sura Korean Bistro (수라),"2240 Royal Ln. #106, Dallas, TX 75229",972) 243-5656,https://www.surabbqdallas.com
(Mon-Sun) 11:00am ~ 10:00pm,"2240 Royal Ln. #106, Dallas, TX 75229",972) 243-5656,https://www.surabbqdallas.com
서울예술고등학교,,972) 620-2900,
플라워마운드 투터링,"2116 Gisbourne Drive, Flower Mound, TX 75028",972) 345-8289,https://maps.google.com/maps?f=d&source=s_d&saddr=&daddr=2116+Gisbourne+Drive%2C+Flower+Mound%2C+TX+75028&z=16&iwloc=A&z=auto
업소록,"3333 W Plano Pkwy, Plano, TX 75075",972) 964-5000 / 866) 464-5394 / 254) 690-3334 / 972) 241-0071 / 469) 258-0033 / 214) 483-3606 / 832) 470-8705 / 972) 943-8999 / 972) 302-1753 / 847) 809 9667 / 281) 980-6699 / 405) 677-3215,https://www.mcdavidlincoln.com
링컨 LINCOLN (David McDavid Plano Lincoln),"3333 W Plano Pkwy, Plano, TX 75075",972) 964-5000 / 866) 464-5394 / 254) 690-3334 / 972) 241-0071 / 469) 258-0033 / 214) 483-3606 / 832) 470-8705 / 972) 943-8999 / 972) 302-1753 / 847) 809 9667 / 281) 980-6699 / 405) 677-3215,https://www.mcdavidlincoln.com
링컨 LINCOLN (David McDavid Plano Lincoln),"3333 W Plano Pkwy, Plano, TX 75075",972) 964-5000 / 866) 464-5394,https://www.mcdavidlincoln.com
(Mon-Sat) 9:00am ~ 8:00pm,"3333 W Plano Pkwy, Plano, TX 75075",972) 964-5000 / 866) 464-5394,https://www.mcdavidlincoln.com
킬린 상공회,,254) 690-3334,
Suzie Q USA,"11447 Harry Hines Blvd. #103, Dallas, TX 75229",972) 241-0071,https://maps.google.com/maps?f=d&source=s_d&saddr=&daddr=11447+Harry+Hines+Blvd.+%23103%2C+Dallas%2C+TX+75229&z=16&iwloc=A&z=auto
김종태 부동산,"14455 Webb Chapel Road, Farmers Branch, TX 75234",469) 258-0033,https://maps.google.com/maps?f=d&source=s_d&saddr=&daddr=14455+Webb+Chapel+Road%2C+Farmers+Branch%2C+TX+75234&z=16&iwloc=A&z=auto
China King Buffet,"2540 N. Josey Ln. #126, Carrollton, TX 75006",214) 483-3606,https://maps.google.com/maps?f=d&source=s_d&saddr=&daddr=2540+N.+Josey+Ln.+%23126%2C+Carrollton%2C+TX+75006&z=16&iwloc=A&z=auto
ICF 교회,"4242 Interfaith way, The Woodlands, TX 77382",832) 470-8705,https://www.icfwoodlands.org
[email protected],"4242 Interfaith way, The Woodlands, TX 77382",832) 470-8705,https://www.icfwoodlands.org
99 Ranch Market (Plano),"131 W. Spring Creek Pkwy., Plano, TX 75023",972) 943-8999,https://maps.google.com/maps?f=d&source=s_d&saddr=&daddr=131+W.+Spring+Creek+Pkwy.%2C+Plano%2C+TX+75023&z=16&iwloc=A&z=auto
99ranch.com,"131 W. Spring Creek Pkwy., Plano, TX 75023",972) 943-8999,https://maps.google.com/maps?f=d&source=s_d&saddr=&daddr=131+W.+Spring+Creek+Pkwy.%2C+Plano%2C+TX+75023&z=16&iwloc=A&z=auto
Y LEE 건축,"2030 Royal Ln. Dallas, TX 75229",972) 302-1753 / 847) 809 9667,https://maps.google.com/maps?f=d&source=s_d&saddr=&daddr=2030+Royal+Ln.+Dallas%2C+TX+75229&z=16&iwloc=A&z=auto
[email protected],"2030 Royal Ln. Dallas, TX 75229",972) 302-1753 / 847) 809 9667,https://maps.google.com/maps?f=d&source=s_d&saddr=&daddr=2030+Royal+Ln.+Dallas%2C+TX+75229&z=16&iwloc=A&z=auto
99 랜치마켓 (슈가랜드),"3430 Hwy. 6, Sugar Land, TX 77478",281) 980-6699,https://maps.google.com/maps?f=d&source=s_d&saddr=&daddr=3430+Hwy.+6%2C+Sugar+Land%2C+TX+77478&z=16&iwloc=A&z=auto
99ranch.com,"3430 Hwy. 6, Sugar Land, TX 77478",281) 980-6699,https://maps.google.com/maps?f=d&source=s_d&saddr=&daddr=3430+Hwy.+6%2C+Sugar+Land%2C+TX+77478&z=16&iwloc=A&z=auto
한국식당,"4813 SE 29th Street, Del City, OK 73115",405) 677-3215,https://maps.google.com/maps?f=d&source=s_d&saddr=&daddr=4813+SE+29th+Street%2C+Del+City%2C+OK+73115&z=16&iwloc=A&z=auto
업소록,"10026 Long Point Road, Houston, TX 77055",832) 687-7676 / 817) 881-2772 / 512) 458-2477 / 512) 997-8052 / 713) 932-0240 / 972) 423-4212 / 972) 712-9898 / 817) 999-1115 / 972) 484-7710 / 972) 242-4874 / 469) 688-5663,https://maps.google.com/maps?f=d&source=s_d&saddr=&daddr=10026+Long+Point+Road%2C+Houston%2C+TX+77055&z=16&iwloc=A&z=auto
아름다운 건축/정원,"10026 Long Point Road, Houston, TX 77055",832) 687-7676 / 817) 881-2772 / 512) 458-2477 / 512) 997-8052 / 713) 932-0240 / 972) 423-4212 / 972) 712-9898 / 817) 999-1115 / 972) 484-7710 / 972) 242-4874 / 469) 688-5663,https://maps.google.com/maps?f=d&source=s_d&saddr=&daddr=10026+Long+Point+Road%2C+Houston%2C+TX+77055&z=16&iwloc=A&z=auto
아름다운 건축/정원,"10026 Long Point Road, Houston, TX 77055",832) 687-7676,https://maps.google.com/maps?f=d&source=s_d&saddr=&daddr=10026+Long+Point+Road%2C+Houston%2C+TX+77055&z=16&iwloc=A&z=auto
쿠퍼 헤어살롱 (Cooper Beauty Salon),"1741 S. Cooper Street, Arlington, TX 76010",817) 881-2772,https://maps.google.com/maps?f=d&source=s_d&saddr=&daddr=1741+S.+Cooper+Street%2C+Arlington%2C+TX+76010&z=16&iwloc=A&z=auto
코리아 하우스,"2700 W. Anderson Ln. #501, Austin, TX 78757",512) 458-2477,https://maps.google.com/maps?f=d&source=s_d&saddr=&daddr=2700+W.+Anderson+Ln.+%23501%2C+Austin%2C+TX+78757&z=16&iwloc=A&z=auto
국술원 (샌안토니오),"314 E. Hutchison #B, San Antonio, TX 78666",512) 997-8052,https://maps.google.com/maps?f=d&source=s_d&saddr=&daddr=314+E.+Hutchison+%23B%2C+San+Antonio%2C+TX+78666&z=16&iwloc=A&z=auto
그린헬스 클리닉 (Dr. 김용식),"8830 Long Point Rd. #105, Houston, TX 77055",713) 932-0240,https://www.greenhealthclinic.com
[email protected],"8830 Long Point Rd. #105, Houston, TX 77055",713) 932-0240,https://www.greenhealthclinic.com
리치살롱 (Pika Pika Hair Salon),"3420 K Ave. #214, Plano, TX 75074",972) 423-4212,https://maps.google.com/maps?f=d&source=s_d&saddr=&daddr=3420+K+Ave.+%23214%2C+Plano%2C+TX+75074&z=16&iwloc=A&z=auto
줄리 김 부동산 (JULIE KIM),"4783 Preston Rd. #100, Frisco, TX 75034",972) 712-9898 / 817) 999-1115,http://www.juliekim.kwrealty.com
[email protected],"4783 Preston Rd. #100, Frisco, TX 75034",972) 712-9898 / 817) 999-1115,http://www.juliekim.kwrealty.com
달라스 태멘교회,"2353 Royal Lane, Dallas, TX 75229",972) 484-7710,https://maps.google.com/maps?f=d&source=s_d&saddr=&daddr=2353+Royal+Lane%2C+Dallas%2C+TX+75229&z=16&iwloc=A&z=auto
Chase Bank - Carrollton,"3047 Old Denton Road, Carrollton, TX 75007",972) 242-4874,http://www.chase.com
1st 국제 어린이 유치원 (1st International Academy),"11316 Mathis Avenue, Dallas, TX 75229",469) 688-5663,https://maps.google.com/maps?f=d&source=s_d&saddr=&daddr=11316+Mathis+Avenue%2C+Dallas%2C+TX+75229&z=16&iwloc=A&z=auto
업소록,4070 SH 121 suite 220 Carrollton TX 75010 (오마켓 몰),972) 695-6242 / 281) 890-5380 / 469) 248-0012 / 817) 896-6522 / 972) 242-9899 / 214) 435-5577 / 972) 488-9100 / 713) 957-8665 / 972) 241-4274 / 469) 494-9234,https://maps.google.com/maps?f=d&source=s_d&saddr=&daddr=4070+SH+121+suite+220+Carrollton+TX+75010+%28%EC%98%A4%EB%A7%88%EC%BC%93+%EB%AA%B0%29&z=16&iwloc=A&z=auto
CHANMARU(찬마루),4070 SH 121 suite 220 Carrollton TX 75010 (오마켓 몰),972) 695-6242 / 281) 890-5380 / 469) 248-0012 / 817) 896-6522 / 972) 242-9899 / 214) 435-5577 / 972) 488-9100 / 713) 957-8665 / 972) 241-4274 / 469) 494-9234,https://maps.google.com/maps?f=d&source=s_d&saddr=&daddr=4070+SH+121+suite+220+Carrollton+TX+75010+%28%EC%98%A4%EB%A7%88%EC%BC%93+%EB%AA%B0%29&z=16&iwloc=A&z=auto
CHANMARU(찬마루),4070 SH 121 suite 220 Carrollton TX 75010 (오마켓 몰),972) 695-6242,https://maps.google.com/maps?f=d&source=s_d&saddr=&daddr=4070+SH+121+suite+220+Carrollton+TX+75010+%28%EC%98%A4%EB%A7%88%EC%BC%93+%EB%AA%B0%29&z=16&iwloc=A&z=auto
이광선 정형외과 (메모리얼),"915 Gessner Rd. #975, Houston, TX 77024",281) 890-5380,https://maps.google.com/maps?f=d&source=s_d&saddr=&daddr=915+Gessner+Rd.+%23975%2C+Houston%2C+TX+77024&z=16&iwloc=A&z=auto
EXCEL Chiropractic (엑셀 카이로프랙틱),2681 MacArthur Blvd Unit 103 Lewisville TX 75067,469) 248-0012,https://www.excelchirodallas.com
리틀로 교회,"1701 Walker Lane, Little Elm, TX 75068",817) 896-6522,https://maps.google.com/maps?f=d&source=s_d&saddr=&daddr=1701+Walker+Lane%2C+Little+Elm%2C+TX+75068&z=16&iwloc=A&z=auto
[email protected],"1701 Walker Lane, Little Elm, TX 75068",817) 896-6522,https://maps.google.com/maps?f=d&source=s_d&saddr=&daddr=1701+Walker+Lane%2C+Little+Elm%2C+TX+75068&z=16&iwloc=A&z=auto
99 Ranch Market (Carrollton),"2532 Old Denton Road, Carrollton, TX 75006",972) 242-9899,http://99ranch.com
(Mon-Sun) 8:00am ~ 10:00pm,"2532 Old Denton Road, Carrollton, TX 75006",972) 242-9899,http://99ranch.com
제이슨 유 자동차 (카코밴),,214) 435-5577,
넘버원 플러스 치킨 (No.1 Plus Chicken),"2240 Royal Ln #103, Dallas, TX 75229",972) 488-9100,https://no1pluschicken.com/
[email protected],"2240 Royal Ln #103, Dallas, TX 75229",972) 488-9100,https://no1pluschicken.com/
엠파이어 툴 (Empire Tools),"6327 W. 34th Street, Houston, TX 77092",713) 957-8665,https://maps.google.com/maps?f=d&source=s_d&saddr=&daddr=6327+W.+34th+Street%2C+Houston%2C+TX+77092&z=16&iwloc=A&z=auto
empiretools.com,"6327 W. 34th Street, Houston, TX 77092",713) 957-8665,https://maps.google.com/maps?f=d&source=s_d&saddr=&daddr=6327+W.+34th+Street%2C+Houston%2C+TX+77092&z=16&iwloc=A&z=auto
Q 당구장,"3068 Forest Ln. #115, Dallas, TX 75234",972) 241-4274,https://maps.google.com/maps?f=d&source=s_d&saddr=&daddr=3068+Forest+Ln.+%23115%2C+Dallas%2C+TX+75234&z=16&iwloc=A&z=auto
Mom’s Kitchen,"1016 E Hebron Pkwy Ste 148 Carrollton, TX 75010",469) 494-9234,https://maps.google.com/maps?f=d&source=s_d&saddr=&daddr=1016+E+Hebron+Pkwy+Ste+148+Carrollton%2C+TX+75010&z=16&iwloc=A&z=auto
업소록,"10201 Garland Road, Dallas, TX 75218",214) 557-3355 / 972) 523-8473 / 214) 361-0800 / 832) 367-1552 / 713) 266-6624 / 972) 313-9191 / 817-875-2992 / 972) 484-6090 / 972) 480.1333 / 817) 460-9998 / 972) 807-2085 / 972) 243-3686,https://maps.google.com/maps?f=d&source=s_d&saddr=&daddr=10201+Garland+Road%2C+Dallas%2C+TX+75218&z=16&iwloc=A&z=auto
Golden Glaze 도넛장비,"10201 Garland Road, Dallas, TX 75218",214) 557-3355 / 972) 523-8473 / 214) 361-0800 / 832) 367-1552 / 713) 266-6624 / 972) 313-9191 / 817-875-2992 / 972) 484-6090 / 972) 480.1333 / 817) 460-9998 / 972) 807-2085 / 972) 243-3686,https://maps.google.com/maps?f=d&source=s_d&saddr=&daddr=10201+Garland+Road%2C+Dallas%2C+TX+75218&z=16&iwloc=A&z=auto
Golden Glaze 도넛장비,"10201 Garland Road, Dallas, TX 75218",214) 557-3355,https://maps.google.com/maps?f=d&source=s_d&saddr=&daddr=10201+Garland+Road%2C+Dallas%2C+TX+75218&z=16&iwloc=A&z=auto
제임스리 부동산,"10501 Waters Drive, Irving, TX 75063",972) 523-8473,http://www.dallaszip.com
Young's Tailor,"10455 N. Central Expy. #109-A, Dallas, TX 75231",214) 361-0800,https://maps.google.com/maps?f=d&source=s_d&saddr=&daddr=10455+N.+Central+Expy.+%23109-A%2C+Dallas%2C+TX+75231&z=16&iwloc=A&z=auto
휴스턴 테니스협회,,832) 367-1552,
지수 트레이딩,"6701 Harwin Dr. #120, Houston, TX 77036",713) 266-6624,https://maps.google.com/maps?f=d&source=s_d&saddr=&daddr=6701+Harwin+Dr.+%23120%2C+Houston%2C+TX+77036&z=16&iwloc=A&z=auto
베스트 유리,"1015 N. !-35E. #212, Carrollton, TX 75006",972) 313-9191,https://maps.google.com/maps?f=d&source=s_d&saddr=&daddr=1015+N.+%21-35E.+%23212%2C+Carrollton%2C+TX+75006&z=16&iwloc=A&z=auto
NJ Technology (LED),"3855 Frankford #102, Dallas, TX 75287",817-875-2992,https://maps.google.com/maps?f=d&source=s_d&saddr=&daddr=3855+Frankford+%23102%2C+Dallas%2C+TX+75287&z=16&iwloc=A&z=auto
서울가든 (달라스),"2502 Royal Ln. #103, Dallas, TX 75229",972) 484-6090 / 972) 480.1333,http://www.seoulgardentexas.com
(Mon-Sun) 11:00am ~ 09:00pm,"2502 Royal Ln. #103, Dallas, TX 75229",972) 484-6090 / 972) 480.1333,http://www.seoulgardentexas.com
SB Food Depot,"2125 E. Division Street, Arlington, TX 76011",817) 460-9998,https://www.sbfooddepot.com
Quick Body & Paint,"114343 N. Stemmons Fwy. #100, Dallas, TX 75229",972) 807-2085 / 972) 243-3686,https://maps.google.com/maps?f=d&source=s_d&saddr=&daddr=114343+N.+Stemmons+Fwy.+%23100%2C+Dallas%2C+TX+75229&z=16&iwloc=A&z=auto
업소록,"14730 Beach Blvd Suite 106, La Mirada, CA 90638",888.484.8282 / 972.645.0016 / 214) 457-2015 / 281) 638-1937 / 469) 774-5523 / 469) 348-6599 / 832) 689-4339 / 469-233-1399 / 713) 596-2817 / 713) 596-2888 / 469.289.6862 / 469) 916-1099 / 214) 923-5940 / 972) 424-8023,https://maps.google.com/maps?f=d&source=s_d&saddr=&daddr=14730+Beach+Blvd+Suite+106%2C+La+Mirada%2C+CA+90638&z=16&iwloc=A&z=auto
JSB Mortgage Corp.,"14730 Beach Blvd Suite 106, La Mirada, CA 90638",888.484.8282 / 972.645.0016 / 214) 457-2015 / 281) 638-1937 / 469) 774-5523 / 469) 348-6599 / 832) 689-4339 / 469-233-1399 / 713) 596-2817 / 713) 596-2888 / 469.289.6862 / 469) 916-1099 / 214) 923-5940 / 972) 424-8023,https://maps.google.com/maps?f=d&source=s_d&saddr=&daddr=14730+Beach+Blvd+Suite+106%2C+La+Mirada%2C+CA+90638&z=16&iwloc=A&z=auto
JSB Mortgage Corp.,"14730 Beach Blvd Suite 106, La Mirada, CA 90638",888.484.8282 / 972.645.0016,https://maps.google.com/maps?f=d&source=s_d&saddr=&daddr=14730+Beach+Blvd+Suite+106%2C+La+Mirada%2C+CA+90638&z=16&iwloc=A&z=auto
한인 이민생활 상담소,"14420 County Road 2919, Eustace, TX 75124",214) 457-2015,https://maps.google.com/maps?f=d&source=s_d&saddr=&daddr=14420+County+Road+2919%2C+Eustace%2C+TX+75124&z=16&iwloc=A&z=auto
코너스톤 장로교회,"2565-C Eldridge Road, Sugar Land, TX 77478",281) 638-1937,https://maps.google.com/maps?f=d&source=s_d&saddr=&daddr=2565-C+Eldridge+Road%2C+Sugar+Land%2C+TX+77478&z=16&iwloc=A&z=auto
강애경 플라워,,469) 774-5523 / 469) 348-6599,http://www.kangsflower.com
[email protected],,469) 774-5523 / 469) 348-6599,http://www.kangsflower.com
정목수,,832) 689-4339,
KMS,,469-233-1399,
아메리칸 제일은행 (본점 - Houston),"9999 Bellaire Blvd., Houston, TX 77036",713) 596-2817 / 713) 596-2888,https://afnb.com
"(Mon-Thu) 9:00am ~ 5:00pm, (Fri) 9:00am ~ 5:30pm, (Sat) 9:00am ~ 1:00pm","9999 Bellaire Blvd., Houston, TX 77036",713) 596-2817 / 713) 596-2888,https://afnb.com
달곱창,"1060 W Frankford Rd #115, Carrollton, TX 75007",469.289.6862,https://maps.google.com/maps?f=d&source=s_d&saddr=&daddr=1060+W+Frankford+Rd+%23115%2C+Carrollton%2C+TX+75007&z=16&iwloc=A&z=auto
ECA 보안업체 (ECA Security Company),"2035 Royal Ln. #290, Dallas, TX 75229",469) 916-1099 / 214) 923-5940,http://www.ecasecurity.com
(Mon-Fri) 9:00am ~ 5:00pm,"2035 Royal Ln. #290, Dallas, TX 75229",469) 916-1099 / 214) 923-5940,http://www.ecasecurity.com
디아트 치과 Dental Clinic (플래노),"3420 K Ave. #140, Plano, TX 75074",972) 424-8023,http://www.d-artdental.com/
[email protected],"3420 K Ave. #140, Plano, TX 75074",972) 424-8023,http://www.d-artdental.com/
업소록,"3800 S Central Expy, McKinney, TX 75069",214) 544-4900 / 713) 446-5718 / 405) 735-7711 / 972) 362-1112 / 469) 231-2733 / 972) 951-1269 / 291) 359-5425 / 512-216-8100 / 832) 541-3523 / 832) 630-6350,https://www.nissanofmckinney.com
니산 NISSAN (Nissan of McKinney),"3800 S Central Expy, McKinney, TX 75069",214) 544-4900 / 713) 446-5718 / 405) 735-7711 / 972) 362-1112 / 469) 231-2733 / 972) 951-1269 / 291) 359-5425 / 512-216-8100 / 832) 541-3523 / 832) 630-6350,https://www.nissanofmckinney.com
니산 NISSAN (Nissan of McKinney),"3800 S Central Expy, McKinney, TX 75069",214) 544-4900,https://www.nissanofmckinney.com
(Mon-Sat) 8:30am ~ 9:00pm,"3800 S Central Expy, McKinney, TX 75069",214) 544-4900,https://www.nissanofmckinney.com
나사장로교회,"215 Newport Blvd., League, TX 77573",713) 446-5718,https://www.nasachurch.org
엘림 한의원,"1222 N. Eastern Avenue, Moore, OK 73160",405) 735-7711,https://maps.google.com/maps?f=d&source=s_d&saddr=&daddr=1222+N.+Eastern+Avenue%2C+Moore%2C+OK+73160&z=16&iwloc=A&z=auto
홍성유 변호사(CBI IMMIGRATION LAW),"11500 N. Stemmons Fwy, suite 130, Dallas, TX 75229",972) 362-1112,https://www.cbiimmigrationlaw.com
[email protected],"11500 N. Stemmons Fwy, suite 130, Dallas, TX 75229",972) 362-1112,https://www.cbiimmigrationlaw.com
달라스 한국학교 (New Korean School of Dallas) 캐롤튼 캠퍼스,"3114 Old Denton Rd.Carrollton, TX 75007",469) 231-2733,https://www.newksd.org
[email protected],"3114 Old Denton Rd.Carrollton, TX 75007",469) 231-2733,https://www.newksd.org
이일근 바이올린 개인교습,,972) 951-1269,
국술원 (킹우드),"910 Russell Palmer Road, Kingwood, TX 77339",291) 359-5425,https://maps.google.com/maps?f=d&source=s_d&saddr=&daddr=910+Russell+Palmer+Road%2C+Kingwood%2C+TX+77339&z=16&iwloc=A&z=auto
Capstone Commercial 캡스톤 부동산 회사,,512-216-8100,
[email protected],,512-216-8100,
휴스턴 마음 수련회,"1674 Beaconshire Road, Houston, TX 77077",832) 541-3523,https://maps.google.com/maps?f=d&source=s_d&saddr=&daddr=1674+Beaconshire+Road%2C+Houston%2C+TX+77077&z=16&iwloc=A&z=auto
그레이스 홍 부동산,"3032 Marina Bay Drive, League City, TX 77573",832) 630-6350,https://maps.google.com/maps?f=d&source=s_d&saddr=&daddr=3032+Marina+Bay+Drive%2C+League+City%2C+TX+77573&z=16&iwloc=A&z=auto
업소록,"2006 N.W.S. Young Dr. #40, Killeen, TX 76543",254) 554-7554 / 214) 597-5298 / 713) 464-4441 / 469) 684-0037 / 214) 998-0155 / 469) 878-8919 / 972) 423-4082 / 469) 569-4804 / 214) 316-0595 / 832.997.7878,https://maps.google.com/maps?f=d&source=s_d&saddr=&daddr=2006+N.W.S.+Young+Dr.+%2340%2C+Killeen%2C+TX+76543&z=16&iwloc=A&z=auto
디럭스 클리너,"2006 N.W.S. Young Dr. #40, Killeen, TX 76543",254) 554-7554 / 214) 597-5298 / 713) 464-4441 / 469) 684-0037 / 214) 998-0155 / 469) 878-8919 / 972) 423-4082 / 469) 569-4804 / 214) 316-0595 / 832.997.7878,https://maps.google.com/maps?f=d&source=s_d&saddr=&daddr=2006+N.W.S.+Young+Dr.+%2340%2C+Killeen%2C+TX+76543&z=16&iwloc=A&z=auto
디럭스 클리너,"2006 N.W.S. Young Dr. #40, Killeen, TX 76543",254) 554-7554,https://maps.google.com/maps?f=d&source=s_d&saddr=&daddr=2006+N.W.S.+Young+Dr.+%2340%2C+Killeen%2C+TX+76543&z=16&iwloc=A&z=auto
케빈조 길부동산,"11498 Luna Rd. #104, Dallas, TX 75229",214) 597-5298,https://maps.google.com/maps?f=d&source=s_d&saddr=&daddr=11498+Luna+Rd.+%23104%2C+Dallas%2C+TX+75229&z=16&iwloc=A&z=auto
서울안경,"9867 Long Point Road, Houston, TX 77055",713) 464-4441,https://maps.google.com/maps?f=d&source=s_d&saddr=&daddr=9867+Long+Point+Road%2C+Houston%2C+TX+77055&z=16&iwloc=A&z=auto
생명샘교회,"2015 E. Peters Colony Road, Carrollton, TX 75007",469) 684-0037,https://www.livingsam.org
[email protected],"2015 E. Peters Colony Road, Carrollton, TX 75007",469) 684-0037,https://www.livingsam.org
Brother 청소서비스,,214) 998-0155,
한교회,"5701 W. Park Boulevard, Plano, TX 75093",469) 878-8919,https://maps.google.com/maps?f=d&source=s_d&saddr=&daddr=5701+W.+Park+Boulevard%2C+Plano%2C+TX+75093&z=16&iwloc=A&z=auto
5호점 모짜르트 플레이노 (Mozart Bakery),"3420 K. Ave #156, Plano, TX 75074",972) 423-4082,https://maps.google.com/maps?f=d&source=s_d&saddr=&daddr=3420+K.+Ave+%23156%2C+Plano%2C+TX+75074&z=16&iwloc=A&z=auto
서보숙 부동산,"705 N. Main Street, Grapevine, TX 76051",469) 569-4804,https://maps.google.com/maps?f=d&source=s_d&saddr=&daddr=705+N.+Main+Street%2C+Grapevine%2C+TX+76051&z=16&iwloc=A&z=auto
Lee Mullen 강 부동산,"11955 N. Dallas Pkwy. #300, Frisco, TX 75033",214) 316-0595,https://www.LeeMullenhomes.com
핫썸 치킨(Hotsome chicken),"2405 S. Stemmons Fwy, Lewisville, TX 75067 (시온마켓 푸드코트)",832.997.7878,https://maps.google.com/maps?f=d&source=s_d&saddr=&daddr=2405+S.+Stemmons+Fwy%2C+Lewisville%2C+TX+75067+%28%EC%8B%9C%EC%98%A8%EB%A7%88%EC%BC%93+%ED%91%B8%EB%93%9C%EC%BD%94%ED%8A%B8%29&z=16&iwloc=A&z=auto
업소록,"7420 Harwin Dr. #B, Houston, TX 77036",972) 765-8086 / 713) 782-9343 / 972) 323-9800 / 817) 249-9191 / 713) 952-9931 / 972) 620-7331 / 713) 988-5201 / 512) 347-7575 / 972) 768-6225,https://maps.google.com/maps?f=d&source=s_d&saddr=&daddr=7420+Harwin+Dr.+%23B%2C+Houston%2C+TX+77036&z=16&iwloc=A&z=auto
Cellist Journey Choi,"7420 Harwin Dr. #B, Houston, TX 77036",972) 765-8086 / 713) 782-9343 / 972) 323-9800 / 817) 249-9191 / 713) 952-9931 / 972) 620-7331 / 713) 988-5201 / 512) 347-7575 / 972) 768-6225,https://maps.google.com/maps?f=d&source=s_d&saddr=&daddr=7420+Harwin+Dr.+%23B%2C+Houston%2C+TX+77036&z=16&iwloc=A&z=auto
Cellist Journey Choi,,972) 765-8086,
[email protected],,972) 765-8086,
SK 휴스턴,"7420 Harwin Dr. #B, Houston, TX 77036",713) 782-9343,https://maps.google.com/maps?f=d&source=s_d&saddr=&daddr=7420+Harwin+Dr.+%23B%2C+Houston%2C+TX+77036&z=16&iwloc=A&z=auto
뚜레주르 캐롤튼 (Tous Les Jours),"2625 Old Denton Road #220, Carrollton, TX 75007",972) 323-9800,https://maps.google.com/maps?f=d&source=s_d&saddr=&daddr=2625+Old+Denton+Road+%23220%2C+Carrollton%2C+TX+75007&z=16&iwloc=A&z=auto
나이스 헤어,"8936 Benbrook Blvd. #8, Benbrook, TX 76126",817) 249-9191,https://maps.google.com/maps?f=d&source=s_d&saddr=&daddr=8936+Benbrook+Blvd.+%238%2C+Benbrook%2C+TX+76126&z=16&iwloc=A&z=auto
H마트 (어스틴점),"11301 Lakeline Blvd., Austin, TX 78717",,http://www.hmart.com
(Mon-Sun) 8:00am ~ 10:00pm,"11301 Lakeline Blvd., Austin, TX 78717",,http://www.hmart.com
박 임포트,"9889 Harwin Dr. #104, Houston, TX 77036",713) 952-9931,https://www.parkimports.net
박연선 세무사,"3010 LBJ Fwy. #760, Dallas, TX 75234",972) 620-7331,https://maps.google.com/maps?f=d&source=s_d&saddr=&daddr=3010+LBJ+Fwy.+%23760%2C+Dallas%2C+TX+75234&z=16&iwloc=A&z=auto
휴스턴 구세군 봉사 센타,,713) 988-5201,
버클리 아카데미 (Berkeley Academy) Westlake Austin,"7035 Bee Cave Rd. #100, Austin, TX 78746",512) 347-7575,https://www.berkeley2academy.com
[email protected],"7035 Bee Cave Rd. #100, Austin, TX 78746",512) 347-7575,https://www.berkeley2academy.com
Yubinsoft,"800 Lakeside Circle #714, Lewisville, TX 75057",972) 768-6225,https://www.yubinsoft.com
업소록,"905 Wilson Ranch Pl, Cedar Park, TX 78613",512) 552-5304 / 972) 395-8422 / 972) 395-8400 / 469) 235-3706 / 972) 656-9677 / 713) 269-3000 / 254) 634-7050 / 281) 599-8000 / 972) 243-3621 / 713) 835-2441 / 713) 463-5954,https://maps.google.com/maps?f=d&source=s_d&saddr=&daddr=905+Wilson+Ranch+Pl%2C+Cedar+Park%2C+TX+78613&z=16&iwloc=A&z=auto
Chad Realty (채드 부동산),"905 Wilson Ranch Pl, Cedar Park, TX 78613",512) 552-5304 / 972) 395-8422 / 972) 395-8400 / 469) 235-3706 / 972) 656-9677 / 713) 269-3000 / 254) 634-7050 / 281) 599-8000 / 972) 243-3621 / 713) 835-2441 / 713) 463-5954,https://maps.google.com/maps?f=d&source=s_d&saddr=&daddr=905+Wilson+Ranch+Pl%2C+Cedar+Park%2C+TX+78613&z=16&iwloc=A&z=auto
Chad Realty (채드 부동산),"905 Wilson Ranch Pl, Cedar Park, TX 78613",512) 552-5304,https://maps.google.com/maps?f=d&source=s_d&saddr=&daddr=905+Wilson+Ranch+Pl%2C+Cedar+Park%2C+TX+78613&z=16&iwloc=A&z=auto
chadyoon.com,"905 Wilson Ranch Pl, Cedar Park, TX 78613",512) 552-5304,https://maps.google.com/maps?f=d&source=s_d&saddr=&daddr=905+Wilson+Ranch+Pl%2C+Cedar+Park%2C+TX+78613&z=16&iwloc=A&z=auto
뉴송 교회,"4220 Fairway Drive, Carrollton, TX 75010",972) 395-8422 / 972) 395-8400,https://www.newsongdallas.org
Dry & Laundry Sale & Service,"4248 Winding Brook Drive, Plano, TX 75093",469) 235-3706,https://maps.google.com/maps?f=d&source=s_d&saddr=&daddr=4248+Winding+Brook+Drive%2C+Plano%2C+TX+75093&z=16&iwloc=A&z=auto
모던 사운드 스튜디오 (Modern Sound Studio),"1445 MacArthur Dr #248, Carrollton, TX 75007",972) 656-9677,https://maps.google.com/maps?f=d&source=s_d&saddr=&daddr=1445+MacArthur+Dr+%23248%2C+Carrollton%2C+TX+75007&z=16&iwloc=A&z=auto
이희경 부동산,,713) 269-3000,
갈멜산기도원,"1009 White Cedar Trail, Killeen, TX 76542",254) 634-7050,https://maps.google.com/maps?f=d&source=s_d&saddr=&daddr=1009+White+Cedar+Trail%2C+Killeen%2C+TX+76542&z=16&iwloc=A&z=auto
화랑 타이거스태권도,"1717 S. Mason Road, Katy, TX 77450",281) 599-8000,https://maps.google.com/maps?f=d&source=s_d&saddr=&daddr=1717+S.+Mason+Road%2C+Katy%2C+TX+77450&z=16&iwloc=A&z=auto
Any-Fill Self Storage,"11011 Indian Trail, Dallas, TX 75229",972) 243-3621,https://maps.google.com/maps?f=d&source=s_d&saddr=&daddr=11011+Indian+Trail%2C+Dallas%2C+TX+75229&z=16&iwloc=A&z=auto
맥아더 아파트,"9616 Long Point Road, Houston, TX 77055",713) 835-2441,https://maps.google.com/maps?f=d&source=s_d&saddr=&daddr=9616+Long+Point+Road%2C+Houston%2C+TX+77055&z=16&iwloc=A&z=auto
언덕교회,"1353 Witte Road, Houston, TX 77055",713) 463-5954,http://www.hilltophouston.org/xe/
[email protected],"1353 Witte Road, Houston, TX 77055",713) 463-5954,http://www.hilltophouston.org/xe/
업소록,"3131 Custer Rd. #100, Plano, TX 75075",972) 599-0050 / 713) 248-8818 / 469 427 4250 / 469 531 2547 / 972) 488-4653 / 214) 347-8400 / 972) 330-6792 / 972) 733-0223 / 903) 962-6325 / 713) 722-0700 / 972) 243-4046,https://maps.google.com/maps?f=d&source=s_d&saddr=&daddr=3131+Custer+Rd.+%23100%2C+Plano%2C+TX+75075&z=16&iwloc=A&z=auto
슈와리 뷰티센터,"3131 Custer Rd. #100, Plano, TX 75075",972) 599-0050 / 713) 248-8818 / 469 427 4250 / 469 531 2547 / 972) 488-4653 / 214) 347-8400 / 972) 330-6792 / 972) 733-0223 / 903) 962-6325 / 713) 722-0700 / 972) 243-4046,https://maps.google.com/maps?f=d&source=s_d&saddr=&daddr=3131+Custer+Rd.+%23100%2C+Plano%2C+TX+75075&z=16&iwloc=A&z=auto
슈와리 뷰티센터,"3131 Custer Rd. #100, Plano, TX 75075",972) 599-0050,https://maps.google.com/maps?f=d&source=s_d&saddr=&daddr=3131+Custer+Rd.+%23100%2C+Plano%2C+TX+75075&z=16&iwloc=A&z=auto
모닝스타 유샛별 부동산,"1549 Campbell Road, Houston, TX 77055",713) 248-8818,https://maps.google.com/maps?f=d&source=s_d&saddr=&daddr=1549+Campbell+Road%2C+Houston%2C+TX+77055&z=16&iwloc=A&z=auto
W울타리몰 (농수산식품),"4060 SH 121 Suite 162, Carrollton, TX 75010",469 427 4250 / 469 531 2547,https://maps.google.com/maps?f=d&source=s_d&saddr=&daddr=4060+SH+121+Suite+162%2C+Carrollton%2C+TX+75010&z=16&iwloc=A&z=auto
Royal Gold & Silver,"11360 Emerald Street, Dallas, TX 75229",972) 488-4653,https://maps.google.com/maps?f=d&source=s_d&saddr=&daddr=11360+Emerald+Street%2C+Dallas%2C+TX+75229&z=16&iwloc=A&z=auto
달라스 충현장로교회,"11722 Cromwell Drive, Dallas, TX 75229",214) 347-8400,http://www.ichoonghyun.com
블루워터 수영장 서비스,,972) 330-6792,
Sushi Yokohama,"19009 Preston Road, Dallas, TX 75252",972) 733-0223,https://www.bestsushiyokohama.com
Joshua 기도원,"260 Van Zandt County Rd. #1717, Grand Saline, TX 75140",903) 962-6325,https://maps.google.com/maps?f=d&source=s_d&saddr=&daddr=260+Van+Zandt+County+Rd.+%231717%2C+Grand+Saline%2C+TX+75140&z=16&iwloc=A&z=auto
줌마분식,"1302 Blalock Road, Houston, TX 77055",713) 722-0700,https://maps.google.com/maps?f=d&source=s_d&saddr=&daddr=1302+Blalock+Road%2C+Houston%2C+TX+77055&z=16&iwloc=A&z=auto
엠마오 서점,"2240 Royal Lane #202, Dallas, TX 75229",972) 243-4046,https://maps.google.com/maps?f=d&source=s_d&saddr=&daddr=2240+Royal+Lane+%23202%2C+Dallas%2C+TX+75229&z=16&iwloc=A&z=auto
업소록,"1302 Blalock Rd, Houston, TX 77055",713) 932-9977 / 972) 900-8444 / 214-790-3190 / 214) 731-6257 / 469-900-8333 / 469) 289-0367 / 214) 907-9090 / 972-215-7855 / 972.466.0001 / 214) 696-0027,https://maps.google.com/maps?f=d&source=s_d&saddr=&daddr=1302+Blalock+Rd%2C+Houston%2C+TX+77055&z=16&iwloc=A&z=auto
드림 핸드폰 (H마트 내),"1302 Blalock Rd, Houston, TX 77055",713) 932-9977 / 972) 900-8444 / 214-790-3190 / 214) 731-6257 / 469-900-8333 / 469) 289-0367 / 214) 907-9090 / 972-215-7855 / 972.466.0001 / 214) 696-0027,https://maps.google.com/maps?f=d&source=s_d&saddr=&daddr=1302+Blalock+Rd%2C+Houston%2C+TX+77055&z=16&iwloc=A&z=auto
드림 핸드폰 (H마트 내),"1302 Blalock Rd, Houston, TX 77055",713) 932-9977,https://maps.google.com/maps?f=d&source=s_d&saddr=&daddr=1302+Blalock+Rd%2C+Houston%2C+TX+77055&z=16&iwloc=A&z=auto
토요다 TOYOTA (SportCity Toyota & SCION),"12650 LBJ Freeway, Dallas, TX 75228",972) 900-8444,http://www.sportcitytoyota.com
(Mon-Sat) 9:00am ~ 9:00pm,"12650 LBJ Freeway, Dallas, TX 75228",972) 900-8444,http://www.sportcitytoyota.com
이지나 부동산,,214-790-3190,
Lee's Therapy ( 구 인성 내츄럴/ 리즈 테라피),"1458, 1017 E Trinity Mills Rd #108, Carrollton, TX 75006",214) 731-6257,https://maps.google.com/maps?f=d&source=s_d&saddr=&daddr=1458%2C+1017+E+Trinity+Mills+Rd+%23108%2C+Carrollton%2C+TX+75006&z=16&iwloc=A&z=auto
양꼬치 전문점 CRAZY BBQ,"1017 E. Trinity Mills Rd. #120 Carrollton, TX 75007",469-900-8333,https://maps.google.com/maps?f=d&source=s_d&saddr=&daddr=1017+E.+Trinity+Mills+Rd.+%23120+Carrollton%2C+TX+75007&z=16&iwloc=A&z=auto
북창동 순두부 (BCD Tofu House),"1050 E Trinity Mills Rd, Carrollton, TX 75006",469) 289-0367,https://maps.google.com/maps?f=d&source=s_d&saddr=&daddr=1050+E+Trinity+Mills+Rd%2C+Carrollton%2C+TX+75006&z=16&iwloc=A&z=auto
B & K 플러밍,,214) 907-9090,
송미혜 피부과,"1428 W Hebron Pkwy Ste 120 Carrollton, TX 75010",972-215-7855,https://www.songdermatology.com
"Mon-Fri 8am-5pm, 1st/ 3rd Sat 9am-1pm","1428 W Hebron Pkwy Ste 120 Carrollton, TX 75010",972-215-7855,https://www.songdermatology.com
아발론 헤어 스튜디오 Avalon Hair Studio,"2701 Old Denton Rd. Carrollton, TX 75007",972.466.0001,https://maps.google.com/maps?f=d&source=s_d&saddr=&daddr=2701+Old+Denton+Rd.+Carrollton%2C+TX+75007&z=16&iwloc=A&z=auto
CEL 영어학원,"3434 Forest Lane, Dallas, TX 75234",214) 696-0027,https://www.english-classes.com
[email protected],"3434 Forest Lane, Dallas, TX 75234",214) 696-0027,https://www.english-classes.com
업소록,"2405 S Stemmons Fwy #222 Lewisville, TX 75067 (시온마트2층)",214) 513-9842 / 210) 341-8706 / 214) 426-1677 / 214) 428-2541 / 817) 247-0754 / 469) 549-0230 / 214) 476-6818 / 972-352-8072 / 972) 247-6877 / 214) 635-8241 / 972) 820-0747 / 972) 800-2486 / 214) 499-7068,https://maps.google.com/maps?f=d&source=s_d&saddr=&daddr=2405+S+Stemmons+Fwy+%23222+Lewisville%2C+TX+75067+%28%EC%8B%9C%EC%98%A8%EB%A7%88%ED%8A%B82%EC%B8%B5%29&z=16&iwloc=A&z=auto
YES Billiard 당구장 / 시온마켓,"2405 S Stemmons Fwy #222 Lewisville, TX 75067 (시온마트2층)",214) 513-9842 / 210) 341-8706 / 214) 426-1677 / 214) 428-2541 / 817) 247-0754 / 469) 549-0230 / 214) 476-6818 / 972-352-8072 / 972) 247-6877 / 214) 635-8241 / 972) 820-0747 / 972) 800-2486 / 214) 499-7068,https://maps.google.com/maps?f=d&source=s_d&saddr=&daddr=2405+S+Stemmons+Fwy+%23222+Lewisville%2C+TX+75067+%28%EC%8B%9C%EC%98%A8%EB%A7%88%ED%8A%B82%EC%B8%B5%29&z=16&iwloc=A&z=auto
YES Billiard 당구장 / 시온마켓,"2405 S Stemmons Fwy #222 Lewisville, TX 75067 (시온마트2층)",214) 513-9842,https://maps.google.com/maps?f=d&source=s_d&saddr=&daddr=2405+S+Stemmons+Fwy+%23222+Lewisville%2C+TX+75067+%28%EC%8B%9C%EC%98%A8%EB%A7%88%ED%8A%B82%EC%B8%B5%29&z=16&iwloc=A&z=auto
연합감리교회,"5705 Blanco Road, San Antonio, TX 78216",210) 341-8706,http://www.sakumc.org
Friendly Liquor Store,"5431 S. Lamar Street, Dallas, TX 75215",214) 426-1677 / 214) 428-2541,https://maps.google.com/maps?f=d&source=s_d&saddr=&daddr=5431+S.+Lamar+Street%2C+Dallas%2C+TX+75215&z=16&iwloc=A&z=auto
DFW 한국학교 협의회,,817) 247-0754,
All American Flooring Inc (Grapevine),"3520 N. Grapevine Mills Blvd #350, Grapevine, TX 76051",469) 549-0230,https://www.allamericanflooring.net
Ra's 바이올린 Studio,,214) 476-6818,
경일 건축,,972-352-8072,
YB 종합정비 (YB Auto Body & Repair),"11219 Shady Trail, Dallas, TX 75229",972) 247-6877 / 214) 635-8241,https://maps.google.com/maps?f=d&source=s_d&saddr=&daddr=11219+Shady+Trail%2C+Dallas%2C+TX+75229&z=16&iwloc=A&z=auto
[email protected],"11219 Shady Trail, Dallas, TX 75229",972) 247-6877 / 214) 635-8241,https://maps.google.com/maps?f=d&source=s_d&saddr=&daddr=11219+Shady+Trail%2C+Dallas%2C+TX+75229&z=16&iwloc=A&z=auto
Ceci,"2625 Old Denton Rd. #244, Carrollton, TX 75007",972) 820-0747,https://maps.google.com/maps?f=d&source=s_d&saddr=&daddr=2625+Old+Denton+Rd.+%23244%2C+Carrollton%2C+TX+75007&z=16&iwloc=A&z=auto
월드 아리랑 전통 예술원,,972) 800-2486 / 214) 499-7068,https://www.worldarirang.us
[email protected],,972) 800-2486 / 214) 499-7068,https://www.worldarirang.us
업소록,"6523 Emerald Forest Drive, Austin, TX 78745",512) 326-3225 / 469) 744-4416 / 972) 808-9888 / 817) 354-2834 / 817) 726-9593 / 972) 241-1818 / 713) 681-9261 / 713) 827-9900 / 469) 432-7322 / 512) 803-0080 / 214) 228-1469,http://www.kcc-austin.org
어스틴 한인천주교회,"6523 Emerald Forest Drive, Austin, TX 78745",512) 326-3225 / 469) 744-4416 / 972) 808-9888 / 817) 354-2834 / 817) 726-9593 / 972) 241-1818 / 713) 681-9261 / 713) 827-9900 / 469) 432-7322 / 512) 803-0080 / 214) 228-1469,http://www.kcc-austin.org
어스틴 한인천주교회,"6523 Emerald Forest Drive, Austin, TX 78745",512) 326-3225,http://www.kcc-austin.org
이경희 부동산,,469) 744-4416,
손&탠 합동 법률사무소,"7005 Chased Oak Blvd. #180, Plano, TX 75025",972) 808-9888,https://maps.google.com/maps?f=d&source=s_d&saddr=&daddr=7005+Chased+Oak+Blvd.+%23180%2C+Plano%2C+TX+75025&z=16&iwloc=A&z=auto
아우디 AUDI (DFW Audi),"1701 W. Airport Frwy, Euless, TX 76040",817) 354-2834 / 817) 726-9593,https://www.dfwaudi.com
"(Mon-Fri) 9:00am ~ 8:00pm, (Sat) 9:00am ~ 6:00pm","1701 W. Airport Frwy, Euless, TX 76040",817) 354-2834 / 817) 726-9593,https://www.dfwaudi.com
아시아나 비디오,"2240 Royal Ln. #301, Dallas, TX 75229",972) 241-1818,https://maps.google.com/maps?f=d&source=s_d&saddr=&daddr=2240+Royal+Ln.+%23301%2C+Dallas%2C+TX+75229&z=16&iwloc=A&z=auto
국제자연 무도회 (김수),"1740 Jacquelyn, Houston, TX 77055",713) 681-9261,https://maps.google.com/maps?f=d&source=s_d&saddr=&daddr=1740+Jacquelyn%2C+Houston%2C+TX+77055&z=16&iwloc=A&z=auto
심운기 가정전문의,"902 Frostwood #186, Houston, TX 77024",713) 827-9900,https://maps.google.com/maps?f=d&source=s_d&saddr=&daddr=902+Frostwood+%23186%2C+Houston%2C+TX+77024&z=16&iwloc=A&z=auto
달라스 소프트볼협회,,469) 432-7322,
좋은교회,"9507 Dassau Road, Austin, TX 78754",512) 803-0080,http://www.goodkorean.org
샤론 스킨 케어,"3131 Custer Rd #100, Plano, TX 75075",214) 228-1469,https://maps.google.com/maps?f=d&source=s_d&saddr=&daddr=3131+Custer+Rd+%23100%2C+Plano%2C+TX+75075&z=16&iwloc=A&z=auto
업소록,"751 N. Beltline Road, Irving, TX 75061",972) 790-8787 / 301.335.9841 / 940.999.0958 / 972) 438-4340 / 972)788-0304 / 817)823-8550 / 281) 804-0669 / 405) 793-0752 / 972) 394-8169 / 469.427.3036 / 915) 594-1858 / 469) 522-7399,https://maps.google.com/maps?f=d&source=s_d&saddr=&daddr=751+N.+Beltline+Road%2C+Irving%2C+TX+75061&z=16&iwloc=A&z=auto
진미용실,"751 N. Beltline Road, Irving, TX 75061",972) 790-8787 / 301.335.9841 / 940.999.0958 / 972) 438-4340 / 972)788-0304 / 817)823-8550 / 281) 804-0669 / 405) 793-0752 / 972) 394-8169 / 469.427.3036 / 915) 594-1858 / 469) 522-7399,https://maps.google.com/maps?f=d&source=s_d&saddr=&daddr=751+N.+Beltline+Road%2C+Irving%2C+TX+75061&z=16&iwloc=A&z=auto
진미용실,"751 N. Beltline Road, Irving, TX 75061",972) 790-8787,https://maps.google.com/maps?f=d&source=s_d&saddr=&daddr=751+N.+Beltline+Road%2C+Irving%2C+TX+75061&z=16&iwloc=A&z=auto
큰나무 뮤직 & 아트스쿨,"3114 Old Denton Rd. Carrollton, TX 75007 (큰나무교회)",301.335.9841 / 940.999.0958,https://maps.google.com/maps?f=d&source=s_d&saddr=&daddr=3114+Old+Denton+Rd.+Carrollton%2C+TX+75007+%28%ED%81%B0%EB%82%98%EB%AC%B4%EA%B5%90%ED%9A%8C%29&z=16&iwloc=A&z=auto
Twin Wells Golf Club,"2000 E. Shady Grove Road, Irving, TX 75060",972) 438-4340,http://www.twinwellsgc.com
Pioneer Bank (파이오니아 달라스 지점),"4135 Beltline, Suite 124 Addison, Texas 75001",972)788-0304 / 817)823-8550,https://pioneer.bank/
"(Mon-Fri)9am~5pm,(Sat-Sun)Closed","4135 Beltline, Suite 124 Addison, Texas 75001",972)788-0304 / 817)823-8550,https://pioneer.bank/
제일 침례교회,"6735 Barker Cypress, Houston, TX 77084",281) 804-0669,http://www.firstkoreanbaptist.org
[email protected],"6735 Barker Cypress, Houston, TX 77084",281) 804-0669,http://www.firstkoreanbaptist.org
Grand Master Won's Taekwondo,"10801 S Sunnylane Road, Oklahoma City, OK 73160",405) 793-0752,https://maps.google.com/maps?f=d&source=s_d&saddr=&daddr=10801+S+Sunnylane+Road%2C+Oklahoma+City%2C+OK+73160&z=16&iwloc=A&z=auto
T-Mobile (캐롤튼점),,972) 394-8169,
오렌지 Orange 여성 의류&패션 / 시온마켓,"2405 S. Stemmons Fwy., Lewisville, TX 75067",469.427.3036,https://maps.google.com/maps?f=d&source=s_d&saddr=&daddr=2405+S.+Stemmons+Fwy.%2C+Lewisville%2C+TX+75067&z=16&iwloc=A&z=auto
대구식품,"2000 N. Lee Trevino Drive, El Paso, TX 79936",915) 594-1858,https://maps.google.com/maps?f=d&source=s_d&saddr=&daddr=2000+N.+Lee+Trevino+Drive%2C+El+Paso%2C+TX+79936&z=16&iwloc=A&z=auto
단성사 (Dan Sung Sa Restaurant),"11407 Emerald St. #121, Dallas, TX 75229",469) 522-7399,https://maps.google.com/maps?f=d&source=s_d&saddr=&daddr=11407+Emerald+St.+%23121%2C+Dallas%2C+TX+75229&z=16&iwloc=A&z=auto
dansungsadallas.com,"11407 Emerald St. #121, Dallas, TX 75229",469) 522-7399,https://maps.google.com/maps?f=d&source=s_d&saddr=&daddr=11407+Emerald+St.+%23121%2C+Dallas%2C+TX+75229&z=16&iwloc=A&z=auto
업소록,"3350 Beltline Rd. #A, Farmers Branch, TX 75234",972) 484-1898 / 469) 831-9496 / 281) 497-6782 / 361) 225-4431 / 214) 760-8310 / 972) 238-7888 / 281) 496-8344 / 972) 378-9666 / 972) 820-6252,https://www.completecollisiondfw.com
Complete Collision,"3350 Beltline Rd. #A, Farmers Branch, TX 75234",972) 484-1898 / 469) 831-9496 / 281) 497-6782 / 361) 225-4431 / 214) 760-8310 / 972) 238-7888 / 281) 496-8344 / 972) 378-9666 / 972) 820-6252,https://www.completecollisiondfw.com
Complete Collision,"3350 Beltline Rd. #A, Farmers Branch, TX 75234",972) 484-1898,https://www.completecollisiondfw.com
스톤브릿지 지붕공사 (StoneBridge Roofing),"5068 W. Plano Pkwy. Suite 140 Plano, TX 75093",469) 831-9496,https://www.sbroofingusa.com
(Mon-Sat) 7:00am ~ 7:00pm,"5068 W. Plano Pkwy. Suite 140 Plano, TX 75093",469) 831-9496,https://www.sbroofingusa.com
Husteel USA Inc.,"2222 Greenhouse Rd. #500, Houston, TX 77084",281) 497-6782,https://www.husteel.com/eng/main.html
(Mon-Fri) 8:00am ~ 6:00pm,"2222 Greenhouse Rd. #500, Houston, TX 77084",281) 497-6782,https://www.husteel.com/eng/main.html
LEE & KIM CPAS TLLC,"5337 Yorktown Blvd. #301, Corpus Christi, TX 78413",361) 225-4431,https://maps.google.com/maps?f=d&source=s_d&saddr=&daddr=5337+Yorktown+Blvd.+%23301%2C+Corpus+Christi%2C+TX+78413&z=16&iwloc=A&z=auto
명보상점기구 (MB Store Fixture Co),"2126 Irving Blvd # 26, Dallas, TX 75207",214) 760-8310,https://maps.google.com/maps?f=d&source=s_d&saddr=&daddr=2126+Irving+Blvd+%23+26%2C+Dallas%2C+TX+75207&z=16&iwloc=A&z=auto
Happy Foot,"115 S. Greenville Ave. #105, Richardson, TX 75081",972) 238-7888,https://maps.google.com/maps?f=d&source=s_d&saddr=&daddr=115+S.+Greenville+Ave.+%23105%2C+Richardson%2C+TX+75081&z=16&iwloc=A&z=auto
SK 가스,"1401 Enclave Parkwy #100, Houston, TX 77077",281) 496-8344,https://maps.google.com/maps?f=d&source=s_d&saddr=&daddr=1401+Enclave+Parkwy+%23100%2C+Houston%2C+TX+77077&z=16&iwloc=A&z=auto
Dr. Shi 산부인과,"3100 Midway Rd. #169, Plano, TX 75093",972) 378-9666,https://www.drshiobgyn.com
[email protected],"3100 Midway Rd. #169, Plano, TX 75093",972) 378-9666,https://www.drshiobgyn.com
여우머리 (Fox Hair),"2625 Old Denton Rd. #560, Carrollton, TX 75007",972) 820-6252,https://maps.google.com/maps?f=d&source=s_d&saddr=&daddr=2625+Old+Denton+Rd.+%23560%2C+Carrollton%2C+TX+75007&z=16&iwloc=A&z=auto
하뭉냉면,"2625 Old Denton Rd. #320, Carrollton, TX 75007 (캐롤튼 H마트 옆에 있습니다.)",,https://maps.google.com/maps?f=d&source=s_d&saddr=&daddr=2625+Old+Denton+Rd.+%23320%2C+Carrollton%2C+TX+75007+%28%EC%BA%90%EB%A1%A4%ED%8A%BC+H%EB%A7%88%ED%8A%B8+%EC%98%86%EC%97%90+%EC%9E%88%EC%8A%B5%EB%8B%88%EB%8B%A4.%29&z=16&iwloc=A&z=auto
업소록,"2648 N. Beltline Road, Irving, TX 75062",972) 252-7677 / 817.676.6638 / 972) 841-1462 / 512) 814-6522 / 214) 316-6164 / 972) 398-9344 / 469) 867-0863 / 469) 735-6419 / 713) 691-3313 / 281) 493-2932,http://www.eocrestaurant.com
Empress of China,"2648 N. Beltline Road, Irving, TX 75062",972) 252-7677 / 817.676.6638 / 972) 841-1462 / 512) 814-6522 / 214) 316-6164 / 972) 398-9344 / 469) 867-0863 / 469) 735-6419 / 713) 691-3313 / 281) 493-2932,http://www.eocrestaurant.com
"(Mon-Thur) 11:00am ~ 10:00pm, (Fri) 11:00am ~ 11:00pm, (Sat) 11:30am ~ 11:00pm, (Sun) 11:30am ~ 10:00pm","2648 N. Beltline Road, Irving, TX 75062",972) 252-7677,http://www.eocrestaurant.com
JJ Hair 헤어,"2405 S. Stemmons Fwy, Lewisville, TX 75067 ( 시온마켓)",817.676.6638,https://maps.google.com/maps?f=d&source=s_d&saddr=&daddr=2405+S.+Stemmons+Fwy%2C+Lewisville%2C+TX+75067+%28+%EC%8B%9C%EC%98%A8%EB%A7%88%EC%BC%93%29&z=16&iwloc=A&z=auto
샤프닝 칼 & 가위,"730 N. E. 29Street, Grand Prairie, TX 75050",972) 841-1462,https://maps.google.com/maps?f=d&source=s_d&saddr=&daddr=730+N.+E.+29Street%2C+Grand+Prairie%2C+TX+75050&z=16&iwloc=A&z=auto
"Sharon Choi, CPA","12871 Research Blvd. Suite 200. Austin, TX 78750",512) 814-6522,https://www.shcaccounting.com
[email protected],"12871 Research Blvd. Suite 200. Austin, TX 78750",512) 814-6522,https://www.shcaccounting.com
어드밴스 뷰티 칼리지 (Advanced Beauty College),"3959 N. Beltline Road, Irving, TX 75038",214) 316-6164,http://www.advancedbeautycollege.net
집밥 (Jipbop),"151 W. Spring Creek Pkwy. #519, Plano, TX 75023",972) 398-9344,https://maps.google.com/maps?f=d&source=s_d&saddr=&daddr=151+W.+Spring+Creek+Pkwy.+%23519%2C+Plano%2C+TX+75023&z=16&iwloc=A&z=auto
파운틴뷰 납골당 (Fountainview Columbarium),"13005 Greenville Ave. Dallas, TX 75243",469) 867-0863,https://maps.google.com/maps?f=d&source=s_d&saddr=&daddr=13005+Greenville+Ave.+Dallas%2C+TX+75243&z=16&iwloc=A&z=auto
달라스 한인 예술인 총연합회,,469) 735-6419,
전상훈 비뇨기과,"6500 N. Frwy. #117, Houston, TX 77076",713) 691-3313,https://maps.google.com/maps?f=d&source=s_d&saddr=&daddr=6500+N.+Frwy.+%23117%2C+Houston%2C+TX+77076&z=16&iwloc=A&z=auto
스시진 가라오케,"14670 Memorial Drive, Houston, TX 77079",281) 493-2932,https://maps.google.com/maps?f=d&source=s_d&saddr=&daddr=14670+Memorial+Drive%2C+Houston%2C+TX+77079&z=16&iwloc=A&z=auto
업소록,"1101 S. Broadway St #120, Carrollton, TX 75006",469) 618-8691 / 512) 891-9969 / 512-963-7135 / 972) 810-0078 / 972) 446-0008 / 972) 488-3134 / 972) 488-3137 / 214) 402-0094 / 214) 483-3553 / 713) 576-9358 / 682) 552-0273,http://thelivingwayjesus.org/thelivingwayjesus/index.php
예수로 모든민족장로교회,"1101 S. Broadway St #120, Carrollton, TX 75006",469) 618-8691 / 512) 891-9969 / 512-963-7135 / 972) 810-0078 / 972) 446-0008 / 972) 488-3134 / 972) 488-3137 / 214) 402-0094 / 214) 483-3553 / 713) 576-9358 / 682) 552-0273,http://thelivingwayjesus.org/thelivingwayjesus/index.php
예수로 모든민족장로교회,"1101 S. Broadway St #120, Carrollton, TX 75006",469) 618-8691,http://thelivingwayjesus.org/thelivingwayjesus/index.php
박린다 안과 (Innovative Eyecare),"4301 W. William Cannon Dr. Bldg A #100, Austin, TX 78749",512) 891-9969,https://maps.google.com/maps?f=d&source=s_d&saddr=&daddr=4301+W.+William+Cannon+Dr.+Bldg+A+%23100%2C+Austin%2C+TX+78749&z=16&iwloc=A&z=auto
뷰티풀 루핑 (지붕수리),,512-963-7135,
캐롤톤 약국 (Carrollton Pharmacy),"3044 Old Denton Rd, #305. Carrollton, TX 75007",972) 810-0078,https://maps.google.com/maps?f=d&source=s_d&saddr=&daddr=3044+Old+Denton+Rd%2C+%23305.+Carrollton%2C+TX+75007&z=16&iwloc=A&z=auto
기쁨 한의원,"2701 Old Denton Rd. #180, Carrollton, TX 75007",972) 446-0008,https://maps.google.com/maps?f=d&source=s_d&saddr=&daddr=2701+Old+Denton+Rd.+%23180%2C+Carrollton%2C+TX+75007&z=16&iwloc=A&z=auto
닥터 피시 Dr. Fish INC,"2148 Royal Ln. #160, Dallas, TX 75229",972) 488-3134 / 972) 488-3137,https://maps.google.com/maps?f=d&source=s_d&saddr=&daddr=2148+Royal+Ln.+%23160%2C+Dallas%2C+TX+75229&z=16&iwloc=A&z=auto
성유림 부동산,,214) 402-0094,
YogurtLand,"2625 Old Denton Rd. #316, Carrollton, TX 75007",214) 483-3553,https://www.yogurt-land.com
(Mon-Sun) 11:00am ~ 10:00pm,"2625 Old Denton Rd. #316, Carrollton, TX 75007",214) 483-3553,https://www.yogurt-land.com
마이 카이로프랙틱,"2211 North Freeway Road, Katy, TX 77449",713) 576-9358,https://maps.google.com/maps?f=d&source=s_d&saddr=&daddr=2211+North+Freeway+Road%2C+Katy%2C+TX+77449&z=16&iwloc=A&z=auto
행복한교회,"7708 Maplewood Ave., North Richland Hills, TX 76180",682) 552-0273,https://www.happyfellowshipchurch.org
[email protected],"7708 Maplewood Ave., North Richland Hills, TX 76180",682) 552-0273,https://www.happyfellowshipchurch.org
업소록,"11500 Harry Hines Blvd. #101, Dallas, TX 75229",972) 620-9777 / 972) 330-6373 / 955) 374-8866 / 361) 356-6418 / 150544501694962 / 214) 718-9293 / 800) 991-3594,http://www.silveredgetexas.com
Silver Edge,"11500 Harry Hines Blvd. #101, Dallas, TX 75229",972) 620-9777 / 972) 330-6373 / 955) 374-8866 / 361) 356-6418 / 150544501694962 / 214) 718-9293 / 800) 991-3594,http://www.silveredgetexas.com
Silver Edge,"11500 Harry Hines Blvd. #101, Dallas, TX 75229",972) 620-9777,http://www.silveredgetexas.com
Hair I (헤어 아이),"3420 K. Ave. #212, Plano, TX 75074",972) 330-6373,https://maps.google.com/maps?f=d&source=s_d&saddr=&daddr=3420+K.+Ave.+%23212%2C+Plano%2C+TX+75074&z=16&iwloc=A&z=auto
메뉴판도매회사,"600 E. washington Blvd #C-4, Los Angeles, CA 90015",955) 374-8866,https://maps.google.com/maps?f=d&source=s_d&saddr=&daddr=600+E.+washington+Blvd+%23C-4%2C+Los+Angeles%2C+CA+90015&z=16&iwloc=A&z=auto
한인 장로교회,"4326 McArdle Road, Corpus Christi, TX 78411",361) 356-6418 / 150544501694962,https://www.facebook.com/pg/코퍼스-크리스티-한인-장로-교회-Kpccc-150544501694962/notes/
조경훈 전기공사,,214) 718-9293,
국제운송,"810 Cheshire Drive, Coppell, TX 75019",800) 991-3594,https://maps.google.com/maps?f=d&source=s_d&saddr=&daddr=810+Cheshire+Drive%2C+Coppell%2C+TX+75019&z=16&iwloc=A&z=auto
